id,text
1,"
  ""basic_identity"": 
    ""core_scaffold"": ""Aliphatic amide with a substituted benzene ring""
  ,
  ""physicochemical_profile"": 
    ""size"": ""Medium"",
    ""lipophilicity"": ""Moderately lipophilic with a XLogP of 1.397"",
    ""polarity"": ""Polar with a TPSA of 29.540000000000003"",
    ""hydrogen_bonding"": ""No hydrogen bond donors or acceptors"",
    ""flexibility"": ""Flexible with 2 rotatable bonds"",
    ""charge_state"": ""Mostly neutral""
  ,
  ""structural_features"": 
    ""rings_and_aromaticity"": ""Contains one aromatic benzene ring"",
    ""key_functional_groups"": ""Amide"",
    ""substitution_pattern"": ""The benzene ring is substituted at the ortho position by an ester group"",
    ""stereochemistry"": ""Not obvious""
  ,
  ""general_medicinal_chemistry_notes"": ""This molecule has a balance between lipophilicity and polarity, with a moderate XLogP and a high TPSA. The presence of an aromatic ring and an ester group may suggest potential chemical stability, but the lack of hydrogen bond donors or acceptors could limit its interaction with biological targets. The medium size and flexibility may make it suitable for oral administration, but further optimization might be necessary to improve its pharmacokinetic properties.""
"
2,"
  ""basic_identity"": 
    ""core_scaffold"": ""aliphatic carboxylic acid with a chloro substituent""
  ,
  ""physicochemical_profile"": 
    ""size"": ""small"",
    ""lipophilicity"": ""moderately lipophilic"",
    ""polarity"": ""polar"",
    ""hydrogen_bonding"": ""no hydrogen bond donors or acceptors"",
    ""flexibility"": ""rigid"",
    ""charge_state"": ""mostly neutral""
  ,
  ""structural_features"": 
    ""rings_and_aromaticity"": ""no rings or aromaticity"",
    ""key_functional_groups"": ""carboxylic acid, chloro"",
    ""substitution_pattern"": ""single substituent at the carboxylic acid"",
    ""stereochemistry"": ""not obvious""
  ,
  ""general_medicinal_chemistry_notes"": ""The molecule is relatively small and polar, which may facilitate drug-like properties.The chloro substituent can potentially increase lipophilicity and metabolic stability.The absence of hydrogen bond donors or acceptors may limit its interactions with biological targets.""
"
3,"
  ""basic_identity"": 
    ""core_scaffold"": ""Aliphatic chain with a terminal alkene""
  ,
  ""physicochemical_profile"": 
    ""size"": ""Small"",
    ""lipophilicity"": ""Moderately lipophilic"",
    ""polarity"": ""Low"",
    ""hydrogen_bonding"": ""No hydrogen bond donors or acceptors"",
    ""flexibility"": ""Flexible"",
    ""charge_state"": ""Mostly neutral""
  ,
  ""structural_features"": 
    ""rings_and_aromaticity"": ""No rings or aromaticity"",
    ""key_functional_groups"": ""None"",
    ""substitution_pattern"": ""Terminal substitution"",
    ""stereochemistry"": ""Not obvious""
  ,
  ""general_medicinal_chemistry_notes"": ""This molecule is relatively small and moderately lipophilic, which may make it suitable for some drug-like properties. However, its lack of polar functional groups and hydrogen bonding sites could limit its potential interactions with biological targets. The presence of a terminal alkene may introduce some chemical reactivity, which could impact its stability or metabolic fate.""
"
4,"
  ""basic_identity"": 
    ""core_scaffold"": ""Aliphatic amine""
  ,
  ""physicochemical_profile"": 
    ""size"": ""Medium"",
    ""lipophilicity"": ""Moderately lipophilic"",
    ""polarity"": ""Moderately polar"",
    ""hydrogen_bonding"": ""No hydrogen bond donors or acceptors"",
    ""flexibility"": ""Flexible"",
    ""charge_state"": ""Mostly neutral""
  ,
  ""structural_features"": 
    ""rings_and_aromaticity"": ""Contains one aromatic ring (benzene)"",
    ""key_functional_groups"": ""Amide"",
    ""substitution_pattern"": ""Two substituents on the aromatic ring"",
    ""stereochemistry"": ""Not obvious""
  ,
  ""general_medicinal_chemistry_notes"": ""This molecule has a moderate balance between lipophilicity and polarity, with a moderately polar amide group and a moderately lipophilic aromatic ring. The lack of hydrogen bond donors or acceptors may limit its interactions with biological targets. The presence of an aromatic ring suggests potential chemical stability, but the exact properties depend on the specific substituents. The medium size and flexibility could make this molecule a candidate for various applications, but its lack of hydrogen bonding may limit its oral drug-likeness.""
"
5,"
  ""basic_identity"": 
    ""core_scaffold"": ""aliphatic chain with a central cyclohexane ring and a terminal carboxylic acid""
  ,
  ""physicochemical_profile"": 
    ""size"": ""medium"",
    ""lipophilicity"": ""moderately lipophilic"",
    ""polarity"": ""moderately polar"",
    ""hydrogen_bonding"": ""contains one hydrogen bond donor and one acceptor"",
    ""flexibility"": ""flexible"",
    ""charge_state"": ""uncertain""
  ,
  ""structural_features"": 
    ""rings_and_aromaticity"": ""contains one cyclohexane ring, no aromatic rings"",
    ""key_functional_groups"": ""carboxylic acid"",
    ""substitution_pattern"": ""terminal substitution"",
    ""stereochemistry"": ""not obvious""
  ,
  ""general_medicinal_chemistry_notes"": ""This molecule has a moderate balance between lipophilicity and polarity, which is common for many drug-like compounds. However, its size and flexibility may make it challenging for oral absorption. The carboxylic acid group could potentially be a site of metabolic instability.""
"
6,"
  ""basic_identity"": 
    ""core_scaffold"": ""Aliphatic amide with a benzene ring""
  ,
  ""physicochemical_profile"": 
    ""size"": ""Medium"",
    ""lipophilicity"": ""Moderately lipophilic"",
    ""polarity"": ""Moderately polar"",
    ""hydrogen_bonding"": ""Contains one hydrogen bond donor and acceptor"",
    ""flexibility"": ""Rigid"",
    ""charge_state"": ""Mostly neutral""
  ,
  ""structural_features"": 
    ""rings_and_aromaticity"": ""Contains one aromatic benzene ring"",
    ""key_functional_groups"": ""Amide"",
    ""substitution_pattern"": ""Substituents are attached to the benzene ring"",
    ""stereochemistry"": ""Not obvious""
  ,
  ""general_medicinal_chemistry_notes"": ""This molecule has a moderate balance between lipophilicity and polarity, which is common for many drug-like molecules. The presence of an amide functional group suggests potential hydrogen bonding interactions with biological targets. The benzene ring may confer some chemical stability, but the lack of rotatable bonds suggests limited flexibility. The size and polarity of this molecule are within the range expected for many small-molecule drugs, but further investigation would be needed to assess its suitability for oral administration.""
"
7,"
  ""basic_identity"": 
    ""core_scaffold"": ""Aliphatic chain with four methyl groups""
  ,
  ""physicochemical_profile"": 
    ""size"": ""Medium"",
    ""lipophilicity"": ""Moderately lipophilic"",
    ""polarity"": ""Not polar"",
    ""hydrogen_bonding"": ""No hydrogen bond donors or acceptors"",
    ""flexibility"": ""Flexible"",
    ""charge_state"": ""Mostly neutral""
  ,
  ""structural_features"": 
    ""rings_and_aromaticity"": ""No rings or aromaticity"",
    ""key_functional_groups"": ""No functional groups"",
    ""substitution_pattern"": ""All methyl groups are directly attached to the central carbon"",
    ""stereochemistry"": ""Not obvious""
  ,
  ""general_medicinal_chemistry_notes"": ""This molecule has a moderate lipophilicity, but its lack of polar functional groups and hydrogen bonding sites may limit its solubility and interaction with biological targets. The absence of aromatic rings or heteroatoms suggests it may be metabolically stable, but this is uncertain. The overall size and flexibility are typical for a small-molecule drug.""
"
8,"
  ""basic_identity"": 
    ""core_scaffold"": ""Aliphatic chain with a carboxylic acid and an ether linkage""
  ,
  ""physicochemical_profile"": 
    ""size"": ""Medium"",
    ""lipophilicity"": ""Moderately lipophilic"",
    ""polarity"": ""Moderately polar"",
    ""hydrogen_bonding"": ""Contains one hydrogen bond donor and one acceptor"",
    ""flexibility"": ""Flexible"",
    ""charge_state"": ""Unclear""
  ,
  ""structural_features"": 
    ""rings_and_aromaticity"": ""No rings or aromaticity"",
    ""key_functional_groups"": ""Carboxylic acid, ether"",
    ""substitution_pattern"": ""Two substituents are attached to the chain"",
    ""stereochemistry"": ""Not obvious""
  ,
  ""general_medicinal_chemistry_notes"": ""This molecule has a moderate balance between lipophilicity and polarity, with a moderate number of rotatable bonds. The carboxylic acid group may make it prone to hydrolysis, while the ether linkage could potentially increase metabolic stability. The size is within the range of typical small-molecule drugs, but the polarity and lipophilicity may require careful optimization for a specific target.""
"
9,"
  ""basic_identity"": 
    ""core_scaffold"": ""Aliphatic chain with two cyclohexane rings""
  ,
  ""physicochemical_profile"": 
    ""size"": ""Medium"",
    ""lipophilicity"": ""High"",
    ""polarity"": ""Low"",
    ""hydrogen_bonding"": ""No hydrogen bond donors or acceptors"",
    ""flexibility"": ""Rigid"",
    ""charge_state"": ""Mostly neutral""
  ,
  ""structural_features"": 
    ""rings_and_aromaticity"": ""Contains two cyclohexane rings, no aromaticity"",
    ""key_functional_groups"": ""None"",
    ""substitution_pattern"": ""Two cyclohexane rings are substituted by a single carbon atom"",
    ""stereochemistry"": ""Not obvious""
  ,
  ""general_medicinal_chemistry_notes"": ""This molecule is relatively large for a small-molecule drug, and its high lipophilicity may pose challenges for drug-like properties. The lack of hydrogen bond donors or acceptors could limit its interactions with biological targets.""
"
10,"
  ""basic_identity"": 
    ""core_scaffold"": ""Aliphatic carboxylic acid""
  ,
  ""physicochemical_profile"": 
    ""size"": ""small"",
    ""lipophilicity"": ""moderate"",
    ""polarity"": ""polar"",
    ""hydrogen_bonding"": ""one hydrogen bond donor and acceptor"",
    ""flexibility"": ""one rotatable bond"",
    ""charge_state"": ""mostly neutral""
  ,
  ""structural_features"": 
    ""rings_and_aromaticity"": ""no rings or aromaticity"",
    ""key_functional_groups"": ""carboxylic acid"",
    ""substitution_pattern"": ""single substituent at the carboxylic acid"",
    ""stereochemistry"": ""not obvious""
  ,
  ""general_medicinal_chemistry_notes"": ""This molecule is relatively small and polar, with a moderate lipophilicity. It contains a carboxylic acid functional group, which can participate in hydrogen bonding. The presence of a single rotatable bond suggests some flexibility. The carboxylic acid group may be susceptible to hydrolysis under certain conditions.""
"
11,"
  ""basic_identity"": 
    ""core_scaffold"": ""aliphatic bromoalkane""
  ,
  ""physicochemical_profile"": 
    ""size"": ""medium"",
    ""lipophilicity"": ""moderately lipophilic"",
    ""polarity"": ""low"",
    ""hydrogen_bonding"": ""no hydrogen bond donors or acceptors"",
    ""flexibility"": ""rigid"",
    ""charge_state"": ""uncharged""
  ,
  ""structural_features"": 
    ""rings_and_aromaticity"": ""no rings or aromaticity"",
    ""key_functional_groups"": ""bromoalkane"",
    ""substitution_pattern"": ""monosubstituted"",
    ""stereochemistry"": ""not obvious""
  ,
  ""general_medicinal_chemistry_notes"": ""This molecule is relatively large for a small-molecule drug, and its lack of hydrogen bond donors or acceptors may limit its interactions with biological targets. The bromoalkane functional group may confer some chemical stability, but it could also make the molecule more reactive towards oxidation.""
"
12,"
  ""basic_identity"": 
    ""core_scaffold"": ""Aliphatic amine with a ketone and an alkyl chain""
  ,
  ""physicochemical_profile"": 
    ""size"": ""Medium"",
    ""lipophilicity"": ""Moderately lipophilic"",
    ""polarity"": ""Moderately polar"",
    ""hydrogen_bonding"": ""Contains one hydrogen bond donor and one acceptor"",
    ""flexibility"": ""Fairly flexible"",
    ""charge_state"": ""Mostly neutral""
  ,
  ""structural_features"": 
    ""rings_and_aromaticity"": ""No rings or aromaticity"",
    ""key_functional_groups"": ""Amide, ketone"",
    ""substitution_pattern"": ""Substituents are attached to the amide and ketone"",
    ""stereochemistry"": ""Not obvious""
  ,
  ""general_medicinal_chemistry_notes"": ""The molecule has a balance between lipophilicity and polarity, which is a common feature of many drugs.The presence of an amide and a ketone suggests potential chemical stability, but the exact stability cannot be determined from the given information.The size and polarity of the molecule may affect its oral drug-likeness, but it is not extremely large or polar.The presence of the amide and ketone functional groups may influence its interactions with biological targets.""
"
13,"
  ""basic_identity"": 
    ""core_scaffold"": ""Aliphatic amine""
  ,
  ""physicochemical_profile"": 
    ""size"": ""Medium"",
    ""lipophilicity"": ""Moderately lipophilic"",
    ""polarity"": ""Moderately polar"",
    ""hydrogen_bonding"": ""No hydrogen bond donors or acceptors"",
    ""flexibility"": ""Flexible"",
    ""charge_state"": ""Mostly neutral""
  ,
  ""structural_features"": 
    ""rings_and_aromaticity"": ""One aromatic ring (benzene)"",
    ""key_functional_groups"": ""Aliphatic amine"",
    ""substitution_pattern"": ""One substituent on the amine nitrogen"",
    ""stereochemistry"": ""Not obvious""
  ,
  ""general_medicinal_chemistry_notes"": ""This compound has a moderate balance between lipophilicity and polarity, with a moderate number of rotatable bonds. The aliphatic amine functional group is common in many drugs, but the lack of hydrogen bond donors or acceptors may limit its potential interactions with biological targets. The aromatic ring may contribute to its lipophilicity and potentially affect its chemical stability.""
"
14,"
  ""basic_identity"": 
    ""core_scaffold"": ""Aliphatic chain with an ester and a carboxylic acid""
  ,
  ""physicochemical_profile"": 
    ""size"": ""Medium"",
    ""lipophilicity"": ""Moderately lipophilic"",
    ""polarity"": ""Moderately polar"",
    ""hydrogen_bonding"": ""No hydrogen bond donors or acceptors"",
    ""flexibility"": ""Flexible"",
    ""charge_state"": ""Mostly neutral""
  ,
  ""structural_features"": 
    ""rings_and_aromaticity"": ""No rings or aromaticity"",
    ""key_functional_groups"": ""ester, carboxylic acid"",
    ""substitution_pattern"": ""The ester and carboxylic acid are attached to the central carbon chain"",
    ""stereochemistry"": ""Not obvious""
  ,
  ""general_medicinal_chemistry_notes"": ""The molecule has a moderate balance between lipophilicity and polarity, which is a common feature for many drug-like molecules.The ester and carboxylic acid functional groups may exhibit some chemical reactivity, particularly towards hydrolysis.The absence of hydrogen bond donors or acceptors might limit its interactions with biological targets.The medium size and moderate polarity suggest it could be orally bioavailable, but further evaluation is needed.""
"
15,"
  ""basic_identity"": 
    ""core_scaffold"": ""Aliphatic amine""
  ,
  ""physicochemical_profile"": 
    ""size"": ""small"",
    ""lipophilicity"": ""high"",
    ""polarity"": ""low"",
    ""hydrogen_bonding"": ""one donor and one acceptor"",
    ""flexibility"": ""rigid"",
    ""charge_state"": ""mostly neutral""
  ,
  ""structural_features"": 
    ""rings_and_aromaticity"": ""one aromatic ring (benzene)"",
    ""key_functional_groups"": ""amide"",
    ""substitution_pattern"": ""monosubstituted"",
    ""stereochemistry"": ""not obvious""
  ,
  ""general_medicinal_chemistry_notes"": ""This molecule has a good balance between lipophilicity and polarity, but its lack of polar surface area and rotatable bonds may limit its solubility and flexibility. The presence of an amide functional group suggests potential hydrogen bonding interactions, which could be beneficial for biological activity. However, the absence of rotatable bonds and the small size of the molecule might make it challenging to achieve optimal pharmacophore matching with larger targets.""
"
16,"
  ""basic_identity"": 
    ""core_scaffold"": ""Aliphatic chain with a central amide bond and two branched alkyl groups""
  ,
  ""physicochemical_profile"": 
    ""size"": ""Medium"",
    ""lipophilicity"": ""Moderately lipophilic"",
    ""polarity"": ""Moderately polar"",
    ""hydrogen_bonding"": ""One hydrogen bond donor and one acceptor"",
    ""flexibility"": ""Flexible"",
    ""charge_state"": ""Mostly neutral""
  ,
  ""structural_features"": 
    ""rings_and_aromaticity"": ""No rings or aromaticity"",
    ""key_functional_groups"": ""Amide"",
    ""substitution_pattern"": ""Branched alkyl groups attached to the central carbon of the amide"",
    ""stereochemistry"": ""Not obvious""
  ,
  ""general_medicinal_chemistry_notes"": ""This molecule has a moderate balance between lipophilicity and polarity, which is typical for many drug-like molecules. The presence of an amide functional group suggests potential hydrogen bonding interactions with biological targets. The branched alkyl groups may contribute to the molecule's lipophilicity and potentially its metabolic stability. The lack of aromatic rings or other electron-rich moieties may affect its reactivity and potential chemical stability.""
"
17,"
  ""basic_identity"": 
    ""core_scaffold"": ""Aliphatic chain with two cyclohexane rings""
  ,
  ""physicochemical_profile"": 
    ""size"": ""Medium"",
    ""lipophilicity"": ""Moderately lipophilic"",
    ""polarity"": ""Not polar"",
    ""hydrogen_bonding"": ""No hydrogen bond donors or acceptors"",
    ""flexibility"": ""Rigid"",
    ""charge_state"": ""Mostly neutral""
  ,
  ""structural_features"": 
    ""rings_and_aromaticity"": ""Two cyclohexane rings, no aromaticity"",
    ""key_functional_groups"": ""No functional groups"",
    ""substitution_pattern"": ""Two alkyl chains attached to the cyclohexane rings"",
    ""stereochemistry"": ""Not obvious""
  ,
  ""general_medicinal_chemistry_notes"": ""This molecule has a moderate lipophilicity, but its lack of polar functional groups and hydrogen bonding capacity may limit its solubility and drug-like properties. The rigid structure may also affect its ability to bind to biological targets.""
"
18,"
  ""basic_identity"": 
    ""core_scaffold"": ""Aliphatic amine""
  ,
  ""physicochemical_profile"": 
    ""size"": ""Medium"",
    ""lipophilicity"": ""Moderately lipophilic"",
    ""polarity"": ""Moderately polar"",
    ""hydrogen_bonding"": ""No hydrogen bond donors or acceptors"",
    ""flexibility"": ""Flexible"",
    ""charge_state"": ""Mostly neutral""
  ,
  ""structural_features"": 
    ""rings_and_aromaticity"": ""Contains one aromatic benzene ring"",
    ""key_functional_groups"": ""Aliphatic amine"",
    ""substitution_pattern"": ""Substituent is attached to the benzene ring"",
    ""stereochemistry"": ""Not obvious""
  ,
  ""general_medicinal_chemistry_notes"": ""This molecule has a moderate balance between lipophilicity and polarity, with a moderately polar TPSA value and a moderately lipophilic XLogP. The aliphatic amine functional group may provide some basicity, but the lack of hydrogen bond donors or acceptors suggests limited hydrogen bonding interactions. The presence of an aromatic ring could contribute to chemical stability, but the exact nature of the substituent on the benzene ring is not clear from the given information. Overall, the size and lipophilicity of this molecule are within the range expected for a small-molecule drug, but further investigation would be needed to assess its potential as a drug candidate.""
"
19,"
  ""basic_identity"": 
    ""core_scaffold"": ""benzene ring with substituted amide""
  ,
  ""physicochemical_profile"": 
    ""size"": ""medium"",
    ""lipophilicity"": ""moderately lipophilic"",
    ""polarity"": ""moderately polar"",
    ""hydrogen_bonding"": ""contains one hydrogen bond donor and acceptor"",
    ""flexibility"": ""rigid"",
    ""charge_state"": ""mostly neutral""
  ,
  ""structural_features"": 
    ""rings_and_aromaticity"": ""contains one aromatic benzene ring"",
    ""key_functional_groups"": ""amide, bromine"",
    ""substitution_pattern"": ""bromine atom is attached to the aromatic ring"",
    ""stereochemistry"": ""not obvious""
  ,
  ""general_medicinal_chemistry_notes"": ""This compound has a moderate balance between lipophilicity and polarity, which is common for many drugs. The bromine atom may affect its chemical stability and metabolic properties. The compound's size is within the range of typical small-molecule drugs, but its polarity and lipophilicity values are slightly higher than some common drugs.""
"
20,"
  ""basic_identity"": 
    ""core_scaffold"": ""Aliphatic chain with a central branch""
  ,
  ""physicochemical_profile"": 
    ""size"": ""small"",
    ""lipophilicity"": ""moderately lipophilic"",
    ""polarity"": ""low"",
    ""hydrogen_bonding"": ""no hydrogen bond donors or acceptors"",
    ""flexibility"": ""flexible"",
    ""charge_state"": ""mostly neutral""
  ,
  ""structural_features"": 
    ""rings_and_aromaticity"": ""No rings or aromaticity"",
    ""key_functional_groups"": ""None"",
    ""substitution_pattern"": ""Substituents are attached to the central branch"",
    ""stereochemistry"": ""Not obvious""
  ,
  ""general_medicinal_chemistry_notes"": ""This molecule has a moderate lipophilicity, but its polarity is low, which may limit its potential as a drug candidate. The lack of hydrogen bond donors or acceptors could also be a concern. The presence of a single rotatable bond suggests some flexibility, but the absence of rings or aromaticity may affect its overall stability and pharmacokinetics.""
"
21,"
  ""basic_identity"": 
    ""core_scaffold"": ""Aliphatic ester with two carboxylic acid groups""
  ,
  ""physicochemical_profile"": 
    ""size"": ""Medium"",
    ""lipophilicity"": ""Slightly lipophilic"",
    ""polarity"": ""Polar"",
    ""hydrogen_bonding"": ""No hydrogen bond donors or acceptors"",
    ""flexibility"": ""Flexible"",
    ""charge_state"": ""Neutral""
  ,
  ""structural_features"": 
    ""rings_and_aromaticity"": ""No rings or aromaticity"",
    ""key_functional_groups"": ""ester, carboxylic acid"",
    ""substitution_pattern"": ""Two carboxylic acid groups are attached to the same carbon"",
    ""stereochemistry"": ""Not obvious""
  ,
  ""general_medicinal_chemistry_notes"": ""This molecule is relatively polar and flexible, which may affect its solubility and pharmacokinetics. The lack of hydrogen bond donors or acceptors could limit its interactions with biological targets. The presence of multiple carboxylic acid groups suggests potential acid-base properties and may influence its stability in aqueous solutions.""
"
22,"
  ""basic_identity"": 
    ""core_scaffold"": ""Disubstituted thiophene ring with two amide groups""
  ,
  ""physicochemical_profile"": 
    ""size"": ""Medium"",
    ""lipophilicity"": ""Highly lipophilic"",
    ""polarity"": ""Moderately polar"",
    ""hydrogen_bonding"": ""No hydrogen bond donors or acceptors"",
    ""flexibility"": ""Flexible"",
    ""charge_state"": ""Unclear""
  ,
  ""structural_features"": 
    ""rings_and_aromaticity"": ""Contains a disubstituted thiophene ring"",
    ""key_functional_groups"": ""Two amide groups"",
    ""substitution_pattern"": ""Substituents are attached to the 2 and 5 positions of the thiophene ring"",
    ""stereochemistry"": ""Not obvious""
  ,
  ""general_medicinal_chemistry_notes"": ""This molecule has a high lipophilicity, which may be beneficial for drug-like properties, but its polar nature could pose challenges for membrane permeability. The absence of hydrogen bond donors or acceptors might limit its interactions with biological targets. The presence of a thiophene ring and two amide groups suggests potential chemical stability, but the exact properties would depend on the specific substituents.""
"
23,"
  ""basic_identity"": 
    ""core_scaffold"": ""Aliphatic chain with an ether and a secondary amine""
  ,
  ""physicochemical_profile"": 
    ""size"": ""Medium"",
    ""lipophilicity"": ""Moderately lipophilic"",
    ""polarity"": ""Moderately polar"",
    ""hydrogen_bonding"": ""One hydrogen bond donor and acceptor"",
    ""flexibility"": ""Rigid"",
    ""charge_state"": ""Mostly neutral""
  ,
  ""structural_features"": 
    ""rings_and_aromaticity"": ""No rings or aromaticity"",
    ""key_functional_groups"": ""Ether, secondary amine"",
    ""substitution_pattern"": ""Single ether and amine substituents on the chain"",
    ""stereochemistry"": ""Not obvious""
  ,
  ""general_medicinal_chemistry_notes"": ""This molecule has a moderate balance between lipophilicity and polarity, which is common for many drugs. The ether group may provide some metabolic stability, but the secondary amine could potentially be prone to hydrolysis. The size and polarity may make this molecule less suitable for oral drug-like properties, but further analysis is needed to confirm.""
"
24,"
  ""basic_identity"": 
    ""core_scaffold"": ""Aliphatic ester""
  ,
  ""physicochemical_profile"": 
    ""size"": ""small"",
    ""lipophilicity"": ""moderate"",
    ""polarity"": ""moderate"",
    ""hydrogen_bonding"": ""no donor or acceptor groups"",
    ""flexibility"": ""flexible"",
    ""charge_state"": ""mostly neutral""
  ,
  ""structural_features"": 
    ""rings_and_aromaticity"": ""No rings or aromaticity"",
    ""key_functional_groups"": ""ester"",
    ""substitution_pattern"": ""Two substituents on the ester"",
    ""stereochemistry"": ""Not obvious""
  ,
  ""general_medicinal_chemistry_notes"": ""This molecule is a small, moderately polar and lipophilic ester. The lack of hydrogen bond donors or acceptors may limit its interactions with biological targets. The moderate size and flexibility suggest it could potentially be orally bioavailable, but further analysis is needed to confirm this.""
"
25,"
  ""basic_identity"": 
    ""core_scaffold"": ""Aliphatic amide""
  ,
  ""physicochemical_profile"": 
    ""size"": ""small"",
    ""lipophilicity"": ""moderate"",
    ""polarity"": ""moderate"",
    ""hydrogen_bonding"": ""no hydrogen bond donor or acceptor"",
    ""flexibility"": ""rigid"",
    ""charge_state"": ""mostly neutral""
  ,
  ""structural_features"": 
    ""rings_and_aromaticity"": ""contains one aromatic ring (benzene)"",
    ""key_functional_groups"": ""amide"",
    ""substitution_pattern"": ""single substituent on the amide nitrogen"",
    ""stereochemistry"": ""not obvious""
  ,
  ""general_medicinal_chemistry_notes"": ""This molecule has a moderate balance between lipophilicity and polarity, which is suitable for many drug-like compounds. However, the lack of hydrogen bond donors or acceptors may limit its interactions with biological targets. The rigid structure may also affect its ability to fit into binding sites. The amide functional group is common in many drugs, but its stability and susceptibility to metabolism can vary depending on the specific compound.""
"
26,"
  ""basic_identity"": 
    ""core_scaffold"": ""Aliphatic chain with a primary amine""
  ,
  ""physicochemical_profile"": 
    ""size"": ""small"",
    ""lipophilicity"": ""moderate"",
    ""polarity"": ""moderate"",
    ""hydrogen_bonding"": ""no hydrogen bond donor or acceptor"",
    ""flexibility"": ""flexible"",
    ""charge_state"": ""mostly neutral""
  ,
  ""structural_features"": 
    ""rings_and_aromaticity"": ""No rings or aromaticity"",
    ""key_functional_groups"": ""Primary amine"",
    ""substitution_pattern"": ""Single substituent at the end of the chain"",
    ""stereochemistry"": ""Not obvious""
  ,
  ""general_medicinal_chemistry_notes"": ""This molecule has a moderate balance between lipophilicity and polarity, but its lack of hydrogen bonding donors may limit its interactions with biological targets. The primary amine functional group is common in many drugs, but its position at the end of the aliphatic chain may make it more susceptible to metabolic degradation.""
"
27,"
  ""basic_identity"": 
    ""core_scaffold"": ""aliphatic amide""
  ,
  ""physicochemical_profile"": 
    ""size"": ""small"",
    ""lipophilicity"": ""moderate"",
    ""polarity"": ""moderate"",
    ""hydrogen_bonding"": ""contains one hydrogen bond donor and acceptor"",
    ""flexibility"": ""rigid"",
    ""charge_state"": ""mostly neutral""
  ,
  ""structural_features"": 
    ""rings_and_aromaticity"": ""non-aromatic"",
    ""key_functional_groups"": ""amide"",
    ""substitution_pattern"": ""single substituent on the carbon atom adjacent to the amide nitrogen"",
    ""stereochemistry"": ""not obvious""
  ,
  ""general_medicinal_chemistry_notes"": ""This molecule has a moderate balance between lipophilicity and polarity, which is common for many drugs. The amide functional group is a common moiety in many bioactive molecules. The lack of rotatable bonds suggests a rigid structure, which may affect its ability to bind to targets. The polarity and size are within typical ranges for small-molecule drugs.""
"
28,"
  ""basic_identity"": 
    ""core_scaffold"": ""Aliphatic chain with an ester and a ketone""
  ,
  ""physicochemical_profile"": 
    ""size"": ""Medium"",
    ""lipophilicity"": ""Moderately lipophilic"",
    ""polarity"": ""Moderately polar"",
    ""hydrogen_bonding"": ""No hydrogen bond donors or acceptors"",
    ""flexibility"": ""Flexible"",
    ""charge_state"": ""Mostly neutral""
  ,
  ""structural_features"": 
    ""rings_and_aromaticity"": ""No rings or aromaticity"",
    ""key_functional_groups"": ""Ester, ketone"",
    ""substitution_pattern"": ""Single substituent on the ketone"",
    ""stereochemistry"": ""Not obvious""
  ,
  ""general_medicinal_chemistry_notes"": ""This molecule has a moderate balance between lipophilicity and polarity, with a polar ester and a moderately lipophilic ketone. The lack of hydrogen bond donors or acceptors may limit its interactions with biological targets. The moderate size and flexibility suggest it could potentially be orally bioavailable, but further analysis is needed to confirm this.""
"
29,"
  ""basic_identity"": 
    ""core_scaffold"": ""Aliphatic ketone""
  ,
  ""physicochemical_profile"": 
    ""size"": ""small"",
    ""lipophilicity"": ""moderate"",
    ""polarity"": ""polar"",
    ""hydrogen_bonding"": ""no donor or acceptor"",
    ""flexibility"": ""low"",
    ""charge_state"": ""uncharged""
  ,
  ""structural_features"": 
    ""rings_and_aromaticity"": ""no rings or aromaticity"",
    ""key_functional_groups"": ""ketone"",
    ""substitution_pattern"": ""none"",
    ""stereochemistry"": ""not obvious""
  ,
  ""general_medicinal_chemistry_notes"": ""This molecule is relatively small and polar, which may limit its potential as a drug candidate due to poor membrane permeability. However, its moderate lipophilicity could help in solubilizing it in lipid environments. The ketone group is prone to oxidation, which could affect its chemical stability.""
"
30,"
  ""basic_identity"": 
    ""core_scaffold"": ""aliphatic amide""
  ,
  ""physicochemical_profile"": 
    ""size"": ""small"",
    ""lipophilicity"": ""moderately polar"",
    ""polarity"": ""moderately polar"",
    ""hydrogen_bonding"": ""no hydrogen bond donors or acceptors"",
    ""flexibility"": ""flexible"",
    ""charge_state"": ""mostly neutral""
  ,
  ""structural_features"": 
    ""rings_and_aromaticity"": ""no rings or aromaticity"",
    ""key_functional_groups"": ""amide"",
    ""substitution_pattern"": ""single substituent on the amide nitrogen"",
    ""stereochemistry"": ""not obvious""
  ,
  ""general_medicinal_chemistry_notes"": ""This compound is relatively small and polar, with a moderate degree of lipophilicity due to the amide group. The lack of hydrogen bond donors or acceptors may limit its interactions with biological targets. The absence of aromatic rings or other electron-rich moieties suggests it may be chemically stable, but the single substituent on the amide nitrogen could potentially be a site of metabolic attack.""
"
31,"
  ""basic_identity"": 
    ""core_scaffold"": ""Aliphatic chain with a cyclic ether and a terminal alkyl group""
  ,
  ""physicochemical_profile"": 
    ""size"": ""small"",
    ""lipophilicity"": ""moderately lipophilic"",
    ""polarity"": ""low"",
    ""hydrogen_bonding"": ""no hydrogen bond donors or acceptors"",
    ""flexibility"": ""rigid"",
    ""charge_state"": ""mostly neutral""
  ,
  ""structural_features"": 
    ""rings_and_aromaticity"": ""One aromatic ring (cyclohexane), no conjugation"",
    ""key_functional_groups"": ""Ether"",
    ""substitution_pattern"": ""One ether substituent on the aromatic ring"",
    ""stereochemistry"": ""Not obvious""
  ,
  ""general_medicinal_chemistry_notes"": ""This molecule is relatively small and moderately lipophilic, which may be beneficial for drug-like properties. However, the lack of hydrogen bond donors or acceptors could limit its interactions with biological targets. The ether group may be metabolically labile, which could affect its pharmacokinetics.""
"
32,"
  ""basic_identity"": 
    ""core_scaffold"": ""1,3-diol aliphatic chain""
  ,
  ""physicochemical_profile"": 
    ""size"": ""small"",
    ""lipophilicity"": ""low"",
    ""polarity"": ""high"",
    ""hydrogen_bonding"": ""no donors or acceptors"",
    ""flexibility"": ""low"",
    ""charge_state"": ""uncharged""
  ,
  ""structural_features"": 
    ""rings_and_aromaticity"": ""no rings or aromaticity"",
    ""key_functional_groups"": ""diol"",
    ""substitution_pattern"": ""none"",
    ""stereochemistry"": ""not obvious""
  ,
  ""general_medicinal_chemistry_notes"": ""This molecule is relatively small and polar, which may make it suitable for certain applications. However, its lack of hydrogen bond donors or acceptors and low lipophilicity could limit its potential as a drug candidate. The diol functional group may be prone to oxidation, which could impact its stability.""
"
33,"
  ""basic_identity"": 
    ""core_scaffold"": ""Aliphatic amine with two aromatic rings""
  ,
  ""physicochemical_profile"": 
    ""size"": ""Medium"",
    ""lipophilicity"": ""Highly lipophilic"",
    ""polarity"": ""Moderately polar"",
    ""hydrogen_bonding"": ""Contains two potential hydrogen bond donors and acceptors"",
    ""flexibility"": ""Flexible with three rotatable bonds"",
    ""charge_state"": ""Mostly neutral""
  ,
  ""structural_features"": 
    ""rings_and_aromaticity"": ""Two aromatic rings (benzene rings) with one ring substituted by an amide group"",
    ""key_functional_groups"": ""Amide, ester"",
    ""substitution_pattern"": ""One aromatic ring is substituted by the amide group and the other is unsubstituted"",
    ""stereochemistry"": ""Not obvious""
  ,
  ""general_medicinal_chemistry_notes"": ""This molecule exhibits a balance between lipophilicity and polarity, which is a common feature of many drug-like molecules. However, its high lipophilicity and moderate polarity may affect its solubility and permeability. The presence of two aromatic rings and an amide group suggests potential chemical stability, but the ester group could be a soft spot for metabolism. The overall size of the molecule is moderate, which is generally favorable for oral drug-like properties. However, further analysis is needed to confirm its suitability as a drug candidate.""
"
34,"
  ""basic_identity"": 
    ""core_scaffold"": ""Aliphatic amide with a benzene ring""
  ,
  ""physicochemical_profile"": 
    ""size"": ""Medium"",
    ""lipophilicity"": ""Moderately lipophilic due to the aliphatic chain and aromatic ring"",
    ""polarity"": ""Polar due to the amide and ether functional groups"",
    ""hydrogen_bonding"": ""No hydrogen bond donors or acceptors"",
    ""flexibility"": ""Flexible with one rotatable bond"",
    ""charge_state"": ""Mostly neutral""
  ,
  ""structural_features"": 
    ""rings_and_aromaticity"": ""Contains one aromatic benzene ring"",
    ""key_functional_groups"": ""Amide, ether"",
    ""substitution_pattern"": ""The amide and ether are attached to the benzene ring"",
    ""stereochemistry"": ""Not obvious""
  ,
  ""general_medicinal_chemistry_notes"": ""This molecule has a moderate balance between lipophilicity and polarity, which is common for many drug-like compounds. The amide and ether functional groups may provide hydrogen bonding interactions, but the lack of hydrogen bond donors or acceptors suggests limited potential for strong interactions. The presence of an aromatic ring could contribute to chemical stability, but the ether group may be susceptible to metabolic oxidation. The size and polarity of this molecule might make it challenging for oral absorption, but further analysis would be needed to confirm this.""
"
35,"
  ""basic_identity"": 
    ""core_scaffold"": ""aliphatic chain with two carbon-carbon double bonds""
  ,
  ""physicochemical_profile"": 
    ""size"": ""medium"",
    ""lipophilicity"": ""moderate"",
    ""polarity"": ""moderate"",
    ""hydrogen_bonding"": ""one hydrogen bond donor and acceptor"",
    ""flexibility"": ""flexible"",
    ""charge_state"": ""uncertain""
  ,
  ""structural_features"": 
    ""rings_and_aromaticity"": ""no rings or aromaticity"",
    ""key_functional_groups"": ""none"",
    ""substitution_pattern"": ""two substituents at the ends of the chain"",
    ""stereochemistry"": ""not obvious""
  ,
  ""general_medicinal_chemistry_notes"": ""This molecule has a moderate balance between lipophilicity and polarity, with a moderate number of rotatable bonds. The presence of double bonds may affect its chemical stability and metabolic properties. The lack of functional groups or aromatic rings suggests it may not be a typical small-molecule drug.""
"
36,"
  ""basic_identity"": 
    ""core_scaffold"": ""Aliphatic amine""
  ,
  ""physicochemical_profile"": 
    ""size"": ""Medium"",
    ""lipophilicity"": ""Moderately lipophilic"",
    ""polarity"": ""Moderately polar"",
    ""hydrogen_bonding"": ""One hydrogen bond donor and acceptor"",
    ""flexibility"": ""Rigid"",
    ""charge_state"": ""Mostly neutral""
  ,
  ""structural_features"": 
    ""rings_and_aromaticity"": ""One aromatic ring (benzene)"",
    ""key_functional_groups"": ""Amide"",
    ""substitution_pattern"": ""Single substituent on the amide nitrogen"",
    ""stereochemistry"": ""Not obvious""
  ,
  ""general_medicinal_chemistry_notes"": ""This molecule has a moderate balance between lipophilicity and polarity, with a moderately polar TPSA and a moderately lipophilic XLogP. The presence of an aromatic ring and an amide functional group suggests potential chemical stability, but the lack of rotatable bonds and the single substituent on the amide nitrogen may limit its ability to interact with biological targets. The overall size is moderate, which is generally suitable for a small-molecule drug, but the exact drug-likeness cannot be determined without additional information.""
"
37,"
  ""basic_identity"": 
    ""core_scaffold"": ""Aliphatic chain with a carboxylic acid and an ether linkage""
  ,
  ""physicochemical_profile"": 
    ""size"": ""Medium"",
    ""lipophilicity"": ""Moderately lipophilic"",
    ""polarity"": ""Moderately polar"",
    ""hydrogen_bonding"": ""No hydrogen bond donors or acceptors"",
    ""flexibility"": ""Flexible"",
    ""charge_state"": ""Uncertain""
  ,
  ""structural_features"": 
    ""rings_and_aromaticity"": ""No rings or aromaticity"",
    ""key_functional_groups"": ""Carboxylic acid, Ether"",
    ""substitution_pattern"": ""Two substituents on the same carbon"",
    ""stereochemistry"": ""Not obvious""
  ,
  ""general_medicinal_chemistry_notes"": ""This molecule has a moderate balance between lipophilicity and polarity, which is common for many drug-like molecules. The carboxylic acid group may provide acidic character, potentially affecting its chemical stability or biological activity. The ether linkage suggests some metabolic soft spots, as it can be easily cleaved by certain enzymes. The absence of hydrogen bond donors or acceptors might limit its interactions with biological targets.""
"
38,"
  ""basic_identity"": 
    ""core_scaffold"": ""Aliphatic chain with a cyclohexane ring and a terminal carboxylic acid""
  ,
  ""physicochemical_profile"": 
    ""size"": ""Medium"",
    ""lipophilicity"": ""High"",
    ""polarity"": ""Moderate"",
    ""hydrogen_bonding"": ""One hydrogen bond donor and one acceptor"",
    ""flexibility"": ""Flexible"",
    ""charge_state"": ""Mostly neutral""
  ,
  ""structural_features"": 
    ""rings_and_aromaticity"": ""Contains a cyclohexane ring, no aromaticity"",
    ""key_functional_groups"": ""Carboxylic acid"",
    ""substitution_pattern"": ""Terminal substitution"",
    ""stereochemistry"": ""Not obvious""
  ,
  ""general_medicinal_chemistry_notes"": ""This molecule has a moderate polarity and high lipophilicity, which may make it a potential drug candidate. However, the presence of a carboxylic acid group could lead to metabolic instability. The size and flexibility suggest that it might be orally bioavailable, but further investigation is needed.""
"
39,"
  ""basic_identity"": 
    ""core_scaffold"": ""aliphatic carboxylic acid""
  ,
  ""physicochemical_profile"": 
    ""size"": ""small"",
    ""lipophilicity"": ""moderately lipophilic"",
    ""polarity"": ""polar"",
    ""hydrogen_bonding"": ""one potential hydrogen bond acceptor"",
    ""flexibility"": ""low"",
    ""charge_state"": ""uncharged""
  ,
  ""structural_features"": 
    ""rings_and_aromaticity"": ""no rings or aromaticity"",
    ""key_functional_groups"": ""carboxylic acid"",
    ""substitution_pattern"": ""none"",
    ""stereochemistry"": ""not obvious""
  ,
  ""general_medicinal_chemistry_notes"": ""This molecule is relatively small and polar, which may make it suitable for certain biological targets. However, its lack of hydrogen bond donors and low lipophilicity could limit its ability to penetrate cell membranes. The carboxylic acid group is susceptible to hydrolysis, which could impact its stability in vivo.""
"
40,"
  ""basic_identity"": 
    ""core_scaffold"": ""Aliphatic chain""
  ,
  ""physicochemical_profile"": 
    ""size"": ""medium"",
    ""lipophilicity"": ""high"",
    ""polarity"": ""low"",
    ""hydrogen_bonding"": ""none"",
    ""flexibility"": ""moderate"",
    ""charge_state"": ""mostly neutral""
  ,
  ""structural_features"": 
    ""rings_and_aromaticity"": ""none"",
    ""key_functional_groups"": ""none"",
    ""substitution_pattern"": ""linear"",
    ""stereochemistry"": ""not obvious""
  ,
  ""general_medicinal_chemistry_notes"": ""This molecule is relatively large for a typical small-molecule drug.Its high lipophilicity and low polarity suggest a potential for poor solubility and permeability.The lack of hydrogen bond donors or acceptors may limit its ability to interact with biological targets.The absence of aromatic rings or other conjugated systems could affect its chemical stability.""
"
41,"
  ""basic_identity"": 
    ""core_scaffold"": ""Aliphatic amide""
  ,
  ""physicochemical_profile"": 
    ""size"": ""Small"",
    ""lipophilicity"": ""Likely slightly polar"",
    ""polarity"": ""Moderately polar"",
    ""hydrogen_bonding"": ""One hydrogen bond donor and acceptor"",
    ""flexibility"": ""Rigid"",
    ""charge_state"": ""Mostly neutral""
  ,
  ""structural_features"": 
    ""rings_and_aromaticity"": ""No rings or aromaticity"",
    ""key_functional_groups"": ""Carboxylic acid and amide"",
    ""substitution_pattern"": ""Single substituent on the amide"",
    ""stereochemistry"": ""Not obvious""
  ,
  ""general_medicinal_chemistry_notes"": ""This molecule has a moderate polarity and a single rotatable bond, which may affect its pharmacokinetic properties. The presence of both a carboxylic acid and an amide functional group suggests a potential balance between lipophilicity and polarity. The lack of aromatic rings or other electron-rich moieties may impact its chemical stability.""
"
42,"
  ""basic_identity"": 
    ""core_scaffold"": ""Aliphatic chain with 8 carbon atoms and a terminal alkene""
  ,
  ""physicochemical_profile"": 
    ""size"": ""Medium"",
    ""lipophilicity"": ""Highly lipophilic"",
    ""polarity"": ""Not polar"",
    ""hydrogen_bonding"": ""No hydrogen bond donors or acceptors"",
    ""flexibility"": ""Flexible"",
    ""charge_state"": ""Uncertain""
  ,
  ""structural_features"": 
    ""rings_and_aromaticity"": ""No rings or aromaticity"",
    ""key_functional_groups"": ""No key functional groups"",
    ""substitution_pattern"": ""Terminal alkene"",
    ""stereochemistry"": ""Not obvious""
  ,
  ""general_medicinal_chemistry_notes"": ""This molecule is relatively large for a small-molecule drug, and its high lipophilicity may pose challenges for drug-likeness. The lack of hydrogen bond donors or acceptors suggests poor interaction with biological targets, but the alkene functional group may be prone to oxidation.""
"
43,"
  ""basic_identity"": 
    ""core_scaffold"": ""Biphenyl with an ester-linked amide""
  ,
  ""physicochemical_profile"": 
    ""size"": ""Medium"",
    ""lipophilicity"": ""Moderately lipophilic"",
    ""polarity"": ""Moderately polar"",
    ""hydrogen_bonding"": ""One hydrogen bond donor and acceptor"",
    ""flexibility"": ""Rigid"",
    ""charge_state"": ""Mostly neutral""
  ,
  ""structural_features"": 
    ""rings_and_aromaticity"": ""Two aromatic rings (biphenyl) with no conjugation"",
    ""key_functional_groups"": ""Ester and amide"",
    ""substitution_pattern"": ""Substituents are attached to the aromatic rings"",
    ""stereochemistry"": ""Not obvious""
  ,
  ""general_medicinal_chemistry_notes"": ""This molecule has a moderate balance between lipophilicity and polarity, with a moderate number of hydrogen bond donors and acceptors. The biphenyl scaffold is a common feature in many pharmaceuticals, but the ester and amide functional groups may present metabolic soft spots. The molecule's size and polarity suggest it may not be an ideal oral drug candidate.""
"
44,"
  ""basic_identity"": 
    ""core_scaffold"": ""Benzene ring with two chloro substituents and a tertiary chloroalkane""
  ,
  ""physicochemical_profile"": 
    ""size"": ""medium"",
    ""lipophilicity"": ""highly lipophilic"",
    ""polarity"": ""low"",
    ""hydrogen_bonding"": ""no hydrogen bond donors or acceptors"",
    ""flexibility"": ""rigid"",
    ""charge_state"": ""mostly neutral""
  ,
  ""structural_features"": 
    ""rings_and_aromaticity"": ""One aromatic benzene ring"",
    ""key_functional_groups"": ""Chloroalkane, chloroaromatic"",
    ""substitution_pattern"": ""Two chloro substituents are ortho to each other"",
    ""stereochemistry"": ""Not obvious""
  ,
  ""general_medicinal_chemistry_notes"": ""This compound is relatively large for a typical small-molecule drug, which may impact its pharmacokinetics.The high lipophilicity suggests potential for good membrane permeability, but the low polarity may limit solubility.The lack of hydrogen bond donors or acceptors could affect its ability to interact with biological targets.The presence of chlorine atoms may impact the compound's chemical stability and metabolic fate.""
"
45,"
  ""basic_identity"": 
    ""core_scaffold"": ""Aliphatic carboxylic acid with multiple ester and ether substituents""
  ,
  ""physicochemical_profile"": 
    ""size"": ""Medium"",
    ""lipophilicity"": ""Highly polar"",
    ""polarity"": ""Very polar"",
    ""hydrogen_bonding"": ""High hydrogen bond donor and acceptor capacity"",
    ""flexibility"": ""Flexible"",
    ""charge_state"": ""Uncertain""
  ,
  ""structural_features"": 
    ""rings_and_aromaticity"": ""No rings or aromaticity"",
    ""key_functional_groups"": ""ester, ether, carboxylic acid"",
    ""substitution_pattern"": ""Multiple ester and ether substituents are attached to the carboxylic acid"",
    ""stereochemistry"": ""Not obvious""
  ,
  ""general_medicinal_chemistry_notes"": ""The high polarity and hydrogen bonding capacity may make this molecule suitable for targets requiring strong interactions.The multiple ester and ether substituents could potentially introduce metabolic soft spots.The size and polarity may affect oral drug-likeness, but it's difficult to make a definitive statement without additional information.""
"
46,"
  ""basic_identity"": 
    ""core_scaffold"": ""Aliphatic carboxylic acid""
  ,
  ""physicochemical_profile"": 
    ""size"": ""small"",
    ""lipophilicity"": ""moderately lipophilic"",
    ""polarity"": ""polar"",
    ""hydrogen_bonding"": ""no hydrogen bond donors or acceptors"",
    ""flexibility"": ""flexible"",
    ""charge_state"": ""neutral""
  ,
  ""structural_features"": 
    ""rings_and_aromaticity"": ""No rings or aromaticity"",
    ""key_functional_groups"": ""Carboxylic acid"",
    ""substitution_pattern"": ""Single ester substituent"",
    ""stereochemistry"": ""Not obvious""
  ,
  ""general_medicinal_chemistry_notes"": ""This molecule is relatively small and polar, with a moderate degree of lipophilicity. The carboxylic acid functional group may make it prone to hydrolysis, and the ester substituent could potentially be metabolically labile. The lack of hydrogen bond donors or acceptors suggests it may not interact strongly with biological targets.""
"
47,"
  ""basic_identity"": 
    ""core_scaffold"": ""Aliphatic amide with a single aromatic ring""
  ,
  ""physicochemical_profile"": 
    ""size"": ""Medium"",
    ""lipophilicity"": ""Moderately lipophilic with a XLogP of 1.20"",
    ""polarity"": ""Polar with a TPSA of 37.3"",
    ""hydrogen_bonding"": ""Contains one hydrogen bond donor and two acceptors"",
    ""flexibility"": ""Flexible with one rotatable bond"",
    ""charge_state"": ""Mostly neutral""
  ,
  ""structural_features"": 
    ""rings_and_aromaticity"": ""Contains one aromatic ring"",
    ""key_functional_groups"": ""Amide"",
    ""substitution_pattern"": ""Substituents are attached to the aromatic ring"",
    ""stereochemistry"": ""Not obvious""
  ,
  ""general_medicinal_chemistry_notes"": ""This molecule has a moderate balance between lipophilicity and polarity, which is common for many drug-like molecules. The presence of an amide functional group suggests potential hydrogen bonding interactions with biological targets. The high TPSA value indicates a polar molecule, which may affect its solubility and permeability. The aromatic ring could potentially introduce some chemical stability, but the exact properties would depend on the specific substituents.""
"
48,"
  ""basic_identity"": 
    ""core_scaffold"": ""aliphatic cyclic ether""
  ,
  ""physicochemical_profile"": 
    ""size"": ""small"",
    ""lipophilicity"": ""slightly polar"",
    ""polarity"": ""polar"",
    ""hydrogen_bonding"": ""contains one hydrogen bond donor and one acceptor"",
    ""flexibility"": ""rigid"",
    ""charge_state"": ""neutral""
  ,
  ""structural_features"": 
    ""rings_and_aromaticity"": ""contains one cyclic ether"",
    ""key_functional_groups"": ""ether"",
    ""substitution_pattern"": ""monosubstituted"",
    ""stereochemistry"": ""not obvious""
  ,
  ""general_medicinal_chemistry_notes"": ""This compound is relatively small and polar, with a cyclic ether as the core scaffold. The ether group may confer some metabolic stability, but the compound's overall polarity could potentially limit its ability to penetrate biological membranes. The compound's lipophilicity and polarity balance is not extreme, which may be beneficial for drug-like properties.""
"
49,"
  ""basic_identity"": 
    ""core_scaffold"": ""Aliphatic chain with two amide groups""
  ,
  ""physicochemical_profile"": 
    ""size"": ""Medium"",
    ""lipophilicity"": ""Moderately lipophilic"",
    ""polarity"": ""Moderately polar"",
    ""hydrogen_bonding"": ""One hydrogen bond donor and acceptor"",
    ""flexibility"": ""Flexible"",
    ""charge_state"": ""Mostly neutral""
  ,
  ""structural_features"": 
    ""rings_and_aromaticity"": ""No rings or aromaticity"",
    ""key_functional_groups"": ""Two amide groups"",
    ""substitution_pattern"": ""Two amide groups are attached to the central carbon"",
    ""stereochemistry"": ""Not obvious""
  ,
  ""general_medicinal_chemistry_notes"": ""This molecule has a moderate balance between lipophilicity and polarity, with a moderate number of rotatable bonds. The presence of two amide groups suggests potential hydrogen bonding interactions, which could be beneficial for drug-like properties. However, the lack of aromatic rings or other electron-rich moieties may limit its overall stability and drug-like properties.""
"
50,"
  ""basic_identity"": 
    ""core_scaffold"": ""Aliphatic amine""
  ,
  ""physicochemical_profile"": 
    ""size"": ""small"",
    ""lipophilicity"": ""moderate"",
    ""polarity"": ""moderate"",
    ""hydrogen_bonding"": ""one donor and one acceptor"",
    ""flexibility"": ""rigid"",
    ""charge_state"": ""mostly neutral""
  ,
  ""structural_features"": 
    ""rings_and_aromaticity"": ""one aromatic ring (benzene)"",
    ""key_functional_groups"": ""amide"",
    ""substitution_pattern"": ""single substituent on the amide nitrogen"",
    ""stereochemistry"": ""not obvious""
  ,
  ""general_medicinal_chemistry_notes"": ""This molecule has a moderate balance between lipophilicity and polarity, with a moderate TPSA and XLogP. The amide functional group is a common feature in many bioactive molecules. The rigid structure may limit its ability to bind to flexible protein pockets. The single rotatable bond suggests that this molecule may be relatively rigid overall.""
"
51,"
  ""basic_identity"": 
    ""core_scaffold"": ""perfluorinated alkane""
  ,
  ""physicochemical_profile"": 
    ""size"": ""medium"",
    ""lipophilicity"": ""highly lipophilic"",
    ""polarity"": ""low"",
    ""hydrogen_bonding"": ""no hydrogen bond donors or acceptors"",
    ""flexibility"": ""rigid"",
    ""charge_state"": ""uncharged""
  ,
  ""structural_features"": 
    ""rings_and_aromaticity"": ""no rings or aromaticity"",
    ""key_functional_groups"": ""none"",
    ""substitution_pattern"": ""all fluorine atoms are attached to the carbon atom"",
    ""stereochemistry"": ""not obvious""
  ,
  ""general_medicinal_chemistry_notes"": ""This molecule is highly lipophilic, which may be beneficial for drug-like properties, but its lack of polar functional groups could limit its solubility and bioavailability. The presence of multiple fluorine atoms may improve metabolic stability, but it could also affect its reactivity and interactions with biological targets.""
"
52,"
  ""basic_identity"": 
    ""core_scaffold"": ""aliphatic amide""
  ,
  ""physicochemical_profile"": 
    ""size"": ""small"",
    ""lipophilicity"": ""moderate"",
    ""polarity"": ""moderate"",
    ""hydrogen_bonding"": ""one hydrogen bond donor and acceptor"",
    ""flexibility"": ""flexible"",
    ""charge_state"": ""mostly neutral""
  ,
  ""structural_features"": 
    ""rings_and_aromaticity"": ""no rings or aromaticity"",
    ""key_functional_groups"": ""amide"",
    ""substitution_pattern"": ""single substituent on the amide carbon"",
    ""stereochemistry"": ""not obvious""
  ,
  ""general_medicinal_chemistry_notes"": ""This molecule has a moderate balance between lipophilicity and polarity, which is common for many drugs. The amide functional group is a common moiety in many bioactive molecules. The moderate polarity and flexibility suggest that this molecule may be soluble in aqueous solutions and able to interact with biological targets. However, the exact properties and potential for drug-likeness would require further investigation.""
"
53,"
  ""basic_identity"": 
    ""core_scaffold"": ""Aliphatic amide with an aromatic iodinated phenyl ring""
  ,
  ""physicochemical_profile"": 
    ""size"": ""Medium"",
    ""lipophilicity"": ""Highly lipophilic"",
    ""polarity"": ""Moderately polar"",
    ""hydrogen_bonding"": ""One hydrogen bond donor and acceptor"",
    ""flexibility"": ""Rigid"",
    ""charge_state"": ""Mostly neutral""
  ,
  ""structural_features"": 
    ""rings_and_aromaticity"": ""One aromatic phenyl ring"",
    ""key_functional_groups"": ""Amide, iodine"",
    ""substitution_pattern"": ""Single substitution on the phenyl ring"",
    ""stereochemistry"": ""Not obvious""
  ,
  ""general_medicinal_chemistry_notes"": ""This compound features a balance between lipophilicity and polarity, with a high XLogP and moderate TPSA.The presence of an aromatic ring and an iodine atom may suggest potential chemical stability, but the amide group could be a metabolic soft spot.The compound's size and polarity might make it challenging for oral absorption, although this is a rough prediction without further analysis.""
"
54,"
  ""basic_identity"": 
    ""core_scaffold"": ""Aliphatic amide with a benzene ring""
  ,
  ""physicochemical_profile"": 
    ""size"": ""Medium"",
    ""lipophilicity"": ""Moderately lipophilic"",
    ""polarity"": ""Polar"",
    ""hydrogen_bonding"": ""One hydrogen bond donor and three acceptors"",
    ""flexibility"": ""Fairly flexible"",
    ""charge_state"": ""Mostly neutral""
  ,
  ""structural_features"": 
    ""rings_and_aromaticity"": ""One aromatic benzene ring"",
    ""key_functional_groups"": ""Amide"",
    ""substitution_pattern"": ""Ester-like substitution pattern"",
    ""stereochemistry"": ""Not obvious""
  ,
  ""general_medicinal_chemistry_notes"": ""This molecule exhibits a balance between lipophilicity and polarity, with a polar amide group and a moderately lipophilic benzene ring. The presence of an ester-like substitution pattern and a polar TPSA value suggest potential hydrolytic instability. The overall size and polarity may make it challenging for oral absorption, although this is a rough assessment without considering specific drug-likeness rules.""
"
55,"
  ""basic_identity"": 
    ""core_scaffold"": ""aliphatic chain with a terminal ether""
  ,
  ""physicochemical_profile"": 
    ""size"": ""small"",
    ""lipophilicity"": ""moderate"",
    ""polarity"": ""low"",
    ""hydrogen_bonding"": ""none"",
    ""flexibility"": ""rigid"",
    ""charge_state"": ""uncharged""
  ,
  ""structural_features"": 
    ""rings_and_aromaticity"": ""no rings, no aromaticity"",
    ""key_functional_groups"": ""ether"",
    ""substitution_pattern"": ""terminal"",
    ""stereochemistry"": ""not obvious""
  ,
  ""general_medicinal_chemistry_notes"": ""This molecule is relatively small and lipophilic, which may make it suitable for crossing biological membranes. However, its low polarity and lack of hydrogen bond donors or acceptors could limit its ability to interact with biological targets. The ether functional group is generally stable, but the terminal nature of the substituent may make the molecule more susceptible to metabolism.""
"
56,"
  ""basic_identity"": 
    ""core_scaffold"": ""Fluorinated alkylbenzene""
  ,
  ""physicochemical_profile"": 
    ""size"": ""Medium"",
    ""lipophilicity"": ""Highly lipophilic"",
    ""polarity"": ""Not polar"",
    ""hydrogen_bonding"": ""No hydrogen bond donors or acceptors"",
    ""flexibility"": ""Rigid"",
    ""charge_state"": ""Mostly neutral""
  ,
  ""structural_features"": 
    ""rings_and_aromaticity"": ""Contains one aromatic benzene ring"",
    ""key_functional_groups"": ""Fluorinated alkyl chain"",
    ""substitution_pattern"": ""Fluorinated alkyl chain is attached to the benzene ring"",
    ""stereochemistry"": ""Not obvious""
  ,
  ""general_medicinal_chemistry_notes"": ""This compound has a high lipophilicity, which may aid in drug absorption, but its lack of polar functional groups and hydrogen bond donors could limit its solubility and drug-target interactions. The fluorinated alkyl chain may confer metabolic stability, but the compound's lack of rotatable bonds suggests it may be rigid, which could impact its ability to bind to targets.""
"
57,"
  ""basic_identity"": 
    ""core_scaffold"": ""aliphatic amine""
  ,
  ""physicochemical_profile"": 
    ""size"": ""small"",
    ""lipophilicity"": ""low"",
    ""polarity"": ""high"",
    ""hydrogen_bonding"": ""contains two hydrogen bond donors and acceptors"",
    ""flexibility"": ""rigid"",
    ""charge_state"": ""mostly neutral""
  ,
  ""structural_features"": 
    ""rings_and_aromaticity"": ""no rings or aromaticity"",
    ""key_functional_groups"": ""aliphatic amine"",
    ""substitution_pattern"": ""not obvious"",
    ""stereochemistry"": ""not obvious""
  ,
  ""general_medicinal_chemistry_notes"": ""This molecule is relatively small and polar, with a low lipophilicity. It contains an aliphatic amine functional group, which may affect its chemical stability and reactivity. The high number of hydrogen bond donors and acceptors suggests it could interact with biological targets through hydrogen bonding. However, the lack of rotatable bonds and aromatic rings may limit its flexibility and potential to penetrate biological membranes.""
"
58,"
  ""basic_identity"": 
    ""core_scaffold"": ""Aliphatic amine""
  ,
  ""physicochemical_profile"": 
    ""size"": ""Small"",
    ""lipophilicity"": ""Moderate"",
    ""polarity"": ""Moderate"",
    ""hydrogen_bonding"": ""No hydrogen bond donors or acceptors"",
    ""flexibility"": ""Rigid"",
    ""charge_state"": ""Mostly neutral""
  ,
  ""structural_features"": 
    ""rings_and_aromaticity"": ""No rings or aromaticity"",
    ""key_functional_groups"": ""No key functional groups"",
    ""substitution_pattern"": ""Not clear from the given information"",
    ""stereochemistry"": ""Not obvious""
  ,
  ""general_medicinal_chemistry_notes"": ""This molecule is relatively small and has a moderate balance between lipophilicity and polarity. However, it lacks hydrogen bond donors or acceptors, which may limit its potential interactions with biological targets. The rigidity of the molecule could affect its ability to penetrate cell membranes.""
"
59,"
  ""basic_identity"": 
    ""core_scaffold"": ""Aliphatic amine with a substituted amide and halogen""
  ,
  ""physicochemical_profile"": 
    ""size"": ""Medium"",
    ""lipophilicity"": ""Moderately lipophilic with a XLogP of 1.388"",
    ""polarity"": ""Polar with a TPSA of 62.73"",
    ""hydrogen_bonding"": ""Contains 2 hydrogen bond donors and 5 acceptors"",
    ""flexibility"": ""Flexible with 4 rotatable bonds"",
    ""charge_state"": ""Uncertain""
  ,
  ""structural_features"": 
    ""rings_and_aromaticity"": ""Contains 1 aromatic ring (benzene)"",
    ""key_functional_groups"": ""Amide, tertiary amine, halogen (chlorine)"",
    ""substitution_pattern"": ""Substituents are attached to the benzene ring and the amide nitrogen"",
    ""stereochemistry"": ""Not obvious""
  ,
  ""general_medicinal_chemistry_notes"": ""This molecule has a balance between lipophilicity and polarity, with a moderately lipophilic character and a high polar surface area. The presence of multiple hydrogen bond donors and acceptors suggests it may interact with biological targets. The chlorine atom may impact chemical stability or metabolic clearance. The size and polar surface area are within the range of typical small-molecule drugs, but the exact drug-likeness cannot be determined without additional information.""
"
60,"
  ""basic_identity"": 
    ""core_scaffold"": ""Biphenyl with two chloro-substituted amides""
  ,
  ""physicochemical_profile"": 
    ""size"": ""Medium"",
    ""lipophilicity"": ""Highly lipophilic"",
    ""polarity"": ""Moderately polar"",
    ""hydrogen_bonding"": ""No hydrogen bond donors or acceptors"",
    ""flexibility"": ""Rigid"",
    ""charge_state"": ""Mostly neutral""
  ,
  ""structural_features"": 
    ""rings_and_aromaticity"": ""Two aromatic rings (biphenyl) with no conjugation"",
    ""key_functional_groups"": ""Two chloro-substituted amides"",
    ""substitution_pattern"": ""Two identical substituents on each aromatic ring"",
    ""stereochemistry"": ""Not obvious""
  ,
  ""general_medicinal_chemistry_notes"": ""This molecule has a high lipophilicity and moderate polarity, which may make it difficult to achieve optimal balance for drug-like properties. The presence of two chloro-substituted amides suggests potential chemical stability, but the lack of hydrogen bond donors or acceptors could limit its interactions with biological targets. The rigid structure may also limit its ability to conform to target sites.""
"
61,"
  ""basic_identity"": 
    ""core_scaffold"": ""Aliphatic chain with a central nitrogen atom and a terminal carbon""
  ,
  ""physicochemical_profile"": 
    ""size"": ""Medium"",
    ""lipophilicity"": ""Moderately lipophilic"",
    ""polarity"": ""Moderately polar"",
    ""hydrogen_bonding"": ""One potential hydrogen bond donor and acceptor"",
    ""flexibility"": ""Flexible"",
    ""charge_state"": ""Neutral""
  ,
  ""structural_features"": 
    ""rings_and_aromaticity"": ""No rings or aromaticity"",
    ""key_functional_groups"": ""None"",
    ""substitution_pattern"": ""Linear"",
    ""stereochemistry"": ""Not obvious""
  ,
  ""general_medicinal_chemistry_notes"": ""This molecule has a moderate balance between lipophilicity and polarity, which is a common feature of many drug-like molecules. However, its size and flexibility may limit its ability to interact with specific biological targets. The presence of a nitrogen atom suggests potential chemical reactivity, which could impact its stability or metabolic fate.""
"
62,"
  ""basic_identity"": 
    ""core_scaffold"": ""Benzene ring with two fluorinated phenyl groups attached via ether linkages""
  ,
  ""physicochemical_profile"": 
    ""size"": ""medium"",
    ""lipophilicity"": ""high"",
    ""polarity"": ""low"",
    ""hydrogen_bonding"": ""none"",
    ""flexibility"": ""rigid"",
    ""charge_state"": ""mostly neutral""
  ,
  ""structural_features"": 
    ""rings_and_aromaticity"": ""One aromatic benzene ring"",
    ""key_functional_groups"": ""Ether linkages, fluorinated phenyl groups"",
    ""substitution_pattern"": ""Two ortho-substituted phenyl groups"",
    ""stereochemistry"": ""Not obvious""
  ,
  ""general_medicinal_chemistry_notes"": ""This compound exhibits high lipophilicity and low polarity, which may suggest a potential for poor solubility and permeability. The presence of multiple fluorine atoms could enhance metabolic stability, but the compound's lack of hydrogen bond donors or acceptors might limit its ability to interact with biological targets. The rigid structure may affect its ability to fit into binding pockets.""
"
63,"
  ""basic_identity"": 
    ""core_scaffold"": ""Aliphatic amide with a substituted benzene ring""
  ,
  ""physicochemical_profile"": 
    ""size"": ""Medium"",
    ""lipophilicity"": ""Moderately lipophilic with a XLogP of 1.1788"",
    ""polarity"": ""Polar with a TPSA of 46.53"",
    ""hydrogen_bonding"": ""Contains one hydrogen bond donor and three hydrogen bond acceptors"",
    ""flexibility"": ""Flexible with one rotatable bond"",
    ""charge_state"": ""Uncertain""
  ,
  ""structural_features"": 
    ""rings_and_aromaticity"": ""Contains one aromatic benzene ring"",
    ""key_functional_groups"": ""Amide and hydroxyl groups"",
    ""substitution_pattern"": ""The benzene ring is substituted at the ortho position by the amide group and at the para position by a hydroxyl group"",
    ""stereochemistry"": ""Not obvious""
  ,
  ""general_medicinal_chemistry_notes"": ""This compound has a balance between lipophilicity and polarity, with a polar hydroxyl group and a moderately lipophilic amide. The presence of the hydroxyl group may affect chemical stability and metabolic clearance. The size and polarity may make it challenging for oral absorption.""
"
64,"
  ""basic_identity"": 
    ""core_scaffold"": ""Aliphatic chain with a single benzene ring""
  ,
  ""physicochemical_profile"": 
    ""size"": ""Medium"",
    ""lipophilicity"": ""Highly lipophilic"",
    ""polarity"": ""Not polar"",
    ""hydrogen_bonding"": ""No hydrogen bond donors or acceptors"",
    ""flexibility"": ""Flexible"",
    ""charge_state"": ""Mostly neutral""
  ,
  ""structural_features"": 
    ""rings_and_aromaticity"": ""Contains a single aromatic benzene ring"",
    ""key_functional_groups"": ""No functional groups"",
    ""substitution_pattern"": ""Two aliphatic chains are attached to the benzene ring"",
    ""stereochemistry"": ""Not obvious""
  ,
  ""general_medicinal_chemistry_notes"": ""This molecule has a high lipophilicity, which may be beneficial for drug-like properties, but its lack of polar functional groups could limit its solubility and bioavailability. The aliphatic chain and benzene ring suggest a potential for hydrophobic interactions, but the absence of hydrogen bond donors or acceptors may limit its ability to form stable complexes with biological targets. The flexibility of the molecule could allow for conformational adaptation, but the lack of stereochemistry may limit its selectivity.""
"
65,"
  ""basic_identity"": 
    ""core_scaffold"": ""aliphatic fluorinated alkane""
  ,
  ""physicochemical_profile"": 
    ""size"": ""small"",
    ""lipophilicity"": ""highly lipophilic"",
    ""polarity"": ""low"",
    ""hydrogen_bonding"": ""no hydrogen bond donors or acceptors"",
    ""flexibility"": ""rigid"",
    ""charge_state"": ""uncharged""
  ,
  ""structural_features"": 
    ""rings_and_aromaticity"": ""no rings or aromaticity"",
    ""key_functional_groups"": ""fluorine"",
    ""substitution_pattern"": ""single fluorine atom at the methyl carbon"",
    ""stereochemistry"": ""not obvious""
  ,
  ""general_medicinal_chemistry_notes"": ""This compound is highly lipophilic, which may be beneficial for membrane permeability but could also lead to poor solubility. The lack of hydrogen bond donors or acceptors suggests it may not interact well with biological targets via hydrogen bonding. The fluorine substitution may enhance lipophilicity and metabolic stability.""
"
66,"
  ""basic_identity"": 
    ""core_scaffold"": ""Aliphatic amine with two aromatic rings""
  ,
  ""physicochemical_profile"": 
    ""size"": ""Medium"",
    ""lipophilicity"": ""Moderately lipophilic with a XLogP of 1.47"",
    ""polarity"": ""Polar with a TPSA of 60.91"",
    ""hydrogen_bonding"": ""Contains one hydrogen bond donor and four hydrogen bond acceptors"",
    ""flexibility"": ""Flexible with one rotatable bond"",
    ""charge_state"": ""Mostly neutral""
  ,
  ""structural_features"": 
    ""rings_and_aromaticity"": ""Two aromatic rings, one of which is part of an amide"",
    ""key_functional_groups"": ""Amide, halogen (chlorine)"",
    ""substitution_pattern"": ""The amide is substituted at the nitrogen atom"",
    ""stereochemistry"": ""Not obvious""
  ,
  ""general_medicinal_chemistry_notes"": ""This molecule has a moderate balance between lipophilicity and polarity, with a polar amide and a moderately lipophilic halogen substituent. The presence of multiple hydrogen bond donors and acceptors suggests potential interactions with biological targets. The chlorine atom may introduce metabolic soft spots, and the flexibility of the molecule could impact its pharmacokinetics.""
"
67,"
  ""basic_identity"": 
    ""core_scaffold"": ""Aliphatic alkene""
  ,
  ""physicochemical_profile"": 
    ""size"": ""small"",
    ""lipophilicity"": ""moderate"",
    ""polarity"": ""low"",
    ""hydrogen_bonding"": ""none"",
    ""flexibility"": ""flexible"",
    ""charge_state"": ""uncertain""
  ,
  ""structural_features"": 
    ""rings_and_aromaticity"": ""No rings or aromaticity"",
    ""key_functional_groups"": ""Alkene"",
    ""substitution_pattern"": ""None"",
    ""stereochemistry"": ""Not obvious""
  ,
  ""general_medicinal_chemistry_notes"": ""This molecule is relatively small and moderately lipophilic, which may make it suitable for crossing biological membranes. However, its low polarity and lack of hydrogen bond donors or acceptors could limit its interactions with biological targets. The alkene functional group may be prone to oxidation, which could affect its stability.""
"
68,"
  ""basic_identity"": 
    ""core_scaffold"": ""Aliphatic chain with an amide group""
  ,
  ""physicochemical_profile"": 
    ""size"": ""small"",
    ""lipophilicity"": ""moderately lipophilic"",
    ""polarity"": ""polar"",
    ""hydrogen_bonding"": ""no hydrogen bond donors or acceptors"",
    ""flexibility"": ""rigid"",
    ""charge_state"": ""mostly neutral""
  ,
  ""structural_features"": 
    ""rings_and_aromaticity"": ""No rings or aromaticity"",
    ""key_functional_groups"": ""Amide"",
    ""substitution_pattern"": ""Single substituent on the chain"",
    ""stereochemistry"": ""Not obvious""
  ,
  ""general_medicinal_chemistry_notes"": ""This molecule has a moderate balance between lipophilicity and polarity, which is suitable for many drug-like properties. However, the lack of hydrogen bond donors or acceptors may limit its potential interactions with biological targets. The amide group can be a site of hydrolysis, which could affect its stability in vivo.""
"
69,"
  ""basic_identity"": 
    ""core_scaffold"": ""Aliphatic chain with an amide group""
  ,
  ""physicochemical_profile"": 
    ""size"": ""Medium"",
    ""lipophilicity"": ""Moderately lipophilic"",
    ""polarity"": ""Polar"",
    ""hydrogen_bonding"": ""One hydrogen bond donor and acceptor"",
    ""flexibility"": ""Flexible"",
    ""charge_state"": ""Mostly neutral""
  ,
  ""structural_features"": 
    ""rings_and_aromaticity"": ""No rings or aromaticity"",
    ""key_functional_groups"": ""Amide"",
    ""substitution_pattern"": ""Single substituent at the end of the chain"",
    ""stereochemistry"": ""Not obvious""
  ,
  ""general_medicinal_chemistry_notes"": ""This molecule has a moderate balance between lipophilicity and polarity, with a polar amide group and moderate lipophilicity. The presence of an amide group may suggest potential hydrogen bonding interactions with biological targets. The molecule is flexible due to four rotatable bonds. The exact charge state at physiological pH is uncertain, but it is likely to be mostly neutral.""
"
70,"
  ""basic_identity"": 
    ""core_scaffold"": ""Aliphatic carboxylic acid with an amide group""
  ,
  ""physicochemical_profile"": 
    ""size"": ""Medium"",
    ""lipophilicity"": ""Moderately lipophilic"",
    ""polarity"": ""Polar"",
    ""hydrogen_bonding"": ""No hydrogen bond donors or acceptors"",
    ""flexibility"": ""Flexible"",
    ""charge_state"": ""Mostly neutral""
  ,
  ""structural_features"": 
    ""rings_and_aromaticity"": ""No rings or aromaticity"",
    ""key_functional_groups"": ""Carboxylic acid, amide"",
    ""substitution_pattern"": ""Single substituent on the carboxylic acid"",
    ""stereochemistry"": ""Not obvious""
  ,
  ""general_medicinal_chemistry_notes"": ""This molecule has a moderate balance between lipophilicity and polarity, with a polar carboxylic acid and a moderately lipophilic amide. The lack of hydrogen bond donors or acceptors may limit its interactions with biological targets. The absence of aromatic rings suggests it may be less stable than aromatic compounds. The medium size and flexibility could make it a suitable candidate for oral drug-like properties, but further investigation is needed.""
"
71,"
  ""basic_identity"": 
    ""core_scaffold"": ""Benzene ring with two amides and an aliphatic chain""
  ,
  ""physicochemical_profile"": 
    ""size"": ""Medium"",
    ""lipophilicity"": ""Moderately lipophilic"",
    ""polarity"": ""Polar"",
    ""hydrogen_bonding"": ""Contains two hydrogen bond donors and four acceptors"",
    ""flexibility"": ""Flexible"",
    ""charge_state"": ""Mostly neutral""
  ,
  ""structural_features"": 
    ""rings_and_aromaticity"": ""Two aromatic rings (benzene and pyridine) are present, with one ring conjugated to the other."",
    ""key_functional_groups"": ""Amide, ester, and tertiary amine"",
    ""substitution_pattern"": ""Substituents are arranged in a linear pattern along the aliphatic chain"",
    ""stereochemistry"": ""Not obvious""
  ,
  ""general_medicinal_chemistry_notes"": ""This molecule exhibits a balance between lipophilicity and polarity, which is beneficial for drug-like properties. However, the high polar surface area (TPSA) may affect its solubility and permeability. The presence of multiple functional groups suggests potential chemical reactivity or metabolic soft spots. The size and complexity of the molecule might make it challenging for oral absorption.""
"
72,"
  ""basic_identity"": 
    ""core_scaffold"": ""Aliphatic carboxylic acid""
  ,
  ""physicochemical_profile"": 
    ""size"": ""small"",
    ""lipophilicity"": ""moderately polar"",
    ""polarity"": ""polar"",
    ""hydrogen_bonding"": ""one hydrogen bond donor, four acceptors"",
    ""flexibility"": ""flexible"",
    ""charge_state"": ""neutral""
  ,
  ""structural_features"": 
    ""rings_and_aromaticity"": ""No rings, no aromaticity"",
    ""key_functional_groups"": ""Carboxylic acid"",
    ""substitution_pattern"": ""Single carboxylic acid substituent"",
    ""stereochemistry"": ""Not obvious""
  ,
  ""general_medicinal_chemistry_notes"": ""This molecule is relatively small and polar, with a carboxylic acid group. The polar nature and the presence of a carboxylic acid may affect its chemical stability and potential oral drug-likeness. The moderate lipophilicity and polar character suggest a balance between hydrophilic and lipophilic properties, which is often desirable for many drug candidates.""
"
73,"
  ""basic_identity"": 
    ""core_scaffold"": ""aliphatic chain with a carboxylic acid group""
  ,
  ""physicochemical_profile"": 
    ""size"": ""medium"",
    ""lipophilicity"": ""moderately lipophilic"",
    ""polarity"": ""polar"",
    ""hydrogen_bonding"": ""contains one hydrogen bond acceptor"",
    ""flexibility"": ""flexible"",
    ""charge_state"": ""uncertain""
  ,
  ""structural_features"": 
    ""rings_and_aromaticity"": ""no rings or aromaticity"",
    ""key_functional_groups"": ""carboxylic acid"",
    ""substitution_pattern"": ""terminal carboxylic acid"",
    ""stereochemistry"": ""not obvious""
  ,
  ""general_medicinal_chemistry_notes"": ""This molecule has a moderate balance between lipophilicity and polarity, which is common for many drug-like compounds. The carboxylic acid group may provide a site for ionic interactions or hydrogen bonding. The flexibility of the molecule could impact its pharmacokinetic properties, such as absorption, distribution, metabolism, and excretion (ADME).""
"
74,"
  ""basic_identity"": 
    ""core_scaffold"": ""Aliphatic amine""
  ,
  ""physicochemical_profile"": 
    ""size"": ""small"",
    ""lipophilicity"": ""moderately hydrophilic"",
    ""polarity"": ""moderately polar"",
    ""hydrogen_bonding"": ""contains one hydrogen bond donor"",
    ""flexibility"": ""rigid"",
    ""charge_state"": ""mostly neutral""
  ,
  ""structural_features"": 
    ""rings_and_aromaticity"": ""No rings or aromaticity"",
    ""key_functional_groups"": ""contains one amine"",
    ""substitution_pattern"": ""Substituents are directly attached to the amine"",
    ""stereochemistry"": ""Not obvious""
  ,
  ""general_medicinal_chemistry_notes"": ""This molecule is relatively small and polar, with a single amine functional group. The lack of rotatable bonds suggests it may be rigid, which could impact its ability to bind to targets. The moderate lipophilicity and polarity balance may be advantageous for some applications, but the exact properties would depend on the specific context.""
"
75,"
  ""basic_identity"": 
    ""core_scaffold"": ""aliphatic amine""
  ,
  ""physicochemical_profile"": 
    ""size"": ""small"",
    ""lipophilicity"": ""slightly hydrophilic"",
    ""polarity"": ""polar"",
    ""hydrogen_bonding"": ""contains one hydrogen bond donor and one acceptor"",
    ""flexibility"": ""rigid"",
    ""charge_state"": ""mostly neutral""
  ,
  ""structural_features"": 
    ""rings_and_aromaticity"": ""no rings or aromaticity"",
    ""key_functional_groups"": ""amine"",
    ""substitution_pattern"": ""monosubstituted"",
    ""stereochemistry"": ""not obvious""
  ,
  ""general_medicinal_chemistry_notes"": ""This small molecule is polar with a single amine functional group. Its lack of rotatable bonds suggests a rigid structure, which may impact its ability to bind to biological targets. The hydrophilic nature of the molecule could potentially limit its oral bioavailability, but further analysis would be needed to confirm this.""
"
76,"
  ""basic_identity"": 
    ""core_scaffold"": ""Aliphatic chain with a central double bond""
  ,
  ""physicochemical_profile"": 
    ""size"": ""Small"",
    ""lipophilicity"": ""Moderately lipophilic"",
    ""polarity"": ""Not polar"",
    ""hydrogen_bonding"": ""No hydrogen bond donors or acceptors"",
    ""flexibility"": ""Rigid"",
    ""charge_state"": ""Mostly neutral""
  ,
  ""structural_features"": 
    ""rings_and_aromaticity"": ""No rings or aromaticity"",
    ""key_functional_groups"": ""None"",
    ""substitution_pattern"": ""Central double bond is flanked by two methylene groups"",
    ""stereochemistry"": ""Not obvious""
  ,
  ""general_medicinal_chemistry_notes"": ""This molecule is relatively small and moderately lipophilic, which may make it suitable for crossing biological membranes. However, its lack of polar functional groups and hydrogen bond donors/acceptors could limit its solubility and interaction with biological targets. The central double bond may introduce a potential site for chemical reactivity or metabolic instability.""
"
77,"
  ""basic_identity"": 
    ""core_scaffold"": ""Biphenyl""
  ,
  ""physicochemical_profile"": 
    ""size"": ""Medium"",
    ""lipophilicity"": ""Highly lipophilic"",
    ""polarity"": ""Not polar"",
    ""hydrogen_bonding"": ""No hydrogen bond donors or acceptors"",
    ""flexibility"": ""Rigid"",
    ""charge_state"": ""Mostly neutral""
  ,
  ""structural_features"": 
    ""rings_and_aromaticity"": ""Two aromatic rings (biphenyl) with no conjugation"",
    ""key_functional_groups"": ""No key functional groups"",
    ""substitution_pattern"": ""Two methyl groups attached to the biphenyl"",
    ""stereochemistry"": ""Not obvious""
  ,
  ""general_medicinal_chemistry_notes"": ""This molecule is relatively large and highly lipophilic, which may pose challenges for drug-like properties. The lack of hydrogen bond donors or acceptors could limit its interactions with biological targets. The biphenyl scaffold is a common feature in many pharmaceuticals, but the absence of functional groups and the rigid structure may limit its versatility.""
"
78,"
  ""basic_identity"": 
    ""core_scaffold"": ""aliphatic chain with chlorine atoms""
  ,
  ""physicochemical_profile"": 
    ""size"": ""small"",
    ""lipophilicity"": ""moderately lipophilic"",
    ""polarity"": ""low"",
    ""hydrogen_bonding"": ""no hydrogen bond donors or acceptors"",
    ""flexibility"": ""rigid"",
    ""charge_state"": ""mostly neutral""
  ,
  ""structural_features"": 
    ""rings_and_aromaticity"": ""no rings or aromaticity"",
    ""key_functional_groups"": ""chlorine"",
    ""substitution_pattern"": ""two chlorine atoms at the ends"",
    ""stereochemistry"": ""not obvious""
  ,
  ""general_medicinal_chemistry_notes"": ""This molecule has a moderate lipophilicity, which may aid in cellular permeation, but its low polarity and lack of hydrogen bond donors or acceptors could limit its solubility and biological activity. The presence of chlorine atoms may confer some chemical stability, but they can also potentially interfere with biological interactions.""
"
79,"
  ""basic_identity"": 
    ""core_scaffold"": ""Aliphatic amine with a benzene ring""
  ,
  ""physicochemical_profile"": 
    ""size"": ""Medium"",
    ""lipophilicity"": ""Moderately lipophilic"",
    ""polarity"": ""Moderately polar"",
    ""hydrogen_bonding"": ""One hydrogen bond donor and two acceptors"",
    ""flexibility"": ""Fairly flexible"",
    ""charge_state"": ""Mostly neutral""
  ,
  ""structural_features"": 
    ""rings_and_aromaticity"": ""One aromatic benzene ring"",
    ""key_functional_groups"": ""Amide"",
    ""substitution_pattern"": ""Substituent on the benzene ring"",
    ""stereochemistry"": ""Not obvious""
  ,
  ""general_medicinal_chemistry_notes"": ""This molecule has a balance between lipophilicity and polarity, with a moderate size. The amide functional group suggests potential hydrogen bonding interactions, but the high lipophilicity and polar surface area may affect its solubility and permeability. The aromatic ring could provide some stability, but the amide may be a metabolic soft spot. The overall profile is not clearly drug-like without further context.""
"
80,"
  ""basic_identity"": 
    ""core_scaffold"": ""Biphenyl""
  ,
  ""physicochemical_profile"": 
    ""size"": ""medium"",
    ""lipophilicity"": ""high"",
    ""polarity"": ""low"",
    ""hydrogen_bonding"": ""none"",
    ""flexibility"": ""rigid"",
    ""charge_state"": ""mostly neutral""
  ,
  ""structural_features"": 
    ""rings_and_aromaticity"": ""Two aromatic rings (biphenyl) with no conjugation"",
    ""key_functional_groups"": ""No functional groups"",
    ""substitution_pattern"": ""Two methyl groups at ortho positions"",
    ""stereochemistry"": ""Not obvious""
  ,
  ""general_medicinal_chemistry_notes"": ""This molecule is relatively large for a small-molecule drug, with a high lipophilicity and low polarity. The biphenyl scaffold is a common feature in many pharmaceuticals, but the lack of hydrogen bond donors or acceptors may limit its potential interactions with biological targets. The rigid structure may also affect its ability to penetrate cell membranes.""
"
81,"
  ""basic_identity"": 
    ""core_scaffold"": ""aliphatic chain with bromine substituent""
  ,
  ""physicochemical_profile"": 
    ""size"": ""medium"",
    ""lipophilicity"": ""high"",
    ""polarity"": ""low"",
    ""hydrogen_bonding"": ""none"",
    ""flexibility"": ""moderate"",
    ""charge_state"": ""mostly neutral""
  ,
  ""structural_features"": 
    ""rings_and_aromaticity"": ""no rings, no aromaticity"",
    ""key_functional_groups"": ""bromine"",
    ""substitution_pattern"": ""terminal substituent"",
    ""stereochemistry"": ""not obvious""
  ,
  ""general_medicinal_chemistry_notes"": ""This molecule has a high lipophilicity, which may be beneficial for membrane permeation but could also lead to poor solubility. The lack of polar functional groups and hydrogen bond donors/acceptors suggests low water solubility and potential for poor metabolic stability. The medium size and moderate flexibility make it a reasonable candidate for oral drug-like properties, but further optimization may be necessary to improve solubility and pharmacokinetics.""
"
82,"
  ""basic_identity"": 
    ""core_scaffold"": ""Aliphatic amide""
  ,
  ""physicochemical_profile"": 
    ""size"": ""Medium"",
    ""lipophilicity"": ""Moderately lipophilic"",
    ""polarity"": ""Moderately polar"",
    ""hydrogen_bonding"": ""One hydrogen bond donor and acceptor"",
    ""flexibility"": ""Fairly flexible"",
    ""charge_state"": ""Mostly neutral""
  ,
  ""structural_features"": 
    ""rings_and_aromaticity"": ""One aromatic ring (benzene)"",
    ""key_functional_groups"": ""Amide"",
    ""substitution_pattern"": ""Single substituent on the amide nitrogen"",
    ""stereochemistry"": ""Not obvious""
  ,
  ""general_medicinal_chemistry_notes"": ""This molecule has a moderate balance between lipophilicity and polarity, which is common for many drug-like compounds. The presence of an aromatic ring and an amide functional group suggests potential hydrogen bonding interactions with biological targets. The moderate flexibility and polar character may affect its solubility and permeability. The exact chemical stability and metabolic fate cannot be inferred from the given information.""
"
83,"
  ""basic_identity"": 
    ""core_scaffold"": ""benzene ring with substituted amide""
  ,
  ""physicochemical_profile"": 
    ""size"": ""medium"",
    ""lipophilicity"": ""relatively polar"",
    ""polarity"": ""high"",
    ""hydrogen_bonding"": ""contains two hydrogen bond donors and acceptors"",
    ""flexibility"": ""rigid"",
    ""charge_state"": ""mostly neutral""
  ,
  ""structural_features"": 
    ""rings_and_aromaticity"": ""contains one aromatic benzene ring"",
    ""key_functional_groups"": ""amide, bromine"",
    ""substitution_pattern"": ""bromine is attached to the aromatic ring"",
    ""stereochemistry"": ""not obvious""
  ,
  ""general_medicinal_chemistry_notes"": ""The molecule has a balance between lipophilicity and polarity, with a polar amide group and a relatively polar bromine substituent.The bromine atom may affect chemical stability and metabolic clearance.The high polarity and polar surface area (TPSA) suggest that this compound may be water-soluble, but its overall size and lipophilicity could impact drug-like properties.""
"
84,"
  ""basic_identity"": 
    ""core_scaffold"": ""Aliphatic chain""
  ,
  ""physicochemical_profile"": 
    ""size"": ""small"",
    ""lipophilicity"": ""low"",
    ""polarity"": ""low"",
    ""hydrogen_bonding"": ""none"",
    ""flexibility"": ""low"",
    ""charge_state"": ""uncharged""
  ,
  ""structural_features"": 
    ""rings_and_aromaticity"": ""none"",
    ""key_functional_groups"": ""none"",
    ""substitution_pattern"": ""none"",
    ""stereochemistry"": ""not obvious""
  ,
  ""general_medicinal_chemistry_notes"": ""This molecule is a simple alkane, which is not typically associated with biological activity. Its low polarity and lipophilicity suggest it may not readily interact with polar biological targets. Its small size and low flexibility make it a candidate for passive diffusion across cell membranes.""
"
85,"
  ""basic_identity"": 
    ""core_scaffold"": ""aliphatic chain with chlorine atom""
  ,
  ""physicochemical_profile"": 
    ""size"": ""small"",
    ""lipophilicity"": ""moderately lipophilic"",
    ""polarity"": ""low"",
    ""hydrogen_bonding"": ""no hydrogen bond donors or acceptors"",
    ""flexibility"": ""rigid"",
    ""charge_state"": ""uncharged""
  ,
  ""structural_features"": 
    ""rings_and_aromaticity"": ""no rings or aromaticity"",
    ""key_functional_groups"": ""chlorine atom"",
    ""substitution_pattern"": ""single substituent"",
    ""stereochemistry"": ""not obvious""
  ,
  ""general_medicinal_chemistry_notes"": ""This molecule is small and moderately lipophilic, which may make it suitable for some drug-like properties. However, the lack of hydrogen bond donors or acceptors and the presence of a chlorine atom could potentially limit its biological activity or lead to metabolic instability.""
"
86,"
  ""basic_identity"": 
    ""core_scaffold"": ""aliphatic chain with bromine substitution""
  ,
  ""physicochemical_profile"": 
    ""size"": ""medium"",
    ""lipophilicity"": ""moderately lipophilic"",
    ""polarity"": ""low"",
    ""hydrogen_bonding"": ""no hydrogen bond donors or acceptors"",
    ""flexibility"": ""flexible"",
    ""charge_state"": ""mostly neutral""
  ,
  ""structural_features"": 
    ""rings_and_aromaticity"": ""no rings or aromaticity"",
    ""key_functional_groups"": ""bromine"",
    ""substitution_pattern"": ""single bromine substitution at the end of the chain"",
    ""stereochemistry"": ""not obvious""
  ,
  ""general_medicinal_chemistry_notes"": ""This compound is moderately lipophilic, which may aid in cell permeability, but its low polarity and lack of hydrogen bond donors or acceptors could limit its solubility and biological activity. The bromine substitution may affect its reactivity and metabolic stability.""
"
87,"
  ""basic_identity"": 
    ""core_scaffold"": ""Aliphatic chain with two sulfur-containing groups""
  ,
  ""physicochemical_profile"": 
    ""size"": ""Medium"",
    ""lipophilicity"": ""Moderately lipophilic"",
    ""polarity"": ""Not polar"",
    ""hydrogen_bonding"": ""No hydrogen bond donors or acceptors"",
    ""flexibility"": ""Flexible"",
    ""charge_state"": ""Mostly neutral""
  ,
  ""structural_features"": 
    ""rings_and_aromaticity"": ""No rings or aromaticity"",
    ""key_functional_groups"": ""Sulfur-containing groups"",
    ""substitution_pattern"": ""Two sulfur-containing groups are attached to the same carbon atom"",
    ""stereochemistry"": ""Not obvious""
  ,
  ""general_medicinal_chemistry_notes"": ""This molecule has a moderate lipophilicity, but it lacks hydrogen bond donors and acceptors, which may limit its potential for binding to biological targets. The sulfur-containing groups could potentially introduce metabolic soft spots or affect chemical stability.""
"
88,"
  ""basic_identity"": 
    ""core_scaffold"": ""Aliphatic alkane""
  ,
  ""physicochemical_profile"": 
    ""size"": ""medium"",
    ""lipophilicity"": ""high"",
    ""polarity"": ""low"",
    ""hydrogen_bonding"": ""no hydrogen bond donors or acceptors"",
    ""flexibility"": ""flexible"",
    ""charge_state"": ""uncharged""
  ,
  ""structural_features"": 
    ""rings_and_aromaticity"": ""no rings or aromaticity"",
    ""key_functional_groups"": ""none"",
    ""substitution_pattern"": ""linear"",
    ""stereochemistry"": ""not obvious""
  ,
  ""general_medicinal_chemistry_notes"": ""This molecule is relatively hydrophobic, which may affect its solubility and permeability. The lack of polar functional groups or hydrogen bond donors/acceptors suggests it may not interact strongly with biological targets. The absence of aromatic rings or heteroatoms may impact its stability and metabolic liability.""
"
89,"
  ""basic_identity"": 
    ""core_scaffold"": ""aliphatic amine""
  ,
  ""physicochemical_profile"": 
    ""size"": ""small"",
    ""lipophilicity"": ""moderate"",
    ""polarity"": ""polar"",
    ""hydrogen_bonding"": ""one hydrogen bond donor and acceptor"",
    ""flexibility"": ""rigid"",
    ""charge_state"": ""neutral""
  ,
  ""structural_features"": 
    ""rings_and_aromaticity"": ""contains one aromatic ring"",
    ""key_functional_groups"": ""contains amide"",
    ""substitution_pattern"": ""monosubstituted amide"",
    ""stereochemistry"": ""not obvious""
  ,
  ""general_medicinal_chemistry_notes"": ""This molecule has a moderate balance between lipophilicity and polarity, with a polar amide group and a moderate XLogP value. The presence of an aromatic ring may contribute to its stability, but the amide group could potentially be a metabolic soft spot. The small size and lack of rotatable bonds suggest it may be orally bioavailable, but further analysis is needed to confirm this.""
"
90,"
  ""basic_identity"": 
    ""core_scaffold"": ""Biphenyl with two chloro groups and a chloro-substituted ether linker""
  ,
  ""physicochemical_profile"": 
    ""size"": ""Medium"",
    ""lipophilicity"": ""Highly lipophilic"",
    ""polarity"": ""Moderately polar"",
    ""hydrogen_bonding"": ""No hydrogen bond donors or acceptors"",
    ""flexibility"": ""Rigid"",
    ""charge_state"": ""Mostly neutral""
  ,
  ""structural_features"": 
    ""rings_and_aromaticity"": ""Two aromatic rings (biphenyl) with no conjugation"",
    ""key_functional_groups"": ""Chloro groups, ether"",
    ""substitution_pattern"": ""Ortho-substituted on both rings"",
    ""stereochemistry"": ""Not obvious""
  ,
  ""general_medicinal_chemistry_notes"": ""This molecule has a high lipophilicity and moderate polarity, which may make it challenging to balance drug-like properties. The presence of chloro groups suggests potential chemical stability, but the ether linker may be a metabolic soft spot. The lack of hydrogen bond donors or acceptors could limit its interaction with biological targets.""
"
91,"
  ""basic_identity"": 
    ""core_scaffold"": ""Benzene ring with substituted amide""
  ,
  ""physicochemical_profile"": 
    ""size"": ""medium"",
    ""lipophilicity"": ""moderately lipophilic"",
    ""polarity"": ""polar"",
    ""hydrogen_bonding"": ""one hydrogen bond donor and three acceptors"",
    ""flexibility"": ""flexible"",
    ""charge_state"": ""mostly neutral""
  ,
  ""structural_features"": 
    ""rings_and_aromaticity"": ""one aromatic benzene ring"",
    ""key_functional_groups"": ""amide, bromine"",
    ""substitution_pattern"": ""bromine and amide group attached to the benzene ring"",
    ""stereochemistry"": ""not obvious""
  ,
  ""general_medicinal_chemistry_notes"": ""This compound features a balance between lipophilicity and polarity, with a moderately lipophilic character due to the XLogP value and the presence of a bromine atom. The polar nature of the compound is further emphasized by the amide group and the high TPSA value, suggesting a hydrophilic character. The compound also contains one hydrogen bond donor and three acceptors, which may facilitate interactions with biological targets. The flexibility of the compound, as indicated by the number of rotatable bonds, could potentially allow for conformational adaptation to various binding sites. However, the presence of a bromine atom may introduce a metabolic soft spot, affecting the compound's stability and pharmacokinetic properties.""
"
92,"
  ""basic_identity"": 
    ""core_scaffold"": ""Aromatic ring with iodine substitution""
  ,
  ""physicochemical_profile"": 
    ""size"": ""small"",
    ""lipophilicity"": ""high"",
    ""polarity"": ""low"",
    ""hydrogen_bonding"": ""no donor or acceptor groups"",
    ""flexibility"": ""rigid"",
    ""charge_state"": ""uncharged""
  ,
  ""structural_features"": 
    ""rings_and_aromaticity"": ""Aromatic ring with one iodine substituent"",
    ""key_functional_groups"": ""Iodine"",
    ""substitution_pattern"": ""Single substituent"",
    ""stereochemistry"": ""Not obvious""
  ,
  ""general_medicinal_chemistry_notes"": ""This molecule is relatively small and lipophilic, but its high polarity due to the iodine atom may limit its usefulness as a drug candidate. The lack of hydrogen bond donors or acceptors suggests it may not interact well with biological targets. The iodine atom may be prone to oxidation, which could affect its stability.""
"
93,"
  ""basic_identity"": 
    ""core_scaffold"": ""Aliphatic chain with an amide and a sulfonate ester""
  ,
  ""physicochemical_profile"": 
    ""size"": ""Medium"",
    ""lipophilicity"": ""High"",
    ""polarity"": ""Moderate"",
    ""hydrogen_bonding"": ""No hydrogen bond donors or acceptors"",
    ""flexibility"": ""Flexible"",
    ""charge_state"": ""Mostly neutral""
  ,
  ""structural_features"": 
    ""rings_and_aromaticity"": ""No rings or aromaticity"",
    ""key_functional_groups"": ""amide, sulfonate ester"",
    ""substitution_pattern"": ""Two substituents on the amide nitrogen"",
    ""stereochemistry"": ""Not obvious""
  ,
  ""general_medicinal_chemistry_notes"": ""This molecule has a moderate polarity and high lipophilicity, which may make it challenging to balance drug-like properties. The presence of an amide and a sulfonate ester suggests potential hydrogen bonding interactions, but the lack of hydrogen bond donors or acceptors may limit its biological activity. The flexibility of the molecule, as indicated by six rotatable bonds, may also impact its pharmacokinetic properties.""
"
94,"
  ""basic_identity"": 
    ""core_scaffold"": ""Aliphatic carboxylic acid""
  ,
  ""physicochemical_profile"": 
    ""size"": ""small"",
    ""lipophilicity"": ""slightly hydrophilic"",
    ""polarity"": ""polar"",
    ""hydrogen_bonding"": ""no hydrogen bond donors or acceptors"",
    ""flexibility"": ""rigid"",
    ""charge_state"": ""mostly neutral""
  ,
  ""structural_features"": 
    ""rings_and_aromaticity"": ""No rings or aromaticity"",
    ""key_functional_groups"": ""Carboxylic acid"",
    ""substitution_pattern"": ""Not clear from the given information"",
    ""stereochemistry"": ""Not obvious""
  ,
  ""general_medicinal_chemistry_notes"": ""This molecule is small and polar, which may make it suitable for certain applications. However, the lack of hydrogen bond donors or acceptors could limit its interactions with biological targets. The carboxylic acid functional group is common in many pharmaceuticals, but its presence here may make the molecule more hydrophilic than ideal for oral drug-like properties.""
"
95,"
  ""basic_identity"": 
    ""core_scaffold"": ""aliphatic chain with one carbon substitution""
  ,
  ""physicochemical_profile"": 
    ""size"": ""small"",
    ""lipophilicity"": ""moderate"",
    ""polarity"": ""low"",
    ""hydrogen_bonding"": ""no donor or acceptor groups"",
    ""flexibility"": ""flexible"",
    ""charge_state"": ""neutral""
  ,
  ""structural_features"": 
    ""rings_and_aromaticity"": ""no rings or aromaticity"",
    ""key_functional_groups"": ""none"",
    ""substitution_pattern"": ""single carbon substitution at the second carbon"",
    ""stereochemistry"": ""not obvious""
  ,
  ""general_medicinal_chemistry_notes"": ""This molecule is relatively small and moderately lipophilic, which could make it suitable for crossing biological membranes. However, its lack of hydrogen bond donors or acceptors may limit its interactions with biological targets. The absence of aromatic rings or heteroatoms may also impact its chemical stability and pharmacokinetics.""
"
96,"
  ""basic_identity"": 
    ""core_scaffold"": ""Aliphatic ester with three halogens""
  ,
  ""physicochemical_profile"": 
    ""size"": ""Medium"",
    ""lipophilicity"": ""Moderately lipophilic"",
    ""polarity"": ""Moderately polar"",
    ""hydrogen_bonding"": ""No hydrogen bond donors or acceptors"",
    ""flexibility"": ""Flexible"",
    ""charge_state"": ""Uncertain""
  ,
  ""structural_features"": 
    ""rings_and_aromaticity"": ""No rings or aromaticity"",
    ""key_functional_groups"": ""Ester, halogens"",
    ""substitution_pattern"": ""Three halogens are attached to the ester"",
    ""stereochemistry"": ""Not obvious""
  ,
  ""general_medicinal_chemistry_notes"": ""This molecule has a moderate balance between lipophilicity and polarity, with a moderate number of rotatable bonds. The presence of halogens may affect its chemical stability and metabolic behavior. The lack of hydrogen bond donors or acceptors suggests it may not interact strongly with biological targets through hydrogen bonding.""
"
97,"
  ""basic_identity"": 
    ""core_scaffold"": ""aliphatic chain with three carbon atoms""
  ,
  ""physicochemical_profile"": 
    ""size"": ""small"",
    ""lipophilicity"": ""moderate"",
    ""polarity"": ""low"",
    ""hydrogen_bonding"": ""none"",
    ""flexibility"": ""rigid"",
    ""charge_state"": ""neutral""
  ,
  ""structural_features"": 
    ""rings_and_aromaticity"": ""no rings, no aromaticity"",
    ""key_functional_groups"": ""none"",
    ""substitution_pattern"": ""none"",
    ""stereochemistry"": ""not obvious""
  ,
  ""general_medicinal_chemistry_notes"": ""This molecule is relatively small and moderately lipophilic, which may make it suitable for crossing biological membranes. However, its lack of polar functional groups and hydrogen bond donors/acceptors could limit its potential interactions with biological targets. The rigid structure may also affect its ability to bind to targets.""
"
98,"
  ""basic_identity"": 
    ""core_scaffold"": ""Aliphatic carboxylic acid with an amide and an alkyl chain""
  ,
  ""physicochemical_profile"": 
    ""size"": ""Medium"",
    ""lipophilicity"": ""Moderately lipophilic"",
    ""polarity"": ""Moderately polar"",
    ""hydrogen_bonding"": ""One hydrogen bond donor and one acceptor"",
    ""flexibility"": ""Flexible"",
    ""charge_state"": ""Mostly neutral""
  ,
  ""structural_features"": 
    ""rings_and_aromaticity"": ""No rings or aromaticity"",
    ""key_functional_groups"": ""Carboxylic acid, amide"",
    ""substitution_pattern"": ""Alkyl chain attached to the amide"",
    ""stereochemistry"": ""Not obvious""
  ,
  ""general_medicinal_chemistry_notes"": ""This molecule has a balance between lipophilicity and polarity, which is common for many drugs. The presence of an amide and a carboxylic acid suggests potential hydrogen bonding interactions with biological targets. The moderate size and flexibility may allow for good drug-like properties, but the exact drug-likeness cannot be determined without additional information. The carboxylic acid group may be prone to hydrolysis under certain conditions.""
"
99,"
  ""basic_identity"": 
    ""core_scaffold"": ""Aromatic amide with a chlorinated aliphatic chain and a cyclic ether""
  ,
  ""physicochemical_profile"": 
    ""size"": ""Medium"",
    ""lipophilicity"": ""Highly lipophilic"",
    ""polarity"": ""Moderately polar"",
    ""hydrogen_bonding"": ""No hydrogen bond donors, four hydrogen bond acceptors"",
    ""flexibility"": ""Flexible"",
    ""charge_state"": ""Uncertain""
  ,
  ""structural_features"": 
    ""rings_and_aromaticity"": ""One aromatic benzene ring with a substituted amide"",
    ""key_functional_groups"": ""amide, ester, halogen"",
    ""substitution_pattern"": ""Substituents are attached to the benzene ring and the amide"",
    ""stereochemistry"": ""Not obvious""
  ,
  ""general_medicinal_chemistry_notes"": ""This molecule exhibits a balance between lipophilicity and polarity, with a high lipophilicity index and moderate polar surface area. The presence of an aromatic ring, amide, ester, and halogen may suggest a variety of biological interactions. The cyclic ether and chlorinated aliphatic chain could potentially introduce metabolic soft spots. The lack of hydrogen bond donors may limit its ability to form stable hydrogen bonds with biological targets.""
"
100,"
  ""basic_identity"": 
    ""core_scaffold"": ""aliphatic chain with one chlorine atom""
  ,
  ""physicochemical_profile"": 
    ""size"": ""small"",
    ""lipophilicity"": ""moderately lipophilic"",
    ""polarity"": ""low"",
    ""hydrogen_bonding"": ""no hydrogen bond donors or acceptors"",
    ""flexibility"": ""flexible"",
    ""charge_state"": ""mostly neutral""
  ,
  ""structural_features"": 
    ""rings_and_aromaticity"": ""no rings or aromaticity"",
    ""key_functional_groups"": ""contains one chlorine atom"",
    ""substitution_pattern"": ""chlorine atom is attached to the second carbon atom"",
    ""stereochemistry"": ""not obvious""
  ,
  ""general_medicinal_chemistry_notes"": ""This molecule is relatively small and moderately lipophilic, which could make it suitable for membrane permeation. However, the lack of hydrogen bond donors or acceptors and the presence of a chlorine atom may impact its biological activity and metabolic stability. The chlorine atom is attached to the second carbon atom, which could influence its reactivity.""
"
101,"
  ""basic_identity"": 
    ""core_scaffold"": ""Aliphatic chain with one methyl group""
  ,
  ""physicochemical_profile"": 
    ""size"": ""Medium"",
    ""lipophilicity"": ""Moderately lipophilic"",
    ""polarity"": ""Not polar"",
    ""hydrogen_bonding"": ""No hydrogen bond donors or acceptors"",
    ""flexibility"": ""Flexible"",
    ""charge_state"": ""Mostly neutral""
  ,
  ""structural_features"": 
    ""rings_and_aromaticity"": ""No rings or aromaticity"",
    ""key_functional_groups"": ""No functional groups"",
    ""substitution_pattern"": ""One methyl group attached to the third carbon"",
    ""stereochemistry"": ""Not obvious""
  ,
  ""general_medicinal_chemistry_notes"": ""This molecule has a moderate lipophilicity, but its lack of polar functional groups and hydrogen bond donors may limit its solubility and biological activity. The aliphatic chain structure suggests it could be relatively stable, but the absence of any obvious metabolic soft spots is not clear from the given information.""
"
102,"
  ""basic_identity"": 
    ""core_scaffold"": ""Aliphatic chain with an ester and an amide""
  ,
  ""physicochemical_profile"": 
    ""size"": ""Medium"",
    ""lipophilicity"": ""Moderately lipophilic"",
    ""polarity"": ""Moderately polar"",
    ""hydrogen_bonding"": ""One hydrogen bond donor and acceptor"",
    ""flexibility"": ""Flexible"",
    ""charge_state"": ""Mostly neutral""
  ,
  ""structural_features"": 
    ""rings_and_aromaticity"": ""No rings or aromaticity"",
    ""key_functional_groups"": ""ester, amide"",
    ""substitution_pattern"": ""One substituent on the amide"",
    ""stereochemistry"": ""Not obvious""
  ,
  ""general_medicinal_chemistry_notes"": ""This molecule has a moderate balance between lipophilicity and polarity, with a moderate number of rotatable bonds. The presence of an ester and an amide suggests potential hydrolytic instability. The size and polarity may make it challenging for oral absorption, but further analysis is needed to confirm this.""
"
103,"
  ""basic_identity"": 
    ""core_scaffold"": ""aliphatic amine""
  ,
  ""physicochemical_profile"": 
    ""size"": ""small"",
    ""lipophilicity"": ""moderate"",
    ""polarity"": ""polar"",
    ""hydrogen_bonding"": ""no hydrogen bond donor or acceptor"",
    ""flexibility"": ""rigid"",
    ""charge_state"": ""mostly neutral""
  ,
  ""structural_features"": 
    ""rings_and_aromaticity"": ""no rings or aromaticity"",
    ""key_functional_groups"": ""amide"",
    ""substitution_pattern"": ""single substituent on nitrogen"",
    ""stereochemistry"": ""not obvious""
  ,
  ""general_medicinal_chemistry_notes"": ""This compound is a small, polar molecule with a moderate lipophilicity. The amide functional group is common in many bioactive molecules, but the lack of hydrogen bond donors or acceptors may limit its interactions with biological targets. The rigid structure may affect its ability to fit into binding sites.""
"
104,"
  ""basic_identity"": 
    ""core_scaffold"": ""Benzene ring with substituted amide""
  ,
  ""physicochemical_profile"": 
    ""size"": ""Medium"",
    ""lipophilicity"": ""Moderately lipophilic with a XLogP of 2.68"",
    ""polarity"": ""Moderately polar with a TPSA of 3.24"",
    ""hydrogen_bonding"": ""No apparent hydrogen bond donors or acceptors"",
    ""flexibility"": ""Fairly flexible with 2 rotatable bonds"",
    ""charge_state"": ""Mostly neutral""
  ,
  ""structural_features"": 
    ""rings_and_aromaticity"": ""Contains a single aromatic benzene ring"",
    ""key_functional_groups"": ""Contains an amide and fluorinated alkyl groups"",
    ""substitution_pattern"": ""Fluorinated alkyl groups are attached to the benzene ring"",
    ""stereochemistry"": ""Not obvious from the given SMILES""
  ,
  ""general_medicinal_chemistry_notes"": ""This compound has a moderate balance between lipophilicity and polarity, with a XLogP of 2.68 and TPSA of 3.24. The presence of fluorine may enhance lipophilicity and metabolic stability. The absence of hydrogen bond donors or acceptors suggests limited interaction with biological targets. The compound's size and flexibility are moderate, which could affect its pharmacokinetic properties.""
"
105,"
  ""basic_identity"": 
    ""core_scaffold"": ""Aliphatic chloroalkane with a fluorinated ether and a fluorinated amide""
  ,
  ""physicochemical_profile"": 
    ""size"": ""Medium"",
    ""lipophilicity"": ""Moderately lipophilic"",
    ""polarity"": ""Moderately polar"",
    ""hydrogen_bonding"": ""No hydrogen bond donors or acceptors"",
    ""flexibility"": ""Fairly flexible"",
    ""charge_state"": ""Unclear""
  ,
  ""structural_features"": 
    ""rings_and_aromaticity"": ""No rings or aromaticity"",
    ""key_functional_groups"": ""Chloroalkane, fluorinated ether, fluorinated amide"",
    ""substitution_pattern"": ""Single substituent at each of two carbon atoms"",
    ""stereochemistry"": ""Not obvious""
  ,
  ""general_medicinal_chemistry_notes"": ""This molecule has a moderate balance between lipophilicity and polarity, but its fluorinated substituents may affect its chemical stability and metabolic properties. The lack of hydrogen bond donors or acceptors suggests it may not interact strongly with biological targets. The medium size and moderate flexibility make it a candidate for oral drug-like properties, but further investigation is needed.""
"
106,"
  ""basic_identity"": 
    ""core_scaffold"": ""Aliphatic chain with a central double bond""
  ,
  ""physicochemical_profile"": 
    ""size"": ""Medium"",
    ""lipophilicity"": ""Moderately lipophilic"",
    ""polarity"": ""Not polar"",
    ""hydrogen_bonding"": ""No hydrogen bond donors or acceptors"",
    ""flexibility"": ""Flexible"",
    ""charge_state"": ""Mostly neutral""
  ,
  ""structural_features"": 
    ""rings_and_aromaticity"": ""No rings or aromaticity"",
    ""key_functional_groups"": ""None"",
    ""substitution_pattern"": ""Linear"",
    ""stereochemistry"": ""Not obvious""
  ,
  ""general_medicinal_chemistry_notes"": ""This molecule has a moderate lipophilicity, but its lack of polar functional groups and hydrogen bonding sites may limit its potential as a drug candidate. The presence of multiple double bonds could introduce chemical instability or metabolic soft spots.""
"
107,"
  ""basic_identity"": 
    ""core_scaffold"": ""aliphatic alkane with a phenyl ring""
  ,
  ""physicochemical_profile"": 
    ""size"": ""small"",
    ""lipophilicity"": ""moderately lipophilic"",
    ""polarity"": ""low"",
    ""hydrogen_bonding"": ""no hydrogen bond donors or acceptors"",
    ""flexibility"": ""rigid"",
    ""charge_state"": ""mostly neutral""
  ,
  ""structural_features"": 
    ""rings_and_aromaticity"": ""contains one aromatic ring (phenyl)"",
    ""key_functional_groups"": ""none"",
    ""substitution_pattern"": ""single substitution at the phenyl ring"",
    ""stereochemistry"": ""not obvious""
  ,
  ""general_medicinal_chemistry_notes"": ""This molecule has a moderate balance between lipophilicity and polarity, which is common for many drugs. However, its lack of hydrogen bond donors or acceptors may limit its interactions with biological targets. The alkane core suggests potential chemical stability, but the phenyl ring could introduce metabolic soft spots. Overall, this molecule is relatively small and may be suitable for oral administration, but further optimization might be necessary to improve its pharmacological properties.""
"
108,"
  ""basic_identity"": 
    ""core_scaffold"": ""aliphatic amide""
  ,
  ""physicochemical_profile"": 
    ""size"": ""small"",
    ""lipophilicity"": ""moderately lipophilic"",
    ""polarity"": ""polar"",
    ""hydrogen_bonding"": ""no hydrogen bond donors or acceptors"",
    ""flexibility"": ""rigid"",
    ""charge_state"": ""mostly neutral""
  ,
  ""structural_features"": 
    ""rings_and_aromaticity"": ""no rings or aromaticity"",
    ""key_functional_groups"": ""amide"",
    ""substitution_pattern"": ""single substituent on the amide nitrogen"",
    ""stereochemistry"": ""not obvious""
  ,
  ""general_medicinal_chemistry_notes"": ""This compound has a moderate balance between lipophilicity and polarity, which is common for many drugs. The polar amide group may affect its solubility and potential for hydrogen bonding interactions. The lack of rotatable bonds suggests a rigid structure, which could impact its ability to bind to targets. The absence of hydrogen bond donors or acceptors might limit its potential for interactions with biological systems.""
"
109,"
  ""basic_identity"": 
    ""core_scaffold"": ""Aliphatic ester with a benzene ring""
  ,
  ""physicochemical_profile"": 
    ""size"": ""Medium"",
    ""lipophilicity"": ""Moderately lipophilic"",
    ""polarity"": ""Moderately polar"",
    ""hydrogen_bonding"": ""No hydrogen bond donors or acceptors"",
    ""flexibility"": ""Flexible"",
    ""charge_state"": ""Mostly neutral""
  ,
  ""structural_features"": 
    ""rings_and_aromaticity"": ""Contains one aromatic benzene ring"",
    ""key_functional_groups"": ""Ester"",
    ""substitution_pattern"": ""Two alkyl chains and one ether substituent on the benzene ring"",
    ""stereochemistry"": ""Not obvious""
  ,
  ""general_medicinal_chemistry_notes"": ""This molecule has a moderate balance between lipophilicity and polarity, with a moderate degree of flexibility. The presence of an ester functional group may affect its chemical stability and metabolic fate. The absence of hydrogen bond donors or acceptors suggests it may not interact strongly with biological targets through hydrogen bonding.""
"
110,"
  ""basic_identity"": 
    ""core_scaffold"": ""Aliphatic amide with a benzene ring""
  ,
  ""physicochemical_profile"": 
    ""size"": ""Medium"",
    ""lipophilicity"": ""Highly lipophilic"",
    ""polarity"": ""Moderately polar"",
    ""hydrogen_bonding"": ""No hydrogen bond donors or acceptors"",
    ""flexibility"": ""Fairly flexible"",
    ""charge_state"": ""Mostly neutral""
  ,
  ""structural_features"": 
    ""rings_and_aromaticity"": ""Contains one aromatic benzene ring"",
    ""key_functional_groups"": ""Amide"",
    ""substitution_pattern"": ""Substituents are attached to the benzene ring"",
    ""stereochemistry"": ""Not obvious""
  ,
  ""general_medicinal_chemistry_notes"": ""This molecule has a balance between lipophilicity and polarity, but its high lipophilicity may pose challenges for drug-like properties. The lack of hydrogen bond donors or acceptors could limit its interactions with biological targets. The amide functional group is common in many drugs, but its position on the aromatic ring might affect its chemical stability.""
"
111,"
  ""basic_identity"": 
    ""core_scaffold"": ""aliphatic chain with two methyl groups""
  ,
  ""physicochemical_profile"": 
    ""size"": ""small"",
    ""lipophilicity"": ""moderate"",
    ""polarity"": ""low"",
    ""hydrogen_bonding"": ""one hydrogen bond donor and acceptor"",
    ""flexibility"": ""one rotatable bond"",
    ""charge_state"": ""mostly neutral""
  ,
  ""structural_features"": 
    ""rings_and_aromaticity"": ""no rings or aromaticity"",
    ""key_functional_groups"": ""none"",
    ""substitution_pattern"": ""two methyl groups attached to the chain"",
    ""stereochemistry"": ""not obvious""
  ,
  ""general_medicinal_chemistry_notes"": ""This molecule has a moderate lipophilicity and low polarity, which may make it suitable for some drug-like properties. However, the lack of hydrogen bond donors or acceptors could limit its potential interactions with biological targets. The single rotatable bond suggests some flexibility, but the absence of rings or aromaticity may affect its stability or drug-like properties.""
"
112,"
  ""basic_identity"": 
    ""core_scaffold"": ""Aliphatic chain with a carboxylic acid at the end""
  ,
  ""physicochemical_profile"": 
    ""size"": ""Medium"",
    ""lipophilicity"": ""Moderately lipophilic"",
    ""polarity"": ""Polar"",
    ""hydrogen_bonding"": ""No hydrogen bond donor or acceptor"",
    ""flexibility"": ""Flexible"",
    ""charge_state"": ""Mostly neutral""
  ,
  ""structural_features"": 
    ""rings_and_aromaticity"": ""No rings or aromaticity"",
    ""key_functional_groups"": ""Carboxylic acid"",
    ""substitution_pattern"": ""Single substitution at the end"",
    ""stereochemistry"": ""Not obvious""
  ,
  ""general_medicinal_chemistry_notes"": ""This molecule has a moderate balance between lipophilicity and polarity, but its polarity is relatively high due to the carboxylic acid group. The presence of a carboxylic acid may affect its chemical stability and potential for metabolic degradation. The medium size and flexibility suggest it could be orally bioavailable, but further analysis is needed to confirm this.""
"
113,"
  ""basic_identity"": 
    ""core_scaffold"": ""Benzene ring with substituted amide""
  ,
  ""physicochemical_profile"": 
    ""size"": ""Medium"",
    ""lipophilicity"": ""Moderately lipophilic"",
    ""polarity"": ""Moderately polar"",
    ""hydrogen_bonding"": ""One hydrogen bond donor and three acceptors"",
    ""flexibility"": ""Fairly flexible"",
    ""charge_state"": ""Mostly neutral""
  ,
  ""structural_features"": 
    ""rings_and_aromaticity"": ""One aromatic benzene ring"",
    ""key_functional_groups"": ""Amide, ether, ester"",
    ""substitution_pattern"": ""One substituent on the amide nitrogen"",
    ""stereochemistry"": ""Not obvious""
  ,
  ""general_medicinal_chemistry_notes"": ""This molecule exhibits a balance between lipophilicity and polarity, with a moderate XLogP and TPSA values. The presence of an amide, ether, and ester functional groups suggests potential hydrogen bonding interactions. The moderate size, flexibility, and polar character may make it suitable for a variety of targets. However, the exact drug-like properties would require further investigation.""
"
114,"
  ""basic_identity"": 
    ""core_scaffold"": ""Aliphatic chain with a brominated cyclohexane ring""
  ,
  ""physicochemical_profile"": 
    ""size"": ""Medium"",
    ""lipophilicity"": ""Moderately lipophilic due to the bromine atom"",
    ""polarity"": ""Not very polar"",
    ""hydrogen_bonding"": ""No hydrogen bond donors or acceptors"",
    ""flexibility"": ""Flexible due to one rotatable bond"",
    ""charge_state"": ""Uncertain""
  ,
  ""structural_features"": 
    ""rings_and_aromaticity"": ""Contains one aromatic cyclohexane ring with a bromine substituent"",
    ""key_functional_groups"": ""Bromine"",
    ""substitution_pattern"": ""The bromine atom is attached to the cyclohexane ring"",
    ""stereochemistry"": ""Not obvious""
  ,
  ""general_medicinal_chemistry_notes"": ""This molecule has a moderate lipophilicity, which may be beneficial for drug-like properties. However, the bromine atom could potentially affect its chemical stability or metabolic clearance. The lack of hydrogen bond donors or acceptors might limit its interaction with biological targets.""
"
115,"
  ""basic_identity"": 
    ""core_scaffold"": ""Aliphatic chain with an ester and a carboxylic acid""
  ,
  ""physicochemical_profile"": 
    ""size"": ""Medium"",
    ""lipophilicity"": ""Moderately lipophilic"",
    ""polarity"": ""Moderately polar"",
    ""hydrogen_bonding"": ""No hydrogen bond donors or acceptors"",
    ""flexibility"": ""Flexible"",
    ""charge_state"": ""Uncertain""
  ,
  ""structural_features"": 
    ""rings_and_aromaticity"": ""No rings or aromaticity"",
    ""key_functional_groups"": ""ester, carboxylic acid"",
    ""substitution_pattern"": ""Unknown"",
    ""stereochemistry"": ""Not obvious""
  ,
  ""general_medicinal_chemistry_notes"": ""This molecule has a moderate balance between lipophilicity and polarity, but it lacks hydrogen bond donors or acceptors, which may limit its potential interactions with biological targets. The ester and carboxylic acid functional groups could be susceptible to hydrolysis, affecting its stability. The medium size and flexibility suggest it may be orally bioavailable, but further analysis is needed to confirm this.""
"
116,"
  ""basic_identity"": 
    ""core_scaffold"": ""Aliphatic chain with a central ketone and two ethers""
  ,
  ""physicochemical_profile"": 
    ""size"": ""Medium"",
    ""lipophilicity"": ""Moderately lipophilic"",
    ""polarity"": ""Moderately polar"",
    ""hydrogen_bonding"": ""No hydrogen bond donors or acceptors"",
    ""flexibility"": ""Flexible"",
    ""charge_state"": ""Unclear""
  ,
  ""structural_features"": 
    ""rings_and_aromaticity"": ""No rings or aromaticity"",
    ""key_functional_groups"": ""Ketone, two ethers"",
    ""substitution_pattern"": ""Two ethers are attached to the central carbon"",
    ""stereochemistry"": ""Not obvious""
  ,
  ""general_medicinal_chemistry_notes"": ""This molecule has a moderate balance between lipophilicity and polarity, but it lacks hydrogen bond donors or acceptors, which may limit its interactions with biological targets. The presence of a ketone could potentially make it prone to oxidation, and the ethers may affect its metabolic stability. The medium size and flexibility suggest it could be orally bioavailable, but further investigation is needed to confirm this.""
"
117,"
  ""basic_identity"": 
    ""core_scaffold"": ""Aliphatic chain with two carbonyl groups""
  ,
  ""physicochemical_profile"": 
    ""size"": ""small"",
    ""lipophilicity"": ""low"",
    ""polarity"": ""moderate"",
    ""hydrogen_bonding"": ""no donor or acceptor groups"",
    ""flexibility"": ""rigid"",
    ""charge_state"": ""mostly neutral""
  ,
  ""structural_features"": 
    ""rings_and_aromaticity"": ""No rings or aromaticity"",
    ""key_functional_groups"": ""Two carbonyl groups"",
    ""substitution_pattern"": ""Two carbonyl groups are terminal"",
    ""stereochemistry"": ""Not obvious""
  ,
  ""general_medicinal_chemistry_notes"": ""This molecule is relatively small and polar, with no hydrogen bond donors or acceptors. The lack of rotatable bonds suggests it may be rigid, which could affect its ability to bind to targets. The presence of two carbonyl groups may indicate potential chemical reactivity, but further investigation would be needed to confirm this.""
"
118,"
  ""basic_identity"": 
    ""core_scaffold"": ""Aliphatic amide""
  ,
  ""physicochemical_profile"": 
    ""size"": ""Medium"",
    ""lipophilicity"": ""Moderately lipophilic"",
    ""polarity"": ""Moderately polar"",
    ""hydrogen_bonding"": ""One hydrogen bond donor and two acceptors"",
    ""flexibility"": ""Rigid"",
    ""charge_state"": ""Mostly neutral""
  ,
  ""structural_features"": 
    ""rings_and_aromaticity"": ""One aromatic ring (benzene)"",
    ""key_functional_groups"": ""Amide"",
    ""substitution_pattern"": ""Single substituent on the amide nitrogen"",
    ""stereochemistry"": ""Not obvious""
  ,
  ""general_medicinal_chemistry_notes"": ""This molecule has a moderate balance between lipophilicity and polarity, with a moderately polar amide group and a moderate degree of lipophilicity. The presence of an aromatic ring may contribute to its stability. The lack of rotatable bonds suggests that it may be rigid, which could affect its ability to bind to targets. The single hydrogen bond donor and two acceptors suggest that it may have potential for hydrogen bonding interactions.""
"
119,"
  ""basic_identity"": 
    ""core_scaffold"": ""Biphenyl with four chlorine atoms""
  ,
  ""physicochemical_profile"": 
    ""size"": ""Medium"",
    ""lipophilicity"": ""Highly lipophilic"",
    ""polarity"": ""Not polar"",
    ""hydrogen_bonding"": ""No hydrogen bond donors or acceptors"",
    ""flexibility"": ""Flexible"",
    ""charge_state"": ""Mostly neutral""
  ,
  ""structural_features"": 
    ""rings_and_aromaticity"": ""Two aromatic rings (biphenyl) with no conjugation"",
    ""key_functional_groups"": ""Four chlorine atoms"",
    ""substitution_pattern"": ""All substituents are ortho to each other"",
    ""stereochemistry"": ""Not obvious""
  ,
  ""general_medicinal_chemistry_notes"": ""This molecule has a high lipophilicity, which may be beneficial for drug-like properties, but its lack of polar functional groups could limit its solubility and bioavailability. The presence of four chlorine atoms suggests potential chemical stability, but it may also impact its reactivity and metabolic clearance. The biphenyl scaffold is a common feature in many pharmaceuticals, but the absence of hydrogen bond donors or acceptors could limit its interactions with biological targets.""
"
120,"
  ""basic_identity"": 
    ""core_scaffold"": ""bicyclic alkane""
  ,
  ""physicochemical_profile"": 
    ""size"": ""medium"",
    ""lipophilicity"": ""moderately lipophilic"",
    ""polarity"": ""low"",
    ""hydrogen_bonding"": ""no hydrogen bond donors or acceptors"",
    ""flexibility"": ""flexible with 2 rotatable bonds"",
    ""charge_state"": ""neutral""
  ,
  ""structural_features"": 
    ""rings_and_aromaticity"": ""contains a bicyclic alkane with no aromatic rings"",
    ""key_functional_groups"": ""none"",
    ""substitution_pattern"": ""two substituents are attached to the bicyclic core"",
    ""stereochemistry"": ""not obvious""
  ,
  ""general_medicinal_chemistry_notes"": ""This molecule has a moderate lipophilicity and low polarity, which may be suitable for certain drug-like properties. However, the lack of hydrogen bond donors or acceptors could limit its interactions with biological targets. The bicyclic structure might provide some stability, but the absence of functional groups could also make it more susceptible to metabolism.""
"
121,"
  ""basic_identity"": 
    ""core_scaffold"": ""Benzene ring with two amides""
  ,
  ""physicochemical_profile"": 
    ""size"": ""medium"",
    ""lipophilicity"": ""moderately polar"",
    ""polarity"": ""polar"",
    ""hydrogen_bonding"": ""no donor or acceptor groups"",
    ""flexibility"": ""rigid"",
    ""charge_state"": ""mostly neutral""
  ,
  ""structural_features"": 
    ""rings_and_aromaticity"": ""Two aromatic benzene rings"",
    ""key_functional_groups"": ""Two amides"",
    ""substitution_pattern"": ""Two amides are attached to the benzene rings"",
    ""stereochemistry"": ""Not obvious""
  ,
  ""general_medicinal_chemistry_notes"": ""This molecule is relatively large and polar, which may impact its oral drug-likeness. The presence of two amides suggests potential hydrogen bonding interactions, but the lack of hydrogen bond donors or acceptors in the given descriptors is unusual. The aromatic rings may contribute to lipophilicity, but the overall profile is moderately polar. The rigidity of the molecule may limit its ability to bind to flexible protein pockets.""
"
122,"
  ""basic_identity"": 
    ""core_scaffold"": ""aliphatic chain with two carbon atoms""
  ,
  ""physicochemical_profile"": 
    ""size"": ""small"",
    ""lipophilicity"": ""slightly hydrophilic"",
    ""polarity"": ""moderate"",
    ""hydrogen_bonding"": ""one hydrogen bond donor and acceptor"",
    ""flexibility"": ""rigid"",
    ""charge_state"": ""neutral""
  ,
  ""structural_features"": 
    ""rings_and_aromaticity"": ""no rings or aromaticity"",
    ""key_functional_groups"": ""none"",
    ""substitution_pattern"": ""none"",
    ""stereochemistry"": ""not obvious""
  ,
  ""general_medicinal_chemistry_notes"": ""This molecule is small and has moderate polarity, making it potentially suitable for a variety of applications. However, its lack of hydrogen bond acceptors and donors may limit its interactions with biological targets. The absence of rotatable bonds suggests that it is rigid, which could affect its ability to fit into binding sites.""
"
123,"
  ""basic_identity"": 
    ""core_scaffold"": ""Perfluorinated alkane with a central tertiary carbon""
  ,
  ""physicochemical_profile"": 
    ""size"": ""small"",
    ""lipophilicity"": ""high"",
    ""polarity"": ""low"",
    ""hydrogen_bonding"": ""none"",
    ""flexibility"": ""rigid"",
    ""charge_state"": ""neutral""
  ,
  ""structural_features"": 
    ""rings_and_aromaticity"": ""No rings or aromaticity"",
    ""key_functional_groups"": ""Perfluorinated alkane"",
    ""substitution_pattern"": ""Perfluorinated alkane has substituents at every carbon"",
    ""stereochemistry"": ""Not obvious""
  ,
  ""general_medicinal_chemistry_notes"": ""This molecule is highly lipophilic but lacks polar functional groups, which may limit its solubility and drug-like properties. The perfluorinated alkane structure is known for its stability, but it's unclear how this molecule would behave in biological systems.""
"
124,"
  ""basic_identity"": 
    ""core_scaffold"": ""Chloro-substituted cyclohexane with an amide moiety""
  ,
  ""physicochemical_profile"": 
    ""size"": ""Medium"",
    ""lipophilicity"": ""Moderately lipophilic"",
    ""polarity"": ""Moderately polar"",
    ""hydrogen_bonding"": ""One potential hydrogen bond donor and acceptor"",
    ""flexibility"": ""Rigid"",
    ""charge_state"": ""Mostly neutral""
  ,
  ""structural_features"": 
    ""rings_and_aromaticity"": ""One aromatic cyclohexane ring"",
    ""key_functional_groups"": ""Amide, chloro substituent"",
    ""substitution_pattern"": ""Single chloro substituent at the amide nitrogen"",
    ""stereochemistry"": ""Not obvious""
  ,
  ""general_medicinal_chemistry_notes"": ""This molecule has a moderate balance between lipophilicity and polarity, which is a common feature of many drugs. The presence of an amide functional group suggests potential hydrogen bonding interactions with biological targets. The chloro substituent may affect the molecule's reactivity and metabolic stability. The rigidity of the molecule might limit its ability to conform to various targets.""
"
125,"
  ""basic_identity"": 
    ""core_scaffold"": ""Aliphatic amine""
  ,
  ""physicochemical_profile"": 
    ""size"": ""small"",
    ""lipophilicity"": ""moderate"",
    ""polarity"": ""moderate"",
    ""hydrogen_bonding"": ""contains one hydrogen bond donor and acceptor"",
    ""flexibility"": ""rigid"",
    ""charge_state"": ""mostly neutral""
  ,
  ""structural_features"": 
    ""rings_and_aromaticity"": ""no rings or aromaticity"",
    ""key_functional_groups"": ""contains amine"",
    ""substitution_pattern"": ""contains one substituent on the amine"",
    ""stereochemistry"": ""not obvious""
  ,
  ""general_medicinal_chemistry_notes"": ""This compound is a small, moderately lipophilic and polar molecule with a single amine functional group. Its rigidity and lack of rotatable bonds suggest limited flexibility. The presence of an amine may indicate potential basicity or reactivity, but further investigation is needed to confirm this.""
"
126,"
  ""basic_identity"": 
    ""core_scaffold"": ""Tricyclic aromatic compound""
  ,
  ""physicochemical_profile"": 
    ""size"": ""Medium"",
    ""lipophilicity"": ""Highly lipophilic"",
    ""polarity"": ""Not polar"",
    ""hydrogen_bonding"": ""No hydrogen bond donors or acceptors"",
    ""flexibility"": ""Rigid"",
    ""charge_state"": ""Mostly neutral""
  ,
  ""structural_features"": 
    ""rings_and_aromaticity"": ""Three aromatic rings (3 benzene rings) are present."",
    ""key_functional_groups"": ""No functional groups are present."",
    ""substitution_pattern"": ""The aromatic rings are substituted with alkyl chains."",
    ""stereochemistry"": ""Not obvious""
  ,
  ""general_medicinal_chemistry_notes"": ""This compound is relatively large for a typical small-molecule drug. Its high lipophilicity may indicate a potential for good membrane permeability, but its lack of polar functional groups could make it difficult to solubilize. The absence of hydrogen bond donors or acceptors may limit its ability to interact with biological targets.""
"
127,"
  ""basic_identity"": 
    ""core_scaffold"": ""aliphatic iodine atom""
  ,
  ""physicochemical_profile"": 
    ""size"": ""small"",
    ""lipophilicity"": ""high due to iodine substitution"",
    ""polarity"": ""moderate due to iodine"",
    ""hydrogen_bonding"": ""no donor or acceptor groups"",
    ""flexibility"": ""rigid"",
    ""charge_state"": ""uncertain""
  ,
  ""structural_features"": 
    ""rings_and_aromaticity"": ""no rings or aromaticity"",
    ""key_functional_groups"": ""iodine"",
    ""substitution_pattern"": ""single iodine atom"",
    ""stereochemistry"": ""not obvious""
  ,
  ""general_medicinal_chemistry_notes"": ""This molecule is relatively small and lipophilic due to the iodine substitution. However, iodine is a large and potentially unstable atom, which may impact chemical stability and metabolic clearance. The lack of hydrogen bond donors or acceptors suggests limited interaction with biological targets.""
"
128,"
  ""basic_identity"": 
    ""core_scaffold"": ""Chloro-substituted benzamide""
  ,
  ""physicochemical_profile"": 
    ""size"": ""Medium"",
    ""lipophilicity"": ""Moderately lipophilic with a chloro-substituted aromatic ring"",
    ""polarity"": ""Moderately polar with a hydroxyl group and a high TPSA value"",
    ""hydrogen_bonding"": ""One potential hydrogen bond donor and three potential acceptors"",
    ""flexibility"": ""Fairly flexible with two rotatable bonds"",
    ""charge_state"": ""Uncertain""
  ,
  ""structural_features"": 
    ""rings_and_aromaticity"": ""One aromatic benzene ring"",
    ""key_functional_groups"": ""Amide, ester, chloro, and hydroxyl groups"",
    ""substitution_pattern"": ""Two chloro substituents at ortho positions and an ester at the para position"",
    ""stereochemistry"": ""Not obvious""
  ,
  ""general_medicinal_chemistry_notes"": ""This molecule has a balance between lipophilicity and polarity, with a moderately polar TPSA value and a moderately lipophilic XLogP. The presence of an amide, ester, and chloro substituents suggests potential chemical stability, but the high number of rotatable bonds may affect drug-like properties. The hydroxyl group and high TPSA value indicate a polar character, which could impact solubility and permeability.""
"
129,"
  ""basic_identity"": 
    ""core_scaffold"": ""aliphatic chain with chlorine substituents""
  ,
  ""physicochemical_profile"": 
    ""size"": ""small"",
    ""lipophilicity"": ""high"",
    ""polarity"": ""low"",
    ""hydrogen_bonding"": ""no hydrogen bond donors or acceptors"",
    ""flexibility"": ""rigid"",
    ""charge_state"": ""uncharged""
  ,
  ""structural_features"": 
    ""rings_and_aromaticity"": ""no rings or aromaticity"",
    ""key_functional_groups"": ""chlorine"",
    ""substitution_pattern"": ""terminal substituents"",
    ""stereochemistry"": ""not obvious""
  ,
  ""general_medicinal_chemistry_notes"": ""This molecule is relatively small and lipophilic, which may aid in membrane permeation. However, the lack of hydrogen bond donors or acceptors could limit its interactions with biological targets. The chlorine substituents may affect its reactivity and metabolic stability.""
"
130,"
  ""basic_identity"": 
    ""core_scaffold"": ""aliphatic chain""
  ,
  ""physicochemical_profile"": 
    ""size"": ""small"",
    ""lipophilicity"": ""moderate"",
    ""polarity"": ""low"",
    ""hydrogen_bonding"": ""none"",
    ""flexibility"": ""moderate"",
    ""charge_state"": ""uncharged""
  ,
  ""structural_features"": 
    ""rings_and_aromaticity"": ""none"",
    ""key_functional_groups"": ""none"",
    ""substitution_pattern"": ""none"",
    ""stereochemistry"": ""not obvious""
  ,
  ""general_medicinal_chemistry_notes"": ""This molecule is a simple alkane with moderate lipophilicity and low polarity. Its small size and lack of hydrogen bond donors or acceptors may limit its potential as a drug candidate, as it could struggle to interact with biological targets. However, its chemical stability is likely high due to the absence of reactive functional groups.""
"
131,"
  ""basic_identity"": 
    ""core_scaffold"": ""Aliphatic chain with a single nitrogen atom""
  ,
  ""physicochemical_profile"": 
    ""size"": ""small"",
    ""lipophilicity"": ""moderate"",
    ""polarity"": ""moderate"",
    ""hydrogen_bonding"": ""no hydrogen bond donors or acceptors"",
    ""flexibility"": ""flexible"",
    ""charge_state"": ""mostly neutral""
  ,
  ""structural_features"": 
    ""rings_and_aromaticity"": ""No rings or aromaticity"",
    ""key_functional_groups"": ""None"",
    ""substitution_pattern"": ""Single nitrogen atom is part of the chain"",
    ""stereochemistry"": ""Not obvious""
  ,
  ""general_medicinal_chemistry_notes"": ""This molecule has a moderate balance between lipophilicity and polarity, but it lacks hydrogen bond donors or acceptors, which may limit its interactions with biological targets. The aliphatic chain structure suggests potential chemical stability, but the single nitrogen atom could potentially be a metabolic soft spot.""
"
132,"
  ""basic_identity"": 
    ""core_scaffold"": ""Fluorinated aliphatic bromide""
  ,
  ""physicochemical_profile"": 
    ""size"": ""Medium"",
    ""lipophilicity"": ""Highly lipophilic"",
    ""polarity"": ""Not polar"",
    ""hydrogen_bonding"": ""No hydrogen bond donors or acceptors"",
    ""flexibility"": ""Rigid"",
    ""charge_state"": ""Charge unknown""
  ,
  ""structural_features"": 
    ""rings_and_aromaticity"": ""No rings or aromaticity"",
    ""key_functional_groups"": ""Fluorine, bromine"",
    ""substitution_pattern"": ""Single substituent at one carbon"",
    ""stereochemistry"": ""Not obvious""
  ,
  ""general_medicinal_chemistry_notes"": ""This molecule is relatively large for a small molecule drug, with a high lipophilicity and no hydrogen bond donors or acceptors. The presence of halogens may affect its chemical stability and reactivity. The lack of rotatable bonds suggests a rigid structure, which could impact its ability to bind to biological targets.""
"
133,"
  ""basic_identity"": 
    ""core_scaffold"": ""Aliphatic amine with a benzene ring""
  ,
  ""physicochemical_profile"": 
    ""size"": ""Medium"",
    ""lipophilicity"": ""Moderately lipophilic"",
    ""polarity"": ""Polar"",
    ""hydrogen_bonding"": ""No hydrogen bond donors, two hydrogen bond acceptors"",
    ""flexibility"": ""Flexible"",
    ""charge_state"": ""Mostly neutral""
  ,
  ""structural_features"": 
    ""rings_and_aromaticity"": ""One aromatic benzene ring"",
    ""key_functional_groups"": ""Amide"",
    ""substitution_pattern"": ""Two substituents on the benzene ring"",
    ""stereochemistry"": ""Not obvious""
  ,
  ""general_medicinal_chemistry_notes"": ""This compound has a balance between lipophilicity and polarity, with a moderate XLogP and a polar TPSA. The amide functional group may affect its chemical stability and metabolic behavior. The compound's size and polarity suggest it could be a potential drug candidate, but further investigation is needed to confirm its drug-like properties.""
"
134,"
  ""basic_identity"": 
    ""core_scaffold"": ""Aliphatic carboxylic acid""
  ,
  ""physicochemical_profile"": 
    ""size"": ""medium"",
    ""lipophilicity"": ""moderately lipophilic"",
    ""polarity"": ""polar"",
    ""hydrogen_bonding"": ""no hydrogen bond donors or acceptors"",
    ""flexibility"": ""flexible"",
    ""charge_state"": ""uncertain""
  ,
  ""structural_features"": 
    ""rings_and_aromaticity"": ""No rings or aromaticity"",
    ""key_functional_groups"": ""Carboxylic acid"",
    ""substitution_pattern"": ""Single substituent on carboxylic acid"",
    ""stereochemistry"": ""Not obvious""
  ,
  ""general_medicinal_chemistry_notes"": ""This molecule has a moderate balance between lipophilicity and polarity, but its lack of hydrogen bond donors or acceptors may limit its interactions with biological targets. The carboxylic acid group is susceptible to hydrolysis, which could affect its stability in vivo. The medium size and flexibility suggest it may be orally bioavailable, but further analysis is needed to confirm this.""
"
135,"
  ""basic_identity"": 
    ""core_scaffold"": ""Biphenyl with two chloro substituents and a chloroacetamide moiety""
  ,
  ""physicochemical_profile"": 
    ""size"": ""Medium"",
    ""lipophilicity"": ""Highly lipophilic"",
    ""polarity"": ""Not polar"",
    ""hydrogen_bonding"": ""No hydrogen bond donors or acceptors"",
    ""flexibility"": ""Flexible"",
    ""charge_state"": ""Mostly neutral""
  ,
  ""structural_features"": 
    ""rings_and_aromaticity"": ""Two aromatic rings (biphenyl) with no conjugation"",
    ""key_functional_groups"": ""Chloroacetamide"",
    ""substitution_pattern"": ""Two chloro substituents at ortho positions"",
    ""stereochemistry"": ""Not obvious""
  ,
  ""general_medicinal_chemistry_notes"": ""This molecule has a high lipophilicity, which may be beneficial for drug-like properties, but its lack of polar functional groups and hydrogen bond donors could limit its solubility and interactions with biological targets. The presence of chlorine atoms may affect its chemical stability and metabolic clearance.""
"
136,"
  ""basic_identity"": 
    ""core_scaffold"": ""Biphenyl with two chloro substituents""
  ,
  ""physicochemical_profile"": 
    ""size"": ""Medium"",
    ""lipophilicity"": ""Highly lipophilic"",
    ""polarity"": ""Not polar"",
    ""hydrogen_bonding"": ""No hydrogen bond donors or acceptors"",
    ""flexibility"": ""Flexible"",
    ""charge_state"": ""Mostly neutral""
  ,
  ""structural_features"": 
    ""rings_and_aromaticity"": ""Two aromatic rings (biphenyl) with no conjugation"",
    ""key_functional_groups"": ""Chloro substituents"",
    ""substitution_pattern"": ""Two chloro substituents are ortho to each other"",
    ""stereochemistry"": ""Not obvious""
  ,
  ""general_medicinal_chemistry_notes"": ""The high lipophilicity may aid in membrane permeation, but the lack of polar functional groups could limit solubility.The biphenyl scaffold is a common feature in many pharmaceuticals, suggesting potential drug-likeness.The presence of chloro substituents may affect metabolic stability and pharmacokinetics.""
"
137,"
  ""basic_identity"": 
    ""core_scaffold"": ""Aliphatic chain with a central cyclohexane ring and two ethyl substituents""
  ,
  ""physicochemical_profile"": 
    ""size"": ""Medium"",
    ""lipophilicity"": ""Moderately lipophilic"",
    ""polarity"": ""Low"",
    ""hydrogen_bonding"": ""No hydrogen bond donors or acceptors"",
    ""flexibility"": ""Flexible with two rotatable bonds"",
    ""charge_state"": ""Mostly neutral""
  ,
  ""structural_features"": 
    ""rings_and_aromaticity"": ""No aromatic rings"",
    ""key_functional_groups"": ""No key functional groups"",
    ""substitution_pattern"": ""Two ethyl substituents are attached to the cyclohexane ring"",
    ""stereochemistry"": ""Not obvious""
  ,
  ""general_medicinal_chemistry_notes"": ""This molecule has a moderate lipophilicity, which may aid in cell permeability. However, its lack of hydrogen bond donors or acceptors could limit its potential for interactions with biological targets. The absence of aromatic rings might affect its stability and pharmacokinetics. The medium size and flexibility could make it a reasonable candidate for oral drug-like properties, but further investigation is needed.""
"
138,"
  ""basic_identity"": 
    ""core_scaffold"": ""Aliphatic carboxylic acid with an alkyl chain and a secondary amine""
  ,
  ""physicochemical_profile"": 
    ""size"": ""Medium"",
    ""lipophilicity"": ""Moderately lipophilic"",
    ""polarity"": ""Moderately polar"",
    ""hydrogen_bonding"": ""One hydrogen bond donor and acceptor"",
    ""flexibility"": ""Fairly flexible"",
    ""charge_state"": ""Neutral at physiological pH""
  ,
  ""structural_features"": 
    ""rings_and_aromaticity"": ""No rings or aromaticity"",
    ""key_functional_groups"": ""Carboxylic acid and secondary amine"",
    ""substitution_pattern"": ""The carboxylic acid and amine are attached to the same carbon atom"",
    ""stereochemistry"": ""Not obvious""
  ,
  ""general_medicinal_chemistry_notes"": ""This molecule has a balance between lipophilicity and polarity, which is important for drug-like properties. The carboxylic acid group may be prone to hydrolysis, and the secondary amine could potentially be a soft spot for metabolism. The size and polarity of this molecule suggest it may not be an ideal oral drug candidate.""
"
139,"
  ""basic_identity"": 
    ""core_scaffold"": ""aliphatic chain with two ethyl groups""
  ,
  ""physicochemical_profile"": 
    ""size"": ""small"",
    ""lipophilicity"": ""moderate"",
    ""polarity"": ""moderate"",
    ""hydrogen_bonding"": ""no donor or acceptor groups"",
    ""flexibility"": ""rigid"",
    ""charge_state"": ""mostly neutral""
  ,
  ""structural_features"": 
    ""rings_and_aromaticity"": ""no rings or aromaticity"",
    ""key_functional_groups"": ""none"",
    ""substitution_pattern"": ""two ethyl groups attached to the central carbon"",
    ""stereochemistry"": ""not obvious""
  ,
  ""general_medicinal_chemistry_notes"": ""This molecule is relatively small and has a moderate balance between lipophilicity and polarity, which is common for many small-molecule drugs. However, the lack of hydrogen bond donors or acceptors may limit its interactions with biological targets. The rigid structure may also affect its ability to penetrate cell membranes.""
"
140,"
  ""basic_identity"": 
    ""core_scaffold"": ""aliphatic alcohol""
  ,
  ""physicochemical_profile"": 
    ""size"": ""small"",
    ""lipophilicity"": ""moderate"",
    ""polarity"": ""polar"",
    ""hydrogen_bonding"": ""one hydrogen bond donor"",
    ""flexibility"": ""flexible"",
    ""charge_state"": ""uncharged""
  ,
  ""structural_features"": 
    ""rings_and_aromaticity"": ""no rings or aromaticity"",
    ""key_functional_groups"": ""alcohol"",
    ""substitution_pattern"": ""one substituent"",
    ""stereochemistry"": ""not obvious""
  ,
  ""general_medicinal_chemistry_notes"": ""Ethanol is a relatively small molecule with moderate lipophilicity and polar character, making it suitable for a variety of applications. However, its hydrogen bond donor capacity may impact its solubility and interactions with biological targets. The presence of an alcohol group suggests potential chemical reactivity, which should be considered in drug design.""
"
141,"
  ""basic_identity"": 
    ""core_scaffold"": ""Biphenyl with two chlorine atoms and two tertiary chloroamines""
  ,
  ""physicochemical_profile"": 
    ""size"": ""Medium"",
    ""lipophilicity"": ""Highly lipophilic"",
    ""polarity"": ""Not polar"",
    ""hydrogen_bonding"": ""No hydrogen bond donors or acceptors"",
    ""flexibility"": ""Flexible"",
    ""charge_state"": ""Mostly neutral""
  ,
  ""structural_features"": 
    ""rings_and_aromaticity"": ""Two aromatic rings (biphenyl) with no conjugation"",
    ""key_functional_groups"": ""Tertiary chloroamines"",
    ""substitution_pattern"": ""Two identical substituents on each aromatic ring"",
    ""stereochemistry"": ""Not obvious""
  ,
  ""general_medicinal_chemistry_notes"": ""This compound is highly lipophilic, which may be beneficial for membrane permeation but could also lead to poor solubility. The lack of polar functional groups and hydrogen bond donors may limit its aqueous solubility and biological activity. The presence of two tertiary chloroamines suggests potential metabolic soft spots, as these groups are prone to nucleophilic attack. The compound's size and lipophilicity are not typical for small-molecule drugs, which may pose challenges in drug discovery and development.""
"
142,"
  ""basic_identity"": 
    ""core_scaffold"": ""aliphatic chain with two chlorine substituents""
  ,
  ""physicochemical_profile"": 
    ""size"": ""small"",
    ""lipophilicity"": ""high"",
    ""polarity"": ""low"",
    ""hydrogen_bonding"": ""no hydrogen bond donors or acceptors"",
    ""flexibility"": ""rigid"",
    ""charge_state"": ""uncharged""
  ,
  ""structural_features"": 
    ""rings_and_aromaticity"": ""no rings or aromaticity"",
    ""key_functional_groups"": ""chlorine"",
    ""substitution_pattern"": ""terminal substituents"",
    ""stereochemistry"": ""not obvious""
  ,
  ""general_medicinal_chemistry_notes"": ""This molecule is relatively small and lipophilic, which may be beneficial for drug-like properties. However, the lack of hydrogen bond donors or acceptors and the presence of chlorine may limit its potential interactions with biological targets. The rigidity of the molecule could also affect its ability to bind to complex structures.""
"
143,"
  ""basic_identity"": 
    ""core_scaffold"": ""aliphatic ketone with two ester groups""
  ,
  ""physicochemical_profile"": 
    ""size"": ""small"",
    ""lipophilicity"": ""moderate"",
    ""polarity"": ""moderate"",
    ""hydrogen_bonding"": ""one hydrogen bond donor and acceptor"",
    ""flexibility"": ""flexible"",
    ""charge_state"": ""mostly neutral""
  ,
  ""structural_features"": 
    ""rings_and_aromaticity"": ""no rings or aromaticity"",
    ""key_functional_groups"": ""ester, ketone"",
    ""substitution_pattern"": ""two ester groups attached to the carbonyl carbon"",
    ""stereochemistry"": ""not obvious""
  ,
  ""general_medicinal_chemistry_notes"": ""This molecule has a balance between lipophilicity and polarity, which is common for many drugs. However, the presence of two ester groups may affect its chemical stability and metabolic properties. The moderate size and moderate hydrogen bonding capacity suggest it could be a potential lead compound for various targets.""
"
144,"
  ""basic_identity"": 
    ""core_scaffold"": ""Aliphatic chain with an ester and two ketone functional groups""
  ,
  ""physicochemical_profile"": 
    ""size"": ""Medium"",
    ""lipophilicity"": ""Moderately lipophilic"",
    ""polarity"": ""Moderately polar"",
    ""hydrogen_bonding"": ""No hydrogen bond donors or acceptors"",
    ""flexibility"": ""Flexible"",
    ""charge_state"": ""Mostly neutral""
  ,
  ""structural_features"": 
    ""rings_and_aromaticity"": ""No rings or aromaticity"",
    ""key_functional_groups"": ""ester, ketone"",
    ""substitution_pattern"": ""Two ketones are attached to the central carbon"",
    ""stereochemistry"": ""Not obvious""
  ,
  ""general_medicinal_chemistry_notes"": ""This molecule has a moderate balance between lipophilicity and polarity, with a moderate number of rotatable bonds. The ester and ketone functional groups suggest potential chemical reactivity, and the absence of hydrogen bond donors or acceptors may limit its interaction with biological targets. The size and polarity may make it less suitable for oral drug-like properties.""
"
145,"
  ""basic_identity"": 
    ""core_scaffold"": ""Aliphatic compound with five chlorine atoms and one trichloromethyl group.""
  ,
  ""physicochemical_profile"": 
    ""size"": ""Medium"",
    ""lipophilicity"": ""Highly lipophilic"",
    ""polarity"": ""Non-polar"",
    ""hydrogen_bonding"": ""No hydrogen bond donors or acceptors"",
    ""flexibility"": ""Rigid"",
    ""charge_state"": ""Mostly neutral""
  ,
  ""structural_features"": 
    ""rings_and_aromaticity"": ""No rings or aromaticity"",
    ""key_functional_groups"": ""Chlorine atoms"",
    ""substitution_pattern"": ""Trichloromethyl group at one carbon, four chlorine atoms at other carbons"",
    ""stereochemistry"": ""Not obvious""
  ,
  ""general_medicinal_chemistry_notes"": ""This compound is highly lipophilic, which may affect its solubility and permeability. The presence of multiple chlorine atoms suggests potential chemical stability, but the lack of polar functional groups may limit its interactions with biological targets. The rigidity of the molecule could affect its ability to fit into binding sites.""
"
146,"
  ""basic_identity"": 
    ""core_scaffold"": ""aliphatic amine""
  ,
  ""physicochemical_profile"": 
    ""size"": ""medium"",
    ""lipophilicity"": ""moderately lipophilic"",
    ""polarity"": ""low"",
    ""hydrogen_bonding"": ""no donor or acceptor groups"",
    ""flexibility"": ""flexible"",
    ""charge_state"": ""mostly neutral""
  ,
  ""structural_features"": 
    ""rings_and_aromaticity"": ""contains one aromatic ring (benzene)"",
    ""key_functional_groups"": ""aliphatic amine"",
    ""substitution_pattern"": ""substituent is attached to the aromatic ring"",
    ""stereochemistry"": ""not obvious""
  ,
  ""general_medicinal_chemistry_notes"": ""This compound has a moderate lipophilicity and low polarity, which may make it suitable for certain drug-like properties. However, the lack of hydrogen bond donors or acceptors could limit its interactions with biological targets. The aliphatic amine functional group is a common site for metabolic deactivation, so potential stability issues should be considered.""
"
147,"
  ""basic_identity"": 
    ""core_scaffold"": ""Aliphatic amine with a substituted benzene ring""
  ,
  ""physicochemical_profile"": 
    ""size"": ""Medium"",
    ""lipophilicity"": ""High"",
    ""polarity"": ""Moderate"",
    ""hydrogen_bonding"": ""One hydrogen bond donor and acceptor"",
    ""flexibility"": ""Slightly flexible"",
    ""charge_state"": ""Mostly neutral""
  ,
  ""structural_features"": 
    ""rings_and_aromaticity"": ""One aromatic benzene ring"",
    ""key_functional_groups"": ""Amide"",
    ""substitution_pattern"": ""Two substituents on the benzene ring"",
    ""stereochemistry"": ""Not obvious""
  ,
  ""general_medicinal_chemistry_notes"": ""The molecule exhibits a balance between lipophilicity and polarity, with a high XLogP and moderate TPSA.The presence of an amide functional group suggests potential hydrogen bonding interactions.The medium size and high lipophilicity may raise concerns about oral drug-likeness, but this is a rough assessment and more detailed analysis is needed.""
"
148,"
  ""basic_identity"": 
    ""core_scaffold"": ""aliphatic chain with chlorine atom""
  ,
  ""physicochemical_profile"": 
    ""size"": ""small"",
    ""lipophilicity"": ""moderately lipophilic"",
    ""polarity"": ""low"",
    ""hydrogen_bonding"": ""no hydrogen bond donors or acceptors"",
    ""flexibility"": ""rigid"",
    ""charge_state"": ""uncharged""
  ,
  ""structural_features"": 
    ""rings_and_aromaticity"": ""no rings or aromaticity"",
    ""key_functional_groups"": ""chlorine atom"",
    ""substitution_pattern"": ""single chlorine atom at the end of the chain"",
    ""stereochemistry"": ""not obvious""
  ,
  ""general_medicinal_chemistry_notes"": ""This molecule is relatively small and moderately lipophilic, which may make it suitable for crossing biological membranes. However, its low polarity and lack of hydrogen bond donors or acceptors could limit its ability to interact with biological targets. The chlorine atom may provide some additional reactivity, but its presence could also make the molecule more prone to metabolism or elimination.""
"
149,"
  ""basic_identity"": 
    ""core_scaffold"": ""aliphatic diene""
  ,
  ""physicochemical_profile"": 
    ""size"": ""small"",
    ""lipophilicity"": ""moderate"",
    ""polarity"": ""low"",
    ""hydrogen_bonding"": ""none"",
    ""flexibility"": ""flexible"",
    ""charge_state"": ""neutral""
  ,
  ""structural_features"": 
    ""rings_and_aromaticity"": ""no rings, no aromaticity"",
    ""key_functional_groups"": ""none"",
    ""substitution_pattern"": ""none"",
    ""stereochemistry"": ""not obvious""
  ,
  ""general_medicinal_chemistry_notes"": ""This molecule is relatively small and moderately lipophilic, but it lacks hydrogen bond donors and acceptors, which may limit its interactions with biological targets. The double bonds could potentially introduce reactivity or metabolic soft spots.""
"
150,"
  ""basic_identity"": 
    ""core_scaffold"": ""Aliphatic chain with a benzene ring and a ketone""
  ,
  ""physicochemical_profile"": 
    ""size"": ""Medium"",
    ""lipophilicity"": ""Highly lipophilic"",
    ""polarity"": ""Not polar"",
    ""hydrogen_bonding"": ""No hydrogen bond donors or acceptors"",
    ""flexibility"": ""Flexible"",
    ""charge_state"": ""Mostly neutral""
  ,
  ""structural_features"": 
    ""rings_and_aromaticity"": ""Contains one aromatic benzene ring"",
    ""key_functional_groups"": ""Ketone"",
    ""substitution_pattern"": ""Substituents are attached to the benzene ring"",
    ""stereochemistry"": ""Not obvious""
  ,
  ""general_medicinal_chemistry_notes"": ""This molecule has a high lipophilicity, which may be beneficial for drug-like properties, but its lack of polar functional groups could limit its solubility and potential interactions with biological targets. The ketone group may be prone to oxidation, which could affect its stability. The aromatic ring and aliphatic chain suggest a medium size, which is generally suitable for a small-molecule drug.""
"
151,"
  ""basic_identity"": 
    ""core_scaffold"": ""Aliphatic amine""
  ,
  ""physicochemical_profile"": 
    ""size"": ""small"",
    ""lipophilicity"": ""moderate"",
    ""polarity"": ""polar"",
    ""hydrogen_bonding"": ""no hydrogen bond donors or acceptors"",
    ""flexibility"": ""rigid"",
    ""charge_state"": ""mostly neutral""
  ,
  ""structural_features"": 
    ""rings_and_aromaticity"": ""contains one aromatic ring (benzene)"",
    ""key_functional_groups"": ""none"",
    ""substitution_pattern"": ""two substituents attached to the aromatic ring"",
    ""stereochemistry"": ""not obvious""
  ,
  ""general_medicinal_chemistry_notes"": ""This molecule is relatively small and polar, with moderate lipophilicity. It contains an aromatic ring, which can contribute to binding affinity for some targets. However, the lack of hydrogen bond donors or acceptors may limit its interactions with biological systems. The rigid structure and absence of rotatable bonds suggest that this molecule may have limited conformational flexibility.""
"
152,"
  ""basic_identity"": 
    ""core_scaffold"": ""aliphatic carboxylic acid""
  ,
  ""physicochemical_profile"": 
    ""size"": ""small"",
    ""lipophilicity"": ""moderately polar"",
    ""polarity"": ""polar"",
    ""hydrogen_bonding"": ""contains 1 HBD and 1 HBA"",
    ""flexibility"": ""flexible"",
    ""charge_state"": ""mostly neutral""
  ,
  ""structural_features"": 
    ""rings_and_aromaticity"": ""no rings or aromaticity"",
    ""key_functional_groups"": ""carboxylic acid"",
    ""substitution_pattern"": ""none"",
    ""stereochemistry"": ""not obvious""
  ,
  ""general_medicinal_chemistry_notes"": ""This molecule is relatively small and polar, which may make it suitable for certain biological targets. However, its moderate lipophilicity and polar nature could potentially limit its oral drug-likeness. The carboxylic acid group is prone to hydrolysis, which could impact its stability in vivo.""
"
153,"
  ""basic_identity"": 
    ""core_scaffold"": ""dichloro-substituted benzene ring""
  ,
  ""physicochemical_profile"": 
    ""size"": ""medium"",
    ""lipophilicity"": ""high"",
    ""polarity"": ""low"",
    ""hydrogen_bonding"": ""none"",
    ""flexibility"": ""rigid"",
    ""charge_state"": ""mostly neutral""
  ,
  ""structural_features"": 
    ""rings_and_aromaticity"": ""one aromatic benzene ring"",
    ""key_functional_groups"": ""two chlorine atoms"",
    ""substitution_pattern"": ""two chlorine atoms at ortho positions"",
    ""stereochemistry"": ""not obvious""
  ,
  ""general_medicinal_chemistry_notes"": ""This molecule has a high lipophilicity, which may be beneficial for membrane permeability, but its low polarity and lack of hydrogen bond donors could limit its solubility and biological activity. The presence of two chlorine atoms may increase its reactivity and potential for metabolic instability.""
"
154,"
  ""basic_identity"": 
    ""core_scaffold"": ""Aliphatic amide with a chloroalkane side chain""
  ,
  ""physicochemical_profile"": 
    ""size"": ""Medium"",
    ""lipophilicity"": ""Slightly hydrophilic"",
    ""polarity"": ""Highly polar"",
    ""hydrogen_bonding"": ""Two hydrogen bond donors and acceptors"",
    ""flexibility"": ""Rigid"",
    ""charge_state"": ""Mostly neutral""
  ,
  ""structural_features"": 
    ""rings_and_aromaticity"": ""One aromatic ring (benzene)"",
    ""key_functional_groups"": ""Amide, Chloroalkane"",
    ""substitution_pattern"": ""Two substituents on the aromatic ring"",
    ""stereochemistry"": ""Not obvious""
  ,
  ""general_medicinal_chemistry_notes"": ""The molecule is relatively large for a small molecule drug, which may impact its pharmacokinetics.The high polarity and hydrogen bonding capacity could make it a good candidate for hydrogen bonding interactions with biological targets.The presence of a chloroalkane may affect its metabolic stability.The lack of rotatable bonds suggests that the molecule is rigid, which could impact its ability to fit into binding sites.""
"
155,"
  ""basic_identity"": 
    ""core_scaffold"": ""Aliphatic chain with two ketone groups and an ether linkage""
  ,
  ""physicochemical_profile"": 
    ""size"": ""Medium"",
    ""lipophilicity"": ""Moderate"",
    ""polarity"": ""Moderate"",
    ""hydrogen_bonding"": ""No hydrogen bond donors or acceptors"",
    ""flexibility"": ""Flexible"",
    ""charge_state"": ""Mostly neutral""
  ,
  ""structural_features"": 
    ""rings_and_aromaticity"": ""No rings or aromaticity"",
    ""key_functional_groups"": ""Two ketones and an ether"",
    ""substitution_pattern"": ""Two ketones are on the same carbon"",
    ""stereochemistry"": ""Not obvious""
  ,
  ""general_medicinal_chemistry_notes"": ""This molecule has a moderate balance between lipophilicity and polarity, but its lack of hydrogen bond donors or acceptors may limit its interactions with biological targets. The ether linkage suggests potential chemical stability, but the presence of two ketones could make it susceptible to metabolic oxidation.""
"
156,"
  ""basic_identity"": 
    ""core_scaffold"": ""Biphenyl with a chloro-substituted amide""
  ,
  ""physicochemical_profile"": 
    ""size"": ""Medium"",
    ""lipophilicity"": ""Highly lipophilic"",
    ""polarity"": ""Moderately polar"",
    ""hydrogen_bonding"": ""No hydrogen bond donors or acceptors"",
    ""flexibility"": ""Rigid"",
    ""charge_state"": ""Mostly neutral""
  ,
  ""structural_features"": 
    ""rings_and_aromaticity"": ""Two aromatic rings (biphenyl) with no conjugation"",
    ""key_functional_groups"": ""Amide, chloro"",
    ""substitution_pattern"": ""Chloro substituent is ortho to the amide"",
    ""stereochemistry"": ""Not obvious""
  ,
  ""general_medicinal_chemistry_notes"": ""This molecule has a high lipophilicity, which may improve its ability to cross cell membranes, but its lack of hydrogen bond donors or acceptors could limit its interactions with biological targets. The presence of an amide and a chloro substituent suggests potential chemical stability, but the chloro substituent may also introduce metabolic soft spots. The size of the molecule is moderate, which is generally favorable for oral drug-likeness.""
"
157,"
  ""basic_identity"": 
    ""core_scaffold"": ""Aliphatic chain with a carboxylic acid and an alcohol""
  ,
  ""physicochemical_profile"": 
    ""size"": ""medium"",
    ""lipophilicity"": ""moderately lipophilic"",
    ""polarity"": ""polar"",
    ""hydrogen_bonding"": ""one hydrogen bond donor and acceptor"",
    ""flexibility"": ""flexible"",
    ""charge_state"": ""mostly neutral""
  ,
  ""structural_features"": 
    ""rings_and_aromaticity"": ""no rings or aromaticity"",
    ""key_functional_groups"": ""carboxylic acid, alcohol"",
    ""substitution_pattern"": ""terminal substituents"",
    ""stereochemistry"": ""not obvious""
  ,
  ""general_medicinal_chemistry_notes"": ""This molecule has a moderate balance between lipophilicity and polarity, which is suitable for many drug-like compounds. However, the polar carboxylic acid group may affect its chemical stability or solubility. The alcohol group can potentially form hydrogen bonds, which could be beneficial for biological interactions. The medium size and flexibility suggest that this molecule may be suitable for oral administration, but further investigation is needed to confirm its drug-like properties.""
"
158,"
  ""basic_identity"": 
    ""core_scaffold"": ""Aliphatic compound with two ester and one ether functional groups, connected to a central carbon atom.""
  ,
  ""physicochemical_profile"": 
    ""size"": ""Medium"",
    ""lipophilicity"": ""Moderately lipophilic"",
    ""polarity"": ""Polar"",
    ""hydrogen_bonding"": ""No hydrogen bond donors or acceptors"",
    ""flexibility"": ""Flexible"",
    ""charge_state"": ""Mostly neutral""
  ,
  ""structural_features"": 
    ""rings_and_aromaticity"": ""No rings or aromaticity"",
    ""key_functional_groups"": ""ester, ether, carboxylic acid"",
    ""substitution_pattern"": ""Two ester groups and one ether group are attached to a central carbon atom"",
    ""stereochemistry"": ""Not obvious""
  ,
  ""general_medicinal_chemistry_notes"": ""The molecule has a moderate balance between lipophilicity and polarity, which is a common feature of many drugs.The presence of multiple ester groups may suggest potential chemical instability in aqueous solutions.The lack of hydrogen bond donors or acceptors might limit its interaction with biological targets.The size of the molecule is relatively large for a typical small-molecule drug, which could affect its pharmacokinetic properties.""
"
159,"
  ""basic_identity"": 
    ""core_scaffold"": ""Aliphatic amine""
  ,
  ""physicochemical_profile"": 
    ""size"": ""Small"",
    ""lipophilicity"": ""Moderately lipophilic"",
    ""polarity"": ""Polar"",
    ""hydrogen_bonding"": ""No hydrogen bond donor or acceptor"",
    ""flexibility"": ""Rigid"",
    ""charge_state"": ""Mostly neutral""
  ,
  ""structural_features"": 
    ""rings_and_aromaticity"": ""Contains one aromatic ring (benzene)"",
    ""key_functional_groups"": ""Aliphatic amine"",
    ""substitution_pattern"": ""Substituent is directly attached to the amine nitrogen"",
    ""stereochemistry"": ""Not obvious""
  ,
  ""general_medicinal_chemistry_notes"": ""This compound is relatively small and polar, with a moderate degree of lipophilicity. The aliphatic amine functional group is common in many pharmaceuticals, but the lack of hydrogen bond donors or acceptors may limit its potential interactions with biological targets. The aromatic ring may contribute to its stability, but the absence of rotatable bonds suggests it is a rigid molecule. The balance between lipophilicity and polarity, as well as the presence of an amine, are common features of many drugs, but the lack of hydrogen bonding donors or acceptors may impact its drug-like properties.""
"
160,"
  ""basic_identity"": 
    ""core_scaffold"": ""aliphatic chain with two double bonds""
  ,
  ""physicochemical_profile"": 
    ""size"": ""small"",
    ""lipophilicity"": ""moderate"",
    ""polarity"": ""low"",
    ""hydrogen_bonding"": ""none"",
    ""flexibility"": ""rigid"",
    ""charge_state"": ""mostly neutral""
  ,
  ""structural_features"": 
    ""rings_and_aromaticity"": ""no rings or aromaticity"",
    ""key_functional_groups"": ""none"",
    ""substitution_pattern"": ""none"",
    ""stereochemistry"": ""not obvious""
  ,
  ""general_medicinal_chemistry_notes"": ""This molecule has a moderate lipophilicity and low polarity, which may make it difficult to solubilize in aqueous solutions. The lack of hydrogen bond donors or acceptors suggests it may not interact well with biological targets that rely on hydrogen bonding. The rigid structure may limit its ability to conform to target sites. The absence of functional groups or substituents could make this molecule prone to metabolic degradation.""
"
161,"
  ""basic_identity"": 
    ""core_scaffold"": ""Aliphatic chain with a central amide bond""
  ,
  ""physicochemical_profile"": 
    ""size"": ""small"",
    ""lipophilicity"": ""slightly hydrophilic"",
    ""polarity"": ""moderate"",
    ""hydrogen_bonding"": ""no donor or acceptor groups"",
    ""flexibility"": ""rigid"",
    ""charge_state"": ""mostly neutral""
  ,
  ""structural_features"": 
    ""rings_and_aromaticity"": ""No rings or aromaticity"",
    ""key_functional_groups"": ""Amide"",
    ""substitution_pattern"": ""Central amide bond is flanked by two aliphatic chains"",
    ""stereochemistry"": ""Not obvious""
  ,
  ""general_medicinal_chemistry_notes"": ""This molecule has a moderate polarity and a small size, which could make it a potential candidate for drug-like properties. However, the lack of hydrogen bond donors or acceptors might limit its interactions with biological targets. The rigid structure may also affect its ability to penetrate cell membranes.""
"
162,"
  ""basic_identity"": 
    ""core_scaffold"": ""Biphenyl with four chlorine atoms""
  ,
  ""physicochemical_profile"": 
    ""size"": ""Medium"",
    ""lipophilicity"": ""Highly lipophilic"",
    ""polarity"": ""Not polar"",
    ""hydrogen_bonding"": ""No hydrogen bond donors or acceptors"",
    ""flexibility"": ""Flexible"",
    ""charge_state"": ""Mostly neutral""
  ,
  ""structural_features"": 
    ""rings_and_aromaticity"": ""Two aromatic rings (biphenyl) with no conjugation"",
    ""key_functional_groups"": ""Four chlorine atoms"",
    ""substitution_pattern"": ""All four chlorine atoms are ortho to each other"",
    ""stereochemistry"": ""Not obvious""
  ,
  ""general_medicinal_chemistry_notes"": ""The high lipophilicity and lack of polar functional groups may make this compound difficult to solubilize.The biphenyl scaffold is a common feature in many pharmaceuticals, but the presence of four chlorine atoms may affect its metabolic stability.The absence of hydrogen bond donors or acceptors suggests that this compound may not interact well with biological targets via hydrogen bonding.The compound's size and lipophilicity may make it challenging to administer orally.""
"
163,"
  ""basic_identity"": 
    ""core_scaffold"": ""aliphatic amide""
  ,
  ""physicochemical_profile"": 
    ""size"": ""small"",
    ""lipophilicity"": ""moderate"",
    ""polarity"": ""polar"",
    ""hydrogen_bonding"": ""no donor or acceptor groups"",
    ""flexibility"": ""rigid"",
    ""charge_state"": ""mostly neutral""
  ,
  ""structural_features"": 
    ""rings_and_aromaticity"": ""no rings or aromaticity"",
    ""key_functional_groups"": ""amide"",
    ""substitution_pattern"": ""single substituent on the amide nitrogen"",
    ""stereochemistry"": ""not obvious""
  ,
  ""general_medicinal_chemistry_notes"": ""This molecule is relatively small and polar, with a moderate lipophilicity. The amide functional group is common in many bioactive molecules, but the lack of hydrogen bond donors or acceptors may limit its interactions with biological targets. The rigidity of the molecule suggests it may not easily penetrate cell membranes, which could impact its bioavailability.""
"
164,"
  ""basic_identity"": 
    ""core_scaffold"": ""aliphatic acetamide with a chloroalkyl side chain""
  ,
  ""physicochemical_profile"": 
    ""size"": ""medium"",
    ""lipophilicity"": ""moderately lipophilic"",
    ""polarity"": ""polar"",
    ""hydrogen_bonding"": ""no hydrogen bond donors or acceptors"",
    ""flexibility"": ""flexible"",
    ""charge_state"": ""mostly neutral""
  ,
  ""structural_features"": 
    ""rings_and_aromaticity"": ""no rings or aromaticity"",
    ""key_functional_groups"": ""acetamide, chloroalkyl"",
    ""substitution_pattern"": ""monosubstituted"",
    ""stereochemistry"": ""not obvious""
  ,
  ""general_medicinal_chemistry_notes"": ""The molecule has a moderate balance between lipophilicity and polarity, which is a common feature of many drugs.The presence of a chloroalkyl group may affect its chemical stability and metabolic properties.The lack of hydrogen bond donors or acceptors might limit its potential interactions with biological targets.The medium size and polar nature could make it a challenging candidate for oral drug delivery.""
"
165,"
  ""basic_identity"": 
    ""core_scaffold"": ""aliphatic carboxylic acid""
  ,
  ""physicochemical_profile"": 
    ""size"": ""small"",
    ""lipophilicity"": ""moderate"",
    ""polarity"": ""polar"",
    ""hydrogen_bonding"": ""one potential hydrogen bond acceptor"",
    ""flexibility"": ""low"",
    ""charge_state"": ""mostly neutral""
  ,
  ""structural_features"": 
    ""rings_and_aromaticity"": ""no rings, no aromaticity"",
    ""key_functional_groups"": ""carboxylic acid"",
    ""substitution_pattern"": ""none"",
    ""stereochemistry"": ""not obvious""
  ,
  ""general_medicinal_chemistry_notes"": ""This molecule is relatively small and polar, which may make it suitable for certain biological targets.The carboxylic acid group is a common site for metabolic modification, so potential drug candidates should be evaluated for stability in vivo.The moderate lipophilicity suggests that this molecule may have some ability to cross cell membranes, but further analysis is needed to determine its overall drug-likeness.""
"
166,"
  ""basic_identity"": 
    ""core_scaffold"": ""aliphatic alkane with a phenyl ring""
  ,
  ""physicochemical_profile"": 
    ""size"": ""small"",
    ""lipophilicity"": ""moderately lipophilic"",
    ""polarity"": ""low"",
    ""hydrogen_bonding"": ""no hydrogen bond donors or acceptors"",
    ""flexibility"": ""flexible"",
    ""charge_state"": ""mostly neutral""
  ,
  ""structural_features"": 
    ""rings_and_aromaticity"": ""contains one aromatic benzene ring"",
    ""key_functional_groups"": ""none"",
    ""substitution_pattern"": ""two methyl groups attached to the phenyl ring"",
    ""stereochemistry"": ""not obvious""
  ,
  ""general_medicinal_chemistry_notes"": ""This molecule is relatively small and lipophilic, which may be beneficial for drug-like properties. However, the lack of hydrogen bond donors or acceptors could limit its interactions with biological targets. The aliphatic core and aromatic ring suggest potential metabolic stability, but further investigation would be needed to confirm this.""
"
167,"
  ""basic_identity"": 
    ""core_scaffold"": ""aliphatic ether""
  ,
  ""physicochemical_profile"": 
    ""size"": ""medium"",
    ""lipophilicity"": ""moderately lipophilic"",
    ""polarity"": ""low"",
    ""hydrogen_bonding"": ""no hydrogen bond donors or acceptors"",
    ""flexibility"": ""rigid"",
    ""charge_state"": ""uncharged""
  ,
  ""structural_features"": 
    ""rings_and_aromaticity"": ""no rings or aromaticity"",
    ""key_functional_groups"": ""ether"",
    ""substitution_pattern"": ""two substituents at the same carbon"",
    ""stereochemistry"": ""not obvious""
  ,
  ""general_medicinal_chemistry_notes"": ""This molecule is relatively small and lipophilic, which may aid in drug absorption. However, the lack of hydrogen bond donors or acceptors could limit its interaction with biological targets. The presence of fluorine atoms may improve metabolic stability, but the chlorine atom could potentially be a soft spot for metabolic attack.""
"
168,"
  ""basic_identity"": 
    ""core_scaffold"": ""Aliphatic chain with a central amide bond""
  ,
  ""physicochemical_profile"": 
    ""size"": ""Medium"",
    ""lipophilicity"": ""Moderately lipophilic"",
    ""polarity"": ""Moderately polar"",
    ""hydrogen_bonding"": ""No hydrogen bond donors or acceptors"",
    ""flexibility"": ""Flexible"",
    ""charge_state"": ""Mostly neutral""
  ,
  ""structural_features"": 
    ""rings_and_aromaticity"": ""No rings or aromaticity"",
    ""key_functional_groups"": ""Amide"",
    ""substitution_pattern"": ""Two substituents on the amide nitrogen"",
    ""stereochemistry"": ""Not obvious""
  ,
  ""general_medicinal_chemistry_notes"": ""This molecule has a moderate balance between lipophilicity and polarity, with a moderately polar amide group. The lack of hydrogen bond donors or acceptors may limit its interactions with biological targets. The presence of an amide group suggests potential chemical stability, but the absence of rings or aromaticity may make it less suitable for oral drug-like properties.""
"
169,"
  ""basic_identity"": 
    ""core_scaffold"": ""Biphenyl with two chloro groups and an ether linker""
  ,
  ""physicochemical_profile"": 
    ""size"": ""Medium"",
    ""lipophilicity"": ""Highly lipophilic"",
    ""polarity"": ""Moderately polar"",
    ""hydrogen_bonding"": ""No hydrogen bond donors or acceptors"",
    ""flexibility"": ""Rigid"",
    ""charge_state"": ""Mostly neutral""
  ,
  ""structural_features"": 
    ""rings_and_aromaticity"": ""Two aromatic rings (biphenyl) with no conjugation"",
    ""key_functional_groups"": ""Ether, chloro groups"",
    ""substitution_pattern"": ""Two chloro groups are ortho to each other on one ring, and the ether linker connects the two rings"",
    ""stereochemistry"": ""Not obvious""
  ,
  ""general_medicinal_chemistry_notes"": ""This molecule has a high lipophilicity, which may be beneficial for drug-like properties, but its lack of hydrogen bond donors and acceptors could limit its interactions with biological targets. The ether linker and chloro groups may affect its metabolic stability. The biphenyl scaffold is a common feature in many drugs, but the specific arrangement of substituents may impact its pharmacological profile.""
"
170,"
  ""basic_identity"": 
    ""core_scaffold"": ""Aliphatic amine""
  ,
  ""physicochemical_profile"": 
    ""size"": ""small"",
    ""lipophilicity"": ""moderately lipophilic"",
    ""polarity"": ""moderately polar"",
    ""hydrogen_bonding"": ""no hydrogen bond donors or acceptors"",
    ""flexibility"": ""rigid"",
    ""charge_state"": ""mostly neutral""
  ,
  ""structural_features"": 
    ""rings_and_aromaticity"": ""contains one aromatic ring (benzene)"",
    ""key_functional_groups"": ""contains an amide"",
    ""substitution_pattern"": ""substituent is directly attached to the amide nitrogen"",
    ""stereochemistry"": ""not obvious""
  ,
  ""general_medicinal_chemistry_notes"": ""This molecule has a moderate balance between lipophilicity and polarity, which is suitable for many drug-like molecules. However, the lack of hydrogen bond donors or acceptors may limit its potential interactions with biological targets. The amide functional group is a common motif in many drugs, but its chemical stability and susceptibility to metabolism should be evaluated. The small size and rigid structure suggest that this molecule may be suitable for oral administration, but further analysis is needed to confirm this.""
"
171,"
  ""basic_identity"": 
    ""core_scaffold"": ""Tricyclic amide""
  ,
  ""physicochemical_profile"": 
    ""size"": ""Medium"",
    ""lipophilicity"": ""Very polar"",
    ""polarity"": ""High"",
    ""hydrogen_bonding"": ""Contains three potential hydrogen bond donors and acceptors"",
    ""flexibility"": ""Rigid"",
    ""charge_state"": ""Mostly neutral""
  ,
  ""structural_features"": 
    ""rings_and_aromaticity"": ""Contains one aromatic benzene ring"",
    ""key_functional_groups"": ""Tricyclic amide"",
    ""substitution_pattern"": ""Three identical substituents on the benzene ring"",
    ""stereochemistry"": ""Not obvious""
  ,
  ""general_medicinal_chemistry_notes"": ""This compound has a high polar surface area, which may affect its solubility and permeability. The tricyclic structure could potentially lead to complex metabolic pathways. The balance between its polar and lipophilic properties might make it challenging for oral absorption.""
"
172,"
  ""basic_identity"": 
    ""core_scaffold"": ""Aliphatic amide""
  ,
  ""physicochemical_profile"": 
    ""size"": ""Small"",
    ""lipophilicity"": ""Moderately lipophilic"",
    ""polarity"": ""Moderately polar"",
    ""hydrogen_bonding"": ""No hydrogen bond donors or acceptors"",
    ""flexibility"": ""Flexible"",
    ""charge_state"": ""Mostly neutral""
  ,
  ""structural_features"": 
    ""rings_and_aromaticity"": ""Contains one aromatic ring (benzene)"",
    ""key_functional_groups"": ""Amide"",
    ""substitution_pattern"": ""Substituent is attached to the benzene ring"",
    ""stereochemistry"": ""Not obvious""
  ,
  ""general_medicinal_chemistry_notes"": ""This molecule has a moderate balance between lipophilicity and polarity, which is common for many drug-like molecules. The lack of hydrogen bond donors or acceptors may limit its interactions with biological targets. The amide functional group is a common component of many drugs, but the absence of rotatable bonds suggests limited conformational flexibility. The aromatic ring may contribute to chemical stability, but the exact properties are not clear from the given information.""
"
173,"
  ""basic_identity"": 
    ""core_scaffold"": ""aliphatic amide with a halogen substituent""
  ,
  ""physicochemical_profile"": 
    ""size"": ""small"",
    ""lipophilicity"": ""moderately lipophilic"",
    ""polarity"": ""moderately polar"",
    ""hydrogen_bonding"": ""no hydrogen bond donors or acceptors"",
    ""flexibility"": ""rigid"",
    ""charge_state"": ""mostly neutral""
  ,
  ""structural_features"": 
    ""rings_and_aromaticity"": ""contains one aromatic ring (benzene)"",
    ""key_functional_groups"": ""acetamide, chloro"",
    ""substitution_pattern"": ""monosubstituted at the acetamide nitrogen"",
    ""stereochemistry"": ""not obvious""
  ,
  ""general_medicinal_chemistry_notes"": ""The balance between lipophilicity and polarity may be suitable for some pharmacological targets.The chloro substituent can potentially increase lipophilicity and metabolic stability.The lack of hydrogen bond donors or acceptors may limit its interactions with biological targets.The small size and rigid structure could facilitate oral absorption, but further properties should be considered for drug-likeness.""
"
174,"
  ""basic_identity"": 
    ""core_scaffold"": ""aliphatic chain with chlorine substituents""
  ,
  ""physicochemical_profile"": 
    ""size"": ""small"",
    ""lipophilicity"": ""moderately lipophilic"",
    ""polarity"": ""low"",
    ""hydrogen_bonding"": ""no hydrogen bond donors or acceptors"",
    ""flexibility"": ""flexible"",
    ""charge_state"": ""mostly neutral""
  ,
  ""structural_features"": 
    ""rings_and_aromaticity"": ""no rings or aromaticity"",
    ""key_functional_groups"": ""chlorine"",
    ""substitution_pattern"": ""two chlorine atoms at the ends of the chain"",
    ""stereochemistry"": ""not obvious""
  ,
  ""general_medicinal_chemistry_notes"": ""This molecule has a moderate lipophilicity, which may aid in cell permeability, but its low polarity and lack of hydrogen bond donors or acceptors could limit its solubility and biological activity. The presence of chlorine atoms may affect its chemical stability and metabolic properties.""
"
175,"
  ""basic_identity"": 
    ""core_scaffold"": ""Aliphatic amide with a single aromatic ring""
  ,
  ""physicochemical_profile"": 
    ""size"": ""Medium"",
    ""lipophilicity"": ""Moderately lipophilic"",
    ""polarity"": ""Moderately polar"",
    ""hydrogen_bonding"": ""No hydrogen bond donors or acceptors"",
    ""flexibility"": ""Flexible"",
    ""charge_state"": ""Mostly neutral""
  ,
  ""structural_features"": 
    ""rings_and_aromaticity"": ""Contains a single aromatic benzene ring"",
    ""key_functional_groups"": ""Amide"",
    ""substitution_pattern"": ""The amide is directly attached to the benzene ring"",
    ""stereochemistry"": ""Not obvious""
  ,
  ""general_medicinal_chemistry_notes"": ""This compound has a moderate balance between lipophilicity and polarity, with a moderate degree of flexibility. The amide functional group may affect its chemical stability and metabolic behavior. The lack of hydrogen bond donors or acceptors suggests it may not interact strongly with biological targets via hydrogen bonding.""
"
176,"
  ""basic_identity"": 
    ""core_scaffold"": ""Aliphatic ketone""
  ,
  ""physicochemical_profile"": 
    ""size"": ""small"",
    ""lipophilicity"": ""moderately lipophilic"",
    ""polarity"": ""polar"",
    ""hydrogen_bonding"": ""no hydrogen bond donors or acceptors"",
    ""flexibility"": ""rigid"",
    ""charge_state"": ""uncharged""
  ,
  ""structural_features"": 
    ""rings_and_aromaticity"": ""no rings or aromaticity"",
    ""key_functional_groups"": ""ketone"",
    ""substitution_pattern"": ""none"",
    ""stereochemistry"": ""not obvious""
  ,
  ""general_medicinal_chemistry_notes"": ""This molecule is relatively small and polar, which may limit its potential as a drug due to poor membrane permeability. However, its moderate lipophilicity could help in solubilizing it in lipid environments. The lack of hydrogen bond donors or acceptors suggests limited interactions with biological targets, which could be a disadvantage for drug-like properties. The ketone functional group is prone to oxidation, which may affect its stability in vivo.""
"
177,"
  ""basic_identity"": 
    ""core_scaffold"": ""chlorobenzenes""
  ,
  ""physicochemical_profile"": 
    ""size"": ""small"",
    ""lipophilicity"": ""high"",
    ""polarity"": ""low"",
    ""hydrogen_bonding"": ""none"",
    ""flexibility"": ""rigid"",
    ""charge_state"": ""mostly neutral""
  ,
  ""structural_features"": 
    ""rings_and_aromaticity"": ""one aromatic benzene ring"",
    ""key_functional_groups"": ""chloro"",
    ""substitution_pattern"": ""monosubstituted"",
    ""stereochemistry"": ""not obvious""
  ,
  ""general_medicinal_chemistry_notes"": ""This compound is relatively small and lipophilic, which may aid in drug-like properties. However, its lack of polar functional groups and hydrogen bond donors could limit its solubility and biological activity. The chlorine atom may introduce some metabolic liability.""
"
178,"
  ""basic_identity"": 
    ""core_scaffold"": ""Aliphatic amide""
  ,
  ""physicochemical_profile"": 
    ""size"": ""Small"",
    ""lipophilicity"": ""Moderate"",
    ""polarity"": ""Moderate"",
    ""hydrogen_bonding"": ""No hydrogen bond donors or acceptors"",
    ""flexibility"": ""Rigid"",
    ""charge_state"": ""Mostly neutral""
  ,
  ""structural_features"": 
    ""rings_and_aromaticity"": ""No rings or aromaticity"",
    ""key_functional_groups"": ""Amide"",
    ""substitution_pattern"": ""Single substituent on the amide nitrogen"",
    ""stereochemistry"": ""Not obvious""
  ,
  ""general_medicinal_chemistry_notes"": ""This molecule has a moderate balance between lipophilicity and polarity, with a moderate TPSA and XLogP. The lack of hydrogen bond donors or acceptors may limit its interactions with biological targets. The amide functional group is common in many drugs, but the absence of rotatable bonds suggests limited flexibility. The molecule's size is small, which could potentially improve its oral drug-likeness. However, the absence of aromatic rings or other electron-rich moieties may affect its chemical stability.""
"
179,"
  ""basic_identity"": 
    ""core_scaffold"": ""Aliphatic chain with three ether linkages and a terminal carboxylic acid""
  ,
  ""physicochemical_profile"": 
    ""size"": ""Medium"",
    ""lipophilicity"": ""Moderate"",
    ""polarity"": ""High"",
    ""hydrogen_bonding"": ""No hydrogen bond donors or acceptors"",
    ""flexibility"": ""Flexible"",
    ""charge_state"": ""Unclear""
  ,
  ""structural_features"": 
    ""rings_and_aromaticity"": ""No rings or aromaticity"",
    ""key_functional_groups"": ""Carboxylic acid"",
    ""substitution_pattern"": ""Three ether linkages evenly spaced along the chain"",
    ""stereochemistry"": ""Not obvious""
  ,
  ""general_medicinal_chemistry_notes"": ""This molecule has a moderate lipophilicity and high polarity, which may make it challenging to balance with other properties for drug-like behavior. The carboxylic acid group is prone to hydrolysis, which could impact its stability in vivo. The absence of hydrogen bond donors or acceptors may limit its potential for interactions with biological targets.""
"
180,"
  ""basic_identity"": 
    ""core_scaffold"": ""Aliphatic chain with a single benzene ring attached""
  ,
  ""physicochemical_profile"": 
    ""size"": ""Medium"",
    ""lipophilicity"": ""Highly lipophilic"",
    ""polarity"": ""Not polar"",
    ""hydrogen_bonding"": ""No hydrogen bond donors or acceptors"",
    ""flexibility"": ""Flexible"",
    ""charge_state"": ""Mostly neutral""
  ,
  ""structural_features"": 
    ""rings_and_aromaticity"": ""Contains a single aromatic benzene ring"",
    ""key_functional_groups"": ""No functional groups are visible"",
    ""substitution_pattern"": ""The benzene ring is substituted by an aliphatic chain"",
    ""stereochemistry"": ""Not obvious""
  ,
  ""general_medicinal_chemistry_notes"": ""This molecule has a high lipophilicity, which may be beneficial for drug-like properties. However, the lack of polar functional groups and hydrogen bond donors could potentially limit its solubility and interaction with biological targets. The aliphatic chain and benzene ring may provide some stability, but the absence of hydrogen bond donors or acceptors suggests that this molecule may not be very reactive. The size and lipophilicity are within the range of typical small-molecule drugs, but the lack of polar groups could make it challenging to design effective drug candidates.""
"
181,"
  ""basic_identity"": 
    ""core_scaffold"": ""Aliphatic amine""
  ,
  ""physicochemical_profile"": 
    ""size"": ""Medium"",
    ""lipophilicity"": ""Moderately lipophilic"",
    ""polarity"": ""Moderately polar"",
    ""hydrogen_bonding"": ""No hydrogen bond donors or acceptors"",
    ""flexibility"": ""Flexible"",
    ""charge_state"": ""Mostly neutral""
  ,
  ""structural_features"": 
    ""rings_and_aromaticity"": ""Contains one aromatic ring (benzene)"",
    ""key_functional_groups"": ""Amide"",
    ""substitution_pattern"": ""Single substituent on the amide nitrogen"",
    ""stereochemistry"": ""Not obvious""
  ,
  ""general_medicinal_chemistry_notes"": ""This compound has a moderate balance between lipophilicity and polarity, which is a common feature of many drug-like molecules. The amide group suggests potential hydrogen bonding interactions with biological targets. The lack of hydrogen bond donors or acceptors may limit its versatility in binding to various targets. The moderate size and flexibility make it a reasonable candidate for oral drug-like properties, but further investigation is needed to confirm this.""
"
182,"
  ""basic_identity"": 
    ""core_scaffold"": ""aliphatic ester""
  ,
  ""physicochemical_profile"": 
    ""size"": ""small"",
    ""lipophilicity"": ""moderately lipophilic"",
    ""polarity"": ""moderately polar"",
    ""hydrogen_bonding"": ""no hydrogen bond donors or acceptors"",
    ""flexibility"": ""flexible"",
    ""charge_state"": ""neutral""
  ,
  ""structural_features"": 
    ""rings_and_aromaticity"": ""no rings or aromaticity"",
    ""key_functional_groups"": ""ester"",
    ""substitution_pattern"": ""single ethyl substituent"",
    ""stereochemistry"": ""not obvious""
  ,
  ""general_medicinal_chemistry_notes"": ""This small molecule has a moderate balance between lipophilicity and polarity, with a polar ester group and a moderate XLogP value. The absence of hydrogen bond donors or acceptors may limit its interactions with biological targets. The single ethyl substituent provides some flexibility, but the lack of aromatic rings or other complex structures suggests this molecule may not be particularly stable or resistant to metabolism.""
"
183,"
  ""basic_identity"": 
    ""core_scaffold"": ""Biphenyl with two chloro substituents and an ether linker""
  ,
  ""physicochemical_profile"": 
    ""size"": ""Medium"",
    ""lipophilicity"": ""Highly lipophilic"",
    ""polarity"": ""Moderately polar"",
    ""hydrogen_bonding"": ""No hydrogen bond donors or acceptors"",
    ""flexibility"": ""Rigid"",
    ""charge_state"": ""Mostly neutral""
  ,
  ""structural_features"": 
    ""rings_and_aromaticity"": ""Two aromatic rings (biphenyl) with no conjugation"",
    ""key_functional_groups"": ""Ether, chloro"",
    ""substitution_pattern"": ""Ortho-substituted on both phenyl rings"",
    ""stereochemistry"": ""Not obvious""
  ,
  ""general_medicinal_chemistry_notes"": ""This compound is relatively large and highly lipophilic, which may pose challenges for drug-like properties. The ether linker and chloro substituents could potentially affect chemical stability. The lack of hydrogen bond donors or acceptors might limit its interactions with biological targets.""
"
184,"
  ""basic_identity"": 
    ""core_scaffold"": ""Biphenyl with four chlorine atoms and one bromine atom""
  ,
  ""physicochemical_profile"": 
    ""size"": ""large"",
    ""lipophilicity"": ""highly lipophilic"",
    ""polarity"": ""low"",
    ""hydrogen_bonding"": ""no hydrogen bond donors or acceptors"",
    ""flexibility"": ""flexible"",
    ""charge_state"": ""uncertain""
  ,
  ""structural_features"": 
    ""rings_and_aromaticity"": ""Two aromatic rings (biphenyl) with no conjugation"",
    ""key_functional_groups"": ""Four chlorine atoms, one bromine atom"",
    ""substitution_pattern"": ""All substituents are ortho to each other"",
    ""stereochemistry"": ""Not obvious""
  ,
  ""general_medicinal_chemistry_notes"": ""This compound is large and highly lipophilic, which may make it challenging for oral absorption. The presence of multiple halogens suggests potential chemical reactivity. The lack of hydrogen bond donors or acceptors may limit its ability to interact with biological targets.""
"
185,"
  ""basic_identity"": 
    ""core_scaffold"": ""trichloromethane""
  ,
  ""physicochemical_profile"": 
    ""size"": ""small"",
    ""lipophilicity"": ""high"",
    ""polarity"": ""low"",
    ""hydrogen_bonding"": ""none"",
    ""flexibility"": ""low"",
    ""charge_state"": ""uncharged""
  ,
  ""structural_features"": 
    ""rings_and_aromaticity"": ""none"",
    ""key_functional_groups"": ""halogen"",
    ""substitution_pattern"": ""all substituents are the same"",
    ""stereochemistry"": ""not obvious""
  ,
  ""general_medicinal_chemistry_notes"": ""This molecule is highly lipophilic, which may affect its solubility and permeability.The presence of three halogens suggests potential reactivity and metabolic instability.The small size and lack of hydrogen bond donors or acceptors may limit its ability to interact with biological targets.""
"
186,"
  ""basic_identity"": 
    ""core_scaffold"": ""Aliphatic amine""
  ,
  ""physicochemical_profile"": 
    ""size"": ""Medium"",
    ""lipophilicity"": ""Moderately lipophilic"",
    ""polarity"": ""Moderately polar"",
    ""hydrogen_bonding"": ""Contains one hydrogen bond donor and one acceptor"",
    ""flexibility"": ""Flexible"",
    ""charge_state"": ""Mostly neutral""
  ,
  ""structural_features"": 
    ""rings_and_aromaticity"": ""Contains one aromatic ring (benzene)"",
    ""key_functional_groups"": ""Amide"",
    ""substitution_pattern"": ""Substituent is attached to the benzene ring"",
    ""stereochemistry"": ""Not obvious""
  ,
  ""general_medicinal_chemistry_notes"": ""This compound has a moderate balance between lipophilicity and polarity, which is common for many drug-like molecules. The amide functional group suggests potential hydrogen bonding interactions with biological targets. The presence of an aromatic ring may contribute to its stability. The compound's size and polarity might affect its oral drug-likeness, but more specific rules would be needed to make a definitive statement.""
"
187,"
  ""basic_identity"": 
    ""core_scaffold"": ""Aliphatic ester""
  ,
  ""physicochemical_profile"": 
    ""size"": ""Medium"",
    ""lipophilicity"": ""Moderately lipophilic"",
    ""polarity"": ""Moderately polar"",
    ""hydrogen_bonding"": ""No hydrogen bond donors or acceptors"",
    ""flexibility"": ""Flexible"",
    ""charge_state"": ""Mostly neutral""
  ,
  ""structural_features"": 
    ""rings_and_aromaticity"": ""No rings or aromaticity"",
    ""key_functional_groups"": ""Ester"",
    ""substitution_pattern"": ""Single ester substituent"",
    ""stereochemistry"": ""Not obvious""
  ,
  ""general_medicinal_chemistry_notes"": ""This molecule is moderately lipophilic and polar, which may make it suitable for a variety of targets. The ester group could potentially be metabolically labile, and the lack of hydrogen bond donors or acceptors may limit its interactions with biological targets. The medium size and flexibility suggest it could be orally bioavailable, but further investigation is needed to confirm this.""
"
188,"
  ""basic_identity"": 
    ""core_scaffold"": ""benzene ring""
  ,
  ""physicochemical_profile"": 
    ""size"": ""small"",
    ""lipophilicity"": ""moderately lipophilic"",
    ""polarity"": ""low"",
    ""hydrogen_bonding"": ""no hydrogen bond donors or acceptors"",
    ""flexibility"": ""rigid"",
    ""charge_state"": ""uncharged""
  ,
  ""structural_features"": 
    ""rings_and_aromaticity"": ""one aromatic benzene ring"",
    ""key_functional_groups"": ""none"",
    ""substitution_pattern"": ""no substituents"",
    ""stereochemistry"": ""not obvious""
  ,
  ""general_medicinal_chemistry_notes"": ""This molecule is relatively small and lipophilic, which may make it suitable for crossing biological membranes. However, its lack of polar functional groups and hydrogen bond donors/acceptors could limit its potential for interacting with biological targets. The benzene ring may confer some chemical stability, but the absence of substituents or functional groups could also make it more susceptible to metabolism.""
"
189,"
  ""basic_identity"": 
    ""core_scaffold"": ""chlorobenzene""
  ,
  ""physicochemical_profile"": 
    ""size"": ""medium"",
    ""lipophilicity"": ""high"",
    ""polarity"": ""low"",
    ""hydrogen_bonding"": ""none"",
    ""flexibility"": ""rigid"",
    ""charge_state"": ""uncharged""
  ,
  ""structural_features"": 
    ""rings_and_aromaticity"": ""one aromatic ring"",
    ""key_functional_groups"": ""chlorine"",
    ""substitution_pattern"": ""two chlorines ortho to each other"",
    ""stereochemistry"": ""not obvious""
  ,
  ""general_medicinal_chemistry_notes"": ""This compound is relatively lipophilic, which may aid in membrane permeability, but its low polarity and lack of hydrogen bond donors could limit its solubility and biological activity. The presence of two chlorine atoms may confer some chemical stability, but it could also make the compound more reactive than a typical small-molecule drug.""
"
190,"
  ""basic_identity"": 
    ""core_scaffold"": ""Aliphatic amine with a disubstituted amide and a chloroalkane""
  ,
  ""physicochemical_profile"": 
    ""size"": ""Medium"",
    ""lipophilicity"": ""Highly lipophilic"",
    ""polarity"": ""Moderately polar"",
    ""hydrogen_bonding"": ""No hydrogen bond donors or acceptors"",
    ""flexibility"": ""Flexible"",
    ""charge_state"": ""Mostly neutral""
  ,
  ""structural_features"": 
    ""rings_and_aromaticity"": ""Contains one aromatic ring (benzene) and one aliphatic ring"",
    ""key_functional_groups"": ""Amide, chloroalkane"",
    ""substitution_pattern"": ""Two substituents (chloro and sulfide) are attached to the benzene ring, and one is attached to the aliphatic chain"",
    ""stereochemistry"": ""Not obvious""
  ,
  ""general_medicinal_chemistry_notes"": ""This compound has a high lipophilicity, which may improve its ability to cross cell membranes, but its lack of hydrogen bond donors or acceptors could limit its interactions with biological targets. The presence of a chloroalkane and an amide suggests potential metabolic soft spots. The size and complexity of the molecule may make it challenging to synthesize.""
"
191,"
  ""basic_identity"": 
    ""core_scaffold"": ""aliphatic amine with two aromatic rings""
  ,
  ""physicochemical_profile"": 
    ""size"": ""medium"",
    ""lipophilicity"": ""highly lipophilic"",
    ""polarity"": ""polar"",
    ""hydrogen_bonding"": ""no hydrogen bond donors or acceptors"",
    ""flexibility"": ""moderately flexible"",
    ""charge_state"": ""uncertain""
  ,
  ""structural_features"": 
    ""rings_and_aromaticity"": ""two aromatic rings (one benzene and one thiophene), both are aromatic"",
    ""key_functional_groups"": ""amide"",
    ""substitution_pattern"": ""two substituents on the benzene ring and one on the thiophene ring"",
    ""stereochemistry"": ""not obvious""
  ,
  ""general_medicinal_chemistry_notes"": ""This molecule has a balance between lipophilicity and polarity, but its high lipophilicity may pose challenges for drug-like properties. The absence of hydrogen bond donors or acceptors could limit its interactions with biological targets. The presence of a thiophene ring suggests potential chemical stability, but the exact properties would depend on the specific substituents.""
"
192,"
  ""basic_identity"": 
    ""core_scaffold"": ""Biphenyl with two chloro-substituted amide groups""
  ,
  ""physicochemical_profile"": 
    ""size"": ""Medium"",
    ""lipophilicity"": ""Highly lipophilic"",
    ""polarity"": ""Moderately polar"",
    ""hydrogen_bonding"": ""No hydrogen bond donors or acceptors"",
    ""flexibility"": ""Rigid"",
    ""charge_state"": ""Mostly neutral""
  ,
  ""structural_features"": 
    ""rings_and_aromaticity"": ""Two aromatic rings (biphenyl) with no conjugation"",
    ""key_functional_groups"": ""Two chloro-substituted amide groups"",
    ""substitution_pattern"": ""Ortho-substitution on both aromatic rings"",
    ""stereochemistry"": ""Not obvious""
  ,
  ""general_medicinal_chemistry_notes"": ""This compound has a high lipophilicity and moderate polarity, which may affect its solubility and permeability. The presence of two chloro-substituted amide groups suggests potential hydrogen bonding interactions, but the lack of hydrogen bond donors or acceptors may limit its biological activity. The rigid structure and absence of rotatable bonds could affect its flexibility and ability to bind to targets. The high molecular weight may also impact its pharmacokinetics.""
"
193,"
  ""basic_identity"": 
    ""core_scaffold"": ""Aliphatic chain with three methylene groups and a central carbon atom double-bonded to two methine groups""
  ,
  ""physicochemical_profile"": 
    ""size"": ""Medium"",
    ""lipophilicity"": ""Moderately lipophilic"",
    ""polarity"": ""Low"",
    ""hydrogen_bonding"": ""No hydrogen bond donors or acceptors"",
    ""flexibility"": ""Flexible"",
    ""charge_state"": ""Mostly neutral""
  ,
  ""structural_features"": 
    ""rings_and_aromaticity"": ""No rings or aromaticity"",
    ""key_functional_groups"": ""None"",
    ""substitution_pattern"": ""Three methylene groups are evenly spaced"",
    ""stereochemistry"": ""Not obvious""
  ,
  ""general_medicinal_chemistry_notes"": ""This molecule has a moderate lipophilicity and low polarity, which may make it suitable for certain pharmacological targets. However, its lack of hydrogen bond donors or acceptors could limit its interactions with biological systems. The absence of rings or aromaticity may affect its stability and pharmacokinetics. The presence of multiple double bonds could potentially make it prone to oxidation.""
"
194,"
  ""basic_identity"": 
    ""core_scaffold"": ""Aliphatic chain""
  ,
  ""physicochemical_profile"": 
    ""size"": ""small"",
    ""lipophilicity"": ""moderate"",
    ""polarity"": ""low"",
    ""hydrogen_bonding"": ""none"",
    ""flexibility"": ""moderate"",
    ""charge_state"": ""neutral""
  ,
  ""structural_features"": 
    ""rings_and_aromaticity"": ""none"",
    ""key_functional_groups"": ""none"",
    ""substitution_pattern"": ""linear"",
    ""stereochemistry"": ""not obvious""
  ,
  ""general_medicinal_chemistry_notes"": ""This molecule is relatively small and lipophilic, which may suggest good membrane permeability.However, its lack of polar functional groups and hydrogen bond donors/acceptors could limit its solubility and biological activity.The absence of aromatic rings or heteroatoms may affect its chemical stability and potential metabolic liability.""
"
195,"
  ""basic_identity"": 
    ""core_scaffold"": ""aliphatic chain with two ether linkages""
  ,
  ""physicochemical_profile"": 
    ""size"": ""medium"",
    ""lipophilicity"": ""moderately lipophilic"",
    ""polarity"": ""moderately polar"",
    ""hydrogen_bonding"": ""no hydrogen bond donors or acceptors"",
    ""flexibility"": ""flexible"",
    ""charge_state"": ""mostly neutral""
  ,
  ""structural_features"": 
    ""rings_and_aromaticity"": ""no rings or aromaticity"",
    ""key_functional_groups"": ""two ether linkages"",
    ""substitution_pattern"": ""two substituents at the ends of the chain"",
    ""stereochemistry"": ""not obvious""
  ,
  ""general_medicinal_chemistry_notes"": ""This molecule has a moderate balance between lipophilicity and polarity, which is common for many drug-like molecules. However, the lack of hydrogen bond donors or acceptors may limit its interactions with biological targets. The ether linkages suggest potential chemical stability, but the absence of aromatic rings or other common drug-like functional groups raises questions about its drug-likeness.""
"
196,"
  ""basic_identity"": 
    ""core_scaffold"": ""Aliphatic amine with a substituted amide and a cyclic ether""
  ,
  ""physicochemical_profile"": 
    ""size"": ""Medium"",
    ""lipophilicity"": ""Moderately lipophilic with a XLogP of 1.845"",
    ""polarity"": ""Polar with a TPSA of 62.73"",
    ""hydrogen_bonding"": ""Contains 2 hydrogen bond donors and 6 acceptors"",
    ""flexibility"": ""Flexible with 5 rotatable bonds"",
    ""charge_state"": ""Mostly neutral""
  ,
  ""structural_features"": 
    ""rings_and_aromaticity"": ""Contains 1 aromatic ring (benzene)"",
    ""key_functional_groups"": ""Amide, cyclic ether, tertiary amine"",
    ""substitution_pattern"": ""Substituents are attached to the amide nitrogen and the ether oxygen"",
    ""stereochemistry"": ""Not obvious""
  ,
  ""general_medicinal_chemistry_notes"": ""This molecule has a balance between lipophilicity and polarity, with a moderately lipophilic character and a polar TPSA. It contains a tertiary amine, which may affect its chemical stability. The presence of the amide and ether functional groups suggests potential hydrogen bonding interactions. The molecule is flexible due to the rotatable bonds and the presence of a cyclic ether. The size and lipophilicity may be challenging for oral drug-like properties.""
"
197,"
  ""basic_identity"": 
    ""core_scaffold"": ""Aliphatic amide with a tertiary amine and an ester""
  ,
  ""physicochemical_profile"": 
    ""size"": ""Medium"",
    ""lipophilicity"": ""Moderately lipophilic"",
    ""polarity"": ""Polar"",
    ""hydrogen_bonding"": ""One hydrogen bond donor and three acceptors"",
    ""flexibility"": ""Flexible"",
    ""charge_state"": ""Mostly neutral""
  ,
  ""structural_features"": 
    ""rings_and_aromaticity"": ""One aromatic ring (benzene) with no conjugation"",
    ""key_functional_groups"": ""amide, ester, tertiary amine"",
    ""substitution_pattern"": ""The aromatic ring is substituted by the ester and amide groups, and the aliphatic chain is substituted by the tertiary amine"",
    ""stereochemistry"": ""Not obvious""
  ,
  ""general_medicinal_chemistry_notes"": ""This molecule has a balance between lipophilicity and polarity, with a moderate XLogP value. The presence of an aromatic ring and multiple polar functional groups suggests a potential for hydrophobic-hydrophilic interactions. The tertiary amine may provide a site for ionic interactions. The ester group could be a potential soft spot for metabolic instability. The size and polarity may make this molecule less suitable for oral drug-like properties.""
"
198,"
  ""basic_identity"": 
    ""core_scaffold"": ""Aliphatic chain with a carboxylic acid ester and a cyclohexane ring""
  ,
  ""physicochemical_profile"": 
    ""size"": ""Medium"",
    ""lipophilicity"": ""Moderately lipophilic"",
    ""polarity"": ""Moderately polar"",
    ""hydrogen_bonding"": ""No hydrogen bond donors or acceptors"",
    ""flexibility"": ""Flexible"",
    ""charge_state"": ""Unclear""
  ,
  ""structural_features"": 
    ""rings_and_aromaticity"": ""Contains a cyclohexane ring, no aromatic rings"",
    ""key_functional_groups"": ""Carboxylic acid ester"",
    ""substitution_pattern"": ""The ester is attached to the cyclohexane ring"",
    ""stereochemistry"": ""Not obvious""
  ,
  ""general_medicinal_chemistry_notes"": ""This molecule has a moderate balance between lipophilicity and polarity, which is common for many drugs. The presence of an ester group may affect its chemical stability and metabolic properties. The lack of hydrogen bond donors or acceptors could limit its interactions with biological targets.""
"
199,"
  ""basic_identity"": 
    ""core_scaffold"": ""aliphatic ketone""
  ,
  ""physicochemical_profile"": 
    ""size"": ""small"",
    ""lipophilicity"": ""moderate"",
    ""polarity"": ""polar"",
    ""hydrogen_bonding"": ""no donor or acceptor"",
    ""flexibility"": ""flexible"",
    ""charge_state"": ""uncharged""
  ,
  ""structural_features"": 
    ""rings_and_aromaticity"": ""no rings or aromaticity"",
    ""key_functional_groups"": ""ketone"",
    ""substitution_pattern"": ""none"",
    ""stereochemistry"": ""not obvious""
  ,
  ""general_medicinal_chemistry_notes"": ""The balance between lipophilicity and polarity may be suitable for some targets, but the lack of hydrogen bond donors could limit its interactions.Acetone is a polar molecule, which may affect its solubility and permeability properties.Acetone is a small molecule, which could facilitate its diffusion through biological membranes.""
"
200,"
  ""basic_identity"": 
    ""core_scaffold"": ""Aliphatic carboxylic acid""
  ,
  ""physicochemical_profile"": 
    ""size"": ""small"",
    ""lipophilicity"": ""moderate"",
    ""polarity"": ""polar"",
    ""hydrogen_bonding"": ""one hydrogen bond donor and acceptor"",
    ""flexibility"": ""flexible"",
    ""charge_state"": ""neutral""
  ,
  ""structural_features"": 
    ""rings_and_aromaticity"": ""No rings or aromaticity"",
    ""key_functional_groups"": ""Carboxylic acid"",
    ""substitution_pattern"": ""Single substituent at the end"",
    ""stereochemistry"": ""Not obvious""
  ,
  ""general_medicinal_chemistry_notes"": ""This molecule has a moderate balance between lipophilicity and polarity, with a polar carboxylic acid group. The presence of a single rotatable bond suggests some flexibility, but the lack of aromatic rings or other complex structures may limit its potential as a drug candidate. The polarity and carboxylic acid group could make this molecule prone to ionization and hydrolysis in aqueous solutions.""
"
201,"
  ""basic_identity"": 
    ""core_scaffold"": ""aliphatic chain with bromine atom""
  ,
  ""physicochemical_profile"": 
    ""size"": ""small"",
    ""lipophilicity"": ""moderately lipophilic"",
    ""polarity"": ""low"",
    ""hydrogen_bonding"": ""no hydrogen bond donors or acceptors"",
    ""flexibility"": ""rigid"",
    ""charge_state"": ""uncharged""
  ,
  ""structural_features"": 
    ""rings_and_aromaticity"": ""no rings or aromaticity"",
    ""key_functional_groups"": ""bromine atom"",
    ""substitution_pattern"": ""single substitution"",
    ""stereochemistry"": ""not obvious""
  ,
  ""general_medicinal_chemistry_notes"": ""This molecule is relatively small and moderately lipophilic, which may make it suitable for membrane permeation. However, the lack of hydrogen bond donors or acceptors and the presence of a bromine atom could potentially limit its biological activity and aqueous solubility. The rigidity of the molecule may also affect its ability to interact with biological targets.""
"
202,"
  ""basic_identity"": 
    ""core_scaffold"": ""Biphenyl""
  ,
  ""physicochemical_profile"": 
    ""size"": ""medium"",
    ""lipophilicity"": ""high"",
    ""polarity"": ""low"",
    ""hydrogen_bonding"": ""none"",
    ""flexibility"": ""rigid"",
    ""charge_state"": ""neutral""
  ,
  ""structural_features"": 
    ""rings_and_aromaticity"": ""Two aromatic rings (biphenyl) with no conjugation"",
    ""key_functional_groups"": ""None"",
    ""substitution_pattern"": ""Two methyl groups at ortho positions"",
    ""stereochemistry"": ""Not obvious""
  ,
  ""general_medicinal_chemistry_notes"": ""This molecule is relatively lipophilic but lacks polar functional groups, which may affect its solubility and drug-like properties. The biphenyl scaffold is a common feature in various pharmaceuticals, but the lack of hydrogen bond donors or acceptors could limit its potential interactions with biological targets. The rigid structure may also impact its ability to penetrate cell membranes.""
"
203,"
  ""basic_identity"": 
    ""core_scaffold"": ""Aliphatic chain with a central ketone and two terminal methyl groups""
  ,
  ""physicochemical_profile"": 
    ""size"": ""Medium"",
    ""lipophilicity"": ""Moderately lipophilic"",
    ""polarity"": ""Moderately polar"",
    ""hydrogen_bonding"": ""One hydrogen bond donor and one acceptor"",
    ""flexibility"": ""Flexible"",
    ""charge_state"": ""Mostly neutral""
  ,
  ""structural_features"": 
    ""rings_and_aromaticity"": ""No rings or aromaticity"",
    ""key_functional_groups"": ""Ketone"",
    ""substitution_pattern"": ""Terminal substitution"",
    ""stereochemistry"": ""Not obvious""
  ,
  ""general_medicinal_chemistry_notes"": ""This molecule has a moderate balance between lipophilicity and polarity, which is a common feature of many drugs. However, its size and flexibility may limit its ability to interact with specific targets. The ketone functional group can be prone to oxidation, which could impact its stability in vivo.""
"
204,"
  ""basic_identity"": 
    ""core_scaffold"": ""Biphenyl with chloro substituents""
  ,
  ""physicochemical_profile"": 
    ""size"": ""Medium"",
    ""lipophilicity"": ""Highly lipophilic"",
    ""polarity"": ""Not polar"",
    ""hydrogen_bonding"": ""No hydrogen bond donors or acceptors"",
    ""flexibility"": ""Flexible"",
    ""charge_state"": ""Mostly neutral""
  ,
  ""structural_features"": 
    ""rings_and_aromaticity"": ""Two aromatic rings (biphenyl) with no conjugation"",
    ""key_functional_groups"": ""Chloro substituents"",
    ""substitution_pattern"": ""Two chloro substituents are ortho to each other"",
    ""stereochemistry"": ""Not obvious""
  ,
  ""general_medicinal_chemistry_notes"": ""This compound is relatively large and highly lipophilic, which may pose challenges for drug-likeness. The biphenyl scaffold is a common feature in many pharmaceuticals, but the chloro substituents could potentially affect chemical stability or metabolic clearance. The lack of hydrogen bond donors or acceptors suggests limited interaction with biological targets.""
"
205,"
  ""basic_identity"": 
    ""core_scaffold"": ""aliphatic chain with cycloalkane ring""
  ,
  ""physicochemical_profile"": 
    ""size"": ""small"",
    ""lipophilicity"": ""moderate"",
    ""polarity"": ""low"",
    ""hydrogen_bonding"": ""none"",
    ""flexibility"": ""rigid"",
    ""charge_state"": ""neutral""
  ,
  ""structural_features"": 
    ""rings_and_aromaticity"": ""contains a cyclohexane ring, no aromaticity"",
    ""key_functional_groups"": ""none"",
    ""substitution_pattern"": ""no substituents"",
    ""stereochemistry"": ""not obvious""
  ,
  ""general_medicinal_chemistry_notes"": ""This molecule is relatively small and moderately lipophilic, but it lacks polar functional groups and hydrogen bond donors/acceptors. Its rigid structure may limit its ability to bind to biological targets. The absence of any obvious functional groups suggests it might be chemically stable, but this is uncertain without further analysis.""
"
206,"
  ""basic_identity"": 
    ""core_scaffold"": ""Aliphatic chain with a carboxylic acid and amide functional groups""
  ,
  ""physicochemical_profile"": 
    ""size"": ""Medium"",
    ""lipophilicity"": ""Moderately lipophilic"",
    ""polarity"": ""Moderately polar"",
    ""hydrogen_bonding"": ""No hydrogen bond donors, three hydrogen bond acceptors"",
    ""flexibility"": ""Flexible"",
    ""charge_state"": ""Neutral""
  ,
  ""structural_features"": 
    ""rings_and_aromaticity"": ""No rings or aromaticity"",
    ""key_functional_groups"": ""Carboxylic acid, amide"",
    ""substitution_pattern"": ""The carboxylic acid and amide are directly connected to the aliphatic chain"",
    ""stereochemistry"": ""Not obvious""
  ,
  ""general_medicinal_chemistry_notes"": ""This molecule has a moderate balance between lipophilicity and polarity, with a carboxylic acid and amide functional groups. The presence of a carboxylic acid may indicate potential chemical instability or metabolic soft spots. The moderate size and polar nature may limit oral drug-likeness.""
"
207,"
  ""basic_identity"": 
    ""core_scaffold"": ""trifluorobromobenzene""
  ,
  ""physicochemical_profile"": 
    ""size"": ""medium"",
    ""lipophilicity"": ""highly lipophilic"",
    ""polarity"": ""low"",
    ""hydrogen_bonding"": ""no hydrogen bond donors or acceptors"",
    ""flexibility"": ""rigid"",
    ""charge_state"": ""uncharged""
  ,
  ""structural_features"": 
    ""rings_and_aromaticity"": ""contains a bromobenzene ring"",
    ""key_functional_groups"": ""contains bromine"",
    ""substitution_pattern"": ""two bromine atoms are attached to the benzene ring"",
    ""stereochemistry"": ""not obvious""
  ,
  ""general_medicinal_chemistry_notes"": ""This molecule is highly lipophilic, which may make it difficult to achieve sufficient solubility for oral administration. The presence of bromine atoms may affect its chemical stability and metabolic behavior. The lack of hydrogen bond donors or acceptors suggests that it may not readily interact with biological targets via hydrogen bonding.""
"
208,"
  ""basic_identity"": 
    ""core_scaffold"": ""Aliphatic amine with a benzene ring""
  ,
  ""physicochemical_profile"": 
    ""size"": ""Medium"",
    ""lipophilicity"": ""Highly lipophilic"",
    ""polarity"": ""Moderately polar"",
    ""hydrogen_bonding"": ""One hydrogen bond donor and acceptor"",
    ""flexibility"": ""Fairly flexible"",
    ""charge_state"": ""Mostly neutral""
  ,
  ""structural_features"": 
    ""rings_and_aromaticity"": ""One aromatic benzene ring"",
    ""key_functional_groups"": ""Amide"",
    ""substitution_pattern"": ""Two alkyl substituents on the benzene ring"",
    ""stereochemistry"": ""Not obvious""
  ,
  ""general_medicinal_chemistry_notes"": ""The molecule has a balance between lipophilicity and polarity, which is a common feature of many drugs.The amide functional group suggests potential hydrogen bonding interactions with biological targets.The high lipophilicity and large size may pose challenges for drug-like properties, such as solubility and permeability.""
"
209,"
  ""basic_identity"": 
    ""core_scaffold"": ""Aliphatic chain with two ether linkages and a central tertiary amine""
  ,
  ""physicochemical_profile"": 
    ""size"": ""Medium"",
    ""lipophilicity"": ""Moderate"",
    ""polarity"": ""Polar"",
    ""hydrogen_bonding"": ""One potential hydrogen bond donor and two acceptors"",
    ""flexibility"": ""Flexible"",
    ""charge_state"": ""Unclear""
  ,
  ""structural_features"": 
    ""rings_and_aromaticity"": ""No rings or aromaticity"",
    ""key_functional_groups"": ""Ether, tertiary amine"",
    ""substitution_pattern"": ""Two ether substituents on the chain, one at each end"",
    ""stereochemistry"": ""Not obvious""
  ,
  ""general_medicinal_chemistry_notes"": ""This molecule has a moderate lipophilicity and polar character, which may be beneficial for drug-like properties. However, the presence of an ether linkage could potentially introduce metabolic soft spots. The tertiary amine may provide a basic character, but the overall polarity could limit oral bioavailability. Further investigation is needed to confirm these assumptions.""
"
210,"
  ""basic_identity"": 
    ""core_scaffold"": ""Aliphatic amide with a single aromatic ring""
  ,
  ""physicochemical_profile"": 
    ""size"": ""Medium"",
    ""lipophilicity"": ""Moderately lipophilic"",
    ""polarity"": ""Moderately polar"",
    ""hydrogen_bonding"": ""No hydrogen bond donors or acceptors"",
    ""flexibility"": ""Flexible"",
    ""charge_state"": ""Mostly neutral""
  ,
  ""structural_features"": 
    ""rings_and_aromaticity"": ""Contains a single aromatic benzene ring"",
    ""key_functional_groups"": ""Amide"",
    ""substitution_pattern"": ""Substituent is directly attached to the aromatic ring"",
    ""stereochemistry"": ""Not obvious""
  ,
  ""general_medicinal_chemistry_notes"": ""This molecule has a moderate balance between lipophilicity and polarity, with a moderate number of rotatable bonds. The amide functional group is common in many bioactive molecules, but the lack of hydrogen bond donors or acceptors may limit its interactions with biological targets. The aromatic ring could potentially introduce some chemical stability issues, especially if it is ortho- or para-substituted.""
"
211,"
  ""basic_identity"": 
    ""core_scaffold"": ""Aliphatic amide with an aromatic iodinated phenyl ring""
  ,
  ""physicochemical_profile"": 
    ""size"": ""Medium"",
    ""lipophilicity"": ""Likely moderately lipophilic due to the aromatic iodinated phenyl ring"",
    ""polarity"": ""Highly polar due to multiple polar functional groups and TPSA value"",
    ""hydrogen_bonding"": ""Contains two hydrogen bond donors and acceptors"",
    ""flexibility"": ""Rigid due to the aromatic ring and lack of rotatable bonds"",
    ""charge_state"": ""Mostly neutral""
  ,
  ""structural_features"": 
    ""rings_and_aromaticity"": ""Contains one aromatic ring (phenyl) with an iodine substituent"",
    ""key_functional_groups"": ""Amide, iodinated phenyl ring"",
    ""substitution_pattern"": ""The iodine substituent is attached to the aromatic ring"",
    ""stereochemistry"": ""Not obvious from the given SMILES""
  ,
  ""general_medicinal_chemistry_notes"": ""This molecule has a moderate size, with a balance between lipophilicity and polarity. The presence of an aromatic ring and iodine may provide some metabolic stability. The high polarity and multiple hydrogen bonding sites suggest potential interactions with biological targets. However, the lack of rotatable bonds may limit its ability to adopt conformations suitable for binding.""
"
212,"
  ""basic_identity"": 
    ""core_scaffold"": ""Aliphatic carboxylic acid""
  ,
  ""physicochemical_profile"": 
    ""size"": ""small"",
    ""lipophilicity"": ""moderate"",
    ""polarity"": ""polar"",
    ""hydrogen_bonding"": ""one hydrogen bond donor and acceptor"",
    ""flexibility"": ""flexible"",
    ""charge_state"": ""neutral""
  ,
  ""structural_features"": 
    ""rings_and_aromaticity"": ""No rings or aromaticity"",
    ""key_functional_groups"": ""Carboxylic acid"",
    ""substitution_pattern"": ""Single substituent on the carboxylic acid"",
    ""stereochemistry"": ""Not obvious""
  ,
  ""general_medicinal_chemistry_notes"": ""This molecule has a moderate balance between lipophilicity and polarity, which is common for many drugs. The carboxylic acid group may provide good solubility but could also be prone to hydrolysis. The polar nature and the presence of a single rotatable bond suggest that this molecule may be flexible, which could impact its pharmacokinetics.""
"
213,"
  ""basic_identity"": 
    ""core_scaffold"": ""Aliphatic ester with a trifluoromethyl group and a tertiary amine""
  ,
  ""physicochemical_profile"": 
    ""size"": ""Medium"",
    ""lipophilicity"": ""Moderately lipophilic due to the trifluoromethyl group and ester"",
    ""polarity"": ""Polar due to the ester and tertiary amine"",
    ""hydrogen_bonding"": ""No hydrogen bond donors or acceptors"",
    ""flexibility"": ""Flexible with 3 rotatable bonds"",
    ""charge_state"": ""Uncertain""
  ,
  ""structural_features"": 
    ""rings_and_aromaticity"": ""No rings or aromaticity"",
    ""key_functional_groups"": ""Ester, tertiary amine"",
    ""substitution_pattern"": ""The trifluoromethyl group is attached to the ester carbon"",
    ""stereochemistry"": ""Not obvious""
  ,
  ""general_medicinal_chemistry_notes"": ""This molecule has a moderate balance between lipophilicity and polarity, which is common for many drugs. The trifluoromethyl group may confer metabolic stability, but the tertiary amine could potentially be a soft spot for metabolism. The lack of hydrogen bond donors or acceptors might limit its interactions with biological targets.""
"
214,"
  ""basic_identity"": 
    ""core_scaffold"": ""Aliphatic carboxylic acid""
  ,
  ""physicochemical_profile"": 
    ""size"": ""small"",
    ""lipophilicity"": ""very polar"",
    ""polarity"": ""high"",
    ""hydrogen_bonding"": ""contains 4 hydrogen bond donors and 5 acceptors"",
    ""flexibility"": ""rigid"",
    ""charge_state"": ""likely negatively charged carboxylate""
  ,
  ""structural_features"": 
    ""rings_and_aromaticity"": ""No rings or aromaticity"",
    ""key_functional_groups"": ""Carboxylic acid"",
    ""substitution_pattern"": ""Single substituent on carboxylic acid"",
    ""stereochemistry"": ""Not obvious""
  ,
  ""general_medicinal_chemistry_notes"": ""This molecule is relatively small and polar, which may make it suitable for certain biological targets. However, the high number of hydrogen bond donors and acceptors could potentially lead to high affinity for multiple targets, which might be undesirable. The carboxylic acid group is susceptible to hydrolysis, which could affect its stability in vivo. The lack of lipophilicity may limit its ability to cross cell membranes.""
"
215,"
  ""basic_identity"": 
    ""core_scaffold"": ""fluorinated aliphatic chain with bromine atom""
  ,
  ""physicochemical_profile"": 
    ""size"": ""medium"",
    ""lipophilicity"": ""highly lipophilic"",
    ""polarity"": ""low"",
    ""hydrogen_bonding"": ""no hydrogen bond donors or acceptors"",
    ""flexibility"": ""rigid"",
    ""charge_state"": ""likely positively charged at physiological pH""
  ,
  ""structural_features"": 
    ""rings_and_aromaticity"": ""no rings or aromaticity"",
    ""key_functional_groups"": ""fluorine atoms, bromine atom"",
    ""substitution_pattern"": ""single substituent at the end of the chain"",
    ""stereochemistry"": ""not obvious""
  ,
  ""general_medicinal_chemistry_notes"": ""This compound is highly lipophilic, which may affect its solubility and permeability. The presence of halogens (fluorine and bromine) can increase metabolic stability but may also lead to undesirable interactions. The lack of hydrogen bond donors or acceptors suggests poor water solubility and potential poor bioavailability.""
"
216,"
  ""basic_identity"": 
    ""core_scaffold"": ""Aliphatic chain with a central tertiary amine""
  ,
  ""physicochemical_profile"": 
    ""size"": ""small"",
    ""lipophilicity"": ""moderate"",
    ""polarity"": ""moderate"",
    ""hydrogen_bonding"": ""one hydrogen bond donor and acceptor"",
    ""flexibility"": ""flexible"",
    ""charge_state"": ""mostly neutral""
  ,
  ""structural_features"": 
    ""rings_and_aromaticity"": ""No rings or aromaticity"",
    ""key_functional_groups"": ""Tertiary amine"",
    ""substitution_pattern"": ""Single substituent at the central carbon"",
    ""stereochemistry"": ""Not obvious""
  ,
  ""general_medicinal_chemistry_notes"": ""This molecule has a moderate balance between lipophilicity and polarity, with a tertiary amine as a key functional group. The presence of a single rotatable bond suggests some flexibility. The lack of aromatic rings or other complex structures may affect its chemical stability or metabolic soft spots.""
"
217,"
  ""basic_identity"": 
    ""core_scaffold"": ""cyclopropane ring with fluorine substitution""
  ,
  ""physicochemical_profile"": 
    ""size"": ""small"",
    ""lipophilicity"": ""moderately lipophilic"",
    ""polarity"": ""low"",
    ""hydrogen_bonding"": ""no hydrogen bond donors or acceptors"",
    ""flexibility"": ""rigid"",
    ""charge_state"": ""uncharged""
  ,
  ""structural_features"": 
    ""rings_and_aromaticity"": ""contains a cyclopropane ring, no aromatic rings"",
    ""key_functional_groups"": ""fluorine substituent"",
    ""substitution_pattern"": ""single fluorine atom attached to the cyclopropane ring"",
    ""stereochemistry"": ""not obvious""
  ,
  ""general_medicinal_chemistry_notes"": ""This molecule is relatively small and lipophilic, which may aid in crossing biological membranes. However, its low polarity and lack of hydrogen bond donors or acceptors could limit its ability to interact with biological targets. The cyclopropane ring may introduce some strain, potentially affecting its chemical stability. The fluorine substituent can enhance lipophilicity and metabolic stability, but it may also introduce metabolic soft spots.""
"
218,"
  ""basic_identity"": 
    ""core_scaffold"": ""Aliphatic carboxylic acid""
  ,
  ""physicochemical_profile"": 
    ""size"": ""small"",
    ""lipophilicity"": ""moderate"",
    ""polarity"": ""polar"",
    ""hydrogen_bonding"": ""no hydrogen bond donors or acceptors"",
    ""flexibility"": ""flexible"",
    ""charge_state"": ""mostly neutral""
  ,
  ""structural_features"": 
    ""rings_and_aromaticity"": ""No rings or aromaticity"",
    ""key_functional_groups"": ""Carboxylic acid"",
    ""substitution_pattern"": ""Single substituent at the carboxylic acid"",
    ""stereochemistry"": ""Not obvious""
  ,
  ""general_medicinal_chemistry_notes"": ""This molecule is relatively small and polar, which may make it suitable for certain biological targets. However, the lack of hydrogen bond donors or acceptors could limit its interactions with biomolecules. The carboxylic acid functional group is prone to hydrolysis, which could affect its stability in vivo.""
"
219,"
  ""basic_identity"": 
    ""core_scaffold"": ""Aliphatic carboxylic acid with an amide and two alkyl chains""
  ,
  ""physicochemical_profile"": 
    ""size"": ""Medium"",
    ""lipophilicity"": ""Moderately lipophilic"",
    ""polarity"": ""Moderately polar"",
    ""hydrogen_bonding"": ""No hydrogen bond donors or acceptors"",
    ""flexibility"": ""Flexible"",
    ""charge_state"": ""Mostly neutral""
  ,
  ""structural_features"": 
    ""rings_and_aromaticity"": ""No rings or aromaticity"",
    ""key_functional_groups"": ""Carboxylic acid, Amide"",
    ""substitution_pattern"": ""Two alkyl chains attached to the carboxylic acid and amide"",
    ""stereochemistry"": ""Not obvious""
  ,
  ""general_medicinal_chemistry_notes"": ""This molecule has a moderate balance between lipophilicity and polarity, with a moderate number of rotatable bonds. The presence of a carboxylic acid and amide functional groups suggests potential hydrogen bonding interactions, but the lack of hydrogen bond donors or acceptors may limit its biological activity. The absence of aromatic rings or heteroatoms may impact its stability and metabolic properties.""
"
220,"
  ""basic_identity"": 
    ""core_scaffold"": ""Aliphatic ester""
  ,
  ""physicochemical_profile"": 
    ""size"": ""small"",
    ""lipophilicity"": ""moderate"",
    ""polarity"": ""moderate"",
    ""hydrogen_bonding"": ""no donor or acceptor groups"",
    ""flexibility"": ""rigid"",
    ""charge_state"": ""mostly neutral""
  ,
  ""structural_features"": 
    ""rings_and_aromaticity"": ""no rings or aromaticity"",
    ""key_functional_groups"": ""ester"",
    ""substitution_pattern"": ""single substituent at the ester"",
    ""stereochemistry"": ""not obvious""
  ,
  ""general_medicinal_chemistry_notes"": ""This molecule is a small, moderately lipophilic and polar ester with a single substituent. The lack of hydrogen bond donors or acceptors may limit its interactions with biological targets. The rigid structure and ester functionality suggest potential chemical stability, but the absence of aromatic rings or other electron-rich moieties could make it susceptible to oxidation.""
"
221,"
  ""basic_identity"": 
    ""core_scaffold"": ""Aliphatic compound with chlorine atoms and a central tetrahedral carbon""
  ,
  ""physicochemical_profile"": 
    ""size"": ""Medium"",
    ""lipophilicity"": ""High"",
    ""polarity"": ""Low"",
    ""hydrogen_bonding"": ""No hydrogen bond donors or acceptors"",
    ""flexibility"": ""Rigid"",
    ""charge_state"": ""Mostly neutral""
  ,
  ""structural_features"": 
    ""rings_and_aromaticity"": ""No rings or aromaticity"",
    ""key_functional_groups"": ""Chlorine atoms"",
    ""substitution_pattern"": ""Chlorine atoms are attached to the central carbon"",
    ""stereochemistry"": ""Not obvious""
  ,
  ""general_medicinal_chemistry_notes"": ""This compound has a high lipophilicity but lacks polar functional groups, which may limit its solubility and drug-like properties. The presence of chlorine atoms can affect chemical stability and metabolic clearance.""
"
222,"
  ""basic_identity"": 
    ""core_scaffold"": ""aliphatic carboxylic acid""
  ,
  ""physicochemical_profile"": 
    ""size"": ""small"",
    ""lipophilicity"": ""moderate"",
    ""polarity"": ""moderate"",
    ""hydrogen_bonding"": ""no hydrogen bond donors or acceptors"",
    ""flexibility"": ""flexible"",
    ""charge_state"": ""neutral""
  ,
  ""structural_features"": 
    ""rings_and_aromaticity"": ""no rings or aromaticity"",
    ""key_functional_groups"": ""carboxylic acid"",
    ""substitution_pattern"": ""two carbons substituted at the same carbon"",
    ""stereochemistry"": ""not obvious""
  ,
  ""general_medicinal_chemistry_notes"": ""This molecule is small and moderately lipophilic, with a moderate polarity. It contains a carboxylic acid functional group, which can participate in hydrogen bonding. The presence of two rotatable bonds suggests some flexibility. The lack of hydrogen bond donors or acceptors may limit its potential for interactions with biological targets.""
"
223,"
  ""basic_identity"": 
    ""core_scaffold"": ""Aliphatic compound with a trifluoromethyl group and a carboxylic acid ester""
  ,
  ""physicochemical_profile"": 
    ""size"": ""Medium"",
    ""lipophilicity"": ""Moderately lipophilic"",
    ""polarity"": ""Moderately polar"",
    ""hydrogen_bonding"": ""No hydrogen bond donors or acceptors"",
    ""flexibility"": ""Rigid"",
    ""charge_state"": ""Mostly neutral""
  ,
  ""structural_features"": 
    ""rings_and_aromaticity"": ""No rings or aromaticity"",
    ""key_functional_groups"": ""Carboxylic acid ester, trifluoromethyl group"",
    ""substitution_pattern"": ""Two fluorine atoms and a carboxylic acid ester are attached to the central carbon atom"",
    ""stereochemistry"": ""Not obvious""
  ,
  ""general_medicinal_chemistry_notes"": ""This compound has a moderate balance between lipophilicity and polarity, which is typical for many drugs. However, the trifluoromethyl group may introduce metabolic soft spots or affect chemical stability. The lack of hydrogen bond donors or acceptors could limit its interactions with biological targets.""
"
224,"
  ""basic_identity"": 
    ""core_scaffold"": ""Biphenyl""
  ,
  ""physicochemical_profile"": 
    ""size"": ""Medium"",
    ""lipophilicity"": ""High"",
    ""polarity"": ""Low"",
    ""hydrogen_bonding"": ""None"",
    ""flexibility"": ""Rigid"",
    ""charge_state"": ""Mostly neutral""
  ,
  ""structural_features"": 
    ""rings_and_aromaticity"": ""Two aromatic rings (biphenyl) with no conjugation."",
    ""key_functional_groups"": ""None"",
    ""substitution_pattern"": ""Two methyl groups attached to the phenyl rings."",
    ""stereochemistry"": ""Not obvious""
  ,
  ""general_medicinal_chemistry_notes"": ""This compound is relatively large and lipophilic, which may affect its solubility and permeability. The lack of polar functional groups and hydrogen bond donors/acceptors could limit its potential for interactions with biological targets. The rigid structure may also impact its ability to fit into binding sites.""
"
225,"
  ""basic_identity"": 
    ""core_scaffold"": ""Biphenyl with four chlorine atoms""
  ,
  ""physicochemical_profile"": 
    ""size"": ""medium"",
    ""lipophilicity"": ""high"",
    ""polarity"": ""low"",
    ""hydrogen_bonding"": ""none"",
    ""flexibility"": ""low"",
    ""charge_state"": ""mostly neutral""
  ,
  ""structural_features"": 
    ""rings_and_aromaticity"": ""Two aromatic rings (biphenyl) with four chlorine atoms"",
    ""key_functional_groups"": ""Four chlorine atoms"",
    ""substitution_pattern"": ""All substituents are ortho to each other"",
    ""stereochemistry"": ""Not obvious""
  ,
  ""general_medicinal_chemistry_notes"": ""This molecule is relatively large and lipophilic, which may impact its solubility and permeability. The high number of chlorine atoms suggests potential chemical stability, but the presence of multiple aromatic rings could make it prone to metabolic oxidation. The lack of hydrogen bond donors or acceptors may limit its ability to interact with biological targets.""
"
226,"
  ""basic_identity"": 
    ""core_scaffold"": ""Benzene ring with substituted amide""
  ,
  ""physicochemical_profile"": 
    ""size"": ""Medium"",
    ""lipophilicity"": ""Moderately lipophilic"",
    ""polarity"": ""Polar"",
    ""hydrogen_bonding"": ""One hydrogen bond donor and three acceptors"",
    ""flexibility"": ""Fairly flexible"",
    ""charge_state"": ""Mostly neutral""
  ,
  ""structural_features"": 
    ""rings_and_aromaticity"": ""One aromatic benzene ring"",
    ""key_functional_groups"": ""Amide and ester"",
    ""substitution_pattern"": ""Two substituents on the benzene ring"",
    ""stereochemistry"": ""Not obvious""
  ,
  ""general_medicinal_chemistry_notes"": ""This compound exhibits a balance between lipophilicity and polarity, which is a common feature of many drug-like molecules.The presence of an ester group may suggest potential chemical instability under certain conditions.The compound's size and polarity might make it challenging for oral absorption, but further analysis is needed to confirm this.The compound's high polar surface area (TPSA) indicates a polar nature, which could influence its interactions with biological targets.""
"
227,"
  ""basic_identity"": 
    ""core_scaffold"": ""Aliphatic chain with a carboxylic acid and an alkyl-substituted amide""
  ,
  ""physicochemical_profile"": 
    ""size"": ""Medium"",
    ""lipophilicity"": ""Moderately lipophilic"",
    ""polarity"": ""Moderately polar"",
    ""hydrogen_bonding"": ""No hydrogen bond donors or acceptors"",
    ""flexibility"": ""Rigid"",
    ""charge_state"": ""Mostly neutral""
  ,
  ""structural_features"": 
    ""rings_and_aromaticity"": ""No rings or aromaticity"",
    ""key_functional_groups"": ""Carboxylic acid, amide"",
    ""substitution_pattern"": ""One alkyl group attached to the amide"",
    ""stereochemistry"": ""Not obvious""
  ,
  ""general_medicinal_chemistry_notes"": ""This molecule has a balance between lipophilicity and polarity, which is a common feature of many drugs.The carboxylic acid group may be prone to hydrolysis, potentially affecting the molecule's stability.The absence of hydrogen bond donors or acceptors might limit its interactions with biological targets.The medium size and balance between lipophilicity and polarity suggest it could be a potential drug candidate, but further investigation is needed.""
"
228,"
  ""basic_identity"": 
    ""core_scaffold"": ""aliphatic carboxylic acid""
  ,
  ""physicochemical_profile"": 
    ""size"": ""small"",
    ""lipophilicity"": ""moderately polar"",
    ""polarity"": ""polar"",
    ""hydrogen_bonding"": ""no hydrogen bond donors or acceptors"",
    ""flexibility"": ""flexible"",
    ""charge_state"": ""neutral""
  ,
  ""structural_features"": 
    ""rings_and_aromaticity"": ""no rings or aromaticity"",
    ""key_functional_groups"": ""carboxylic acid"",
    ""substitution_pattern"": ""single carboxylic acid substituent"",
    ""stereochemistry"": ""not obvious""
  ,
  ""general_medicinal_chemistry_notes"": ""This molecule is relatively small and polar, which may make it suitable for certain applications. However, the carboxylic acid group can be prone to hydrolysis, which could impact its stability and bioavailability. The lack of hydrogen bond donors or acceptors may limit its interactions with biological targets.""
"
229,"
  ""basic_identity"": 
    ""core_scaffold"": ""Aliphatic amine with a cycloalkane ring""
  ,
  ""physicochemical_profile"": 
    ""size"": ""Medium"",
    ""lipophilicity"": ""Moderately lipophilic"",
    ""polarity"": ""Moderately polar"",
    ""hydrogen_bonding"": ""No hydrogen bond donors or acceptors"",
    ""flexibility"": ""Flexible with one rotatable bond"",
    ""charge_state"": ""Mostly neutral""
  ,
  ""structural_features"": 
    ""rings_and_aromaticity"": ""Contains one cycloalkane ring, not aromatic"",
    ""key_functional_groups"": ""No key functional groups"",
    ""substitution_pattern"": ""Substituents are attached to the cycloalkane ring"",
    ""stereochemistry"": ""Not obvious""
  ,
  ""general_medicinal_chemistry_notes"": ""This molecule has a moderate balance between lipophilicity and polarity, but it lacks hydrogen bond donors or acceptors, which may limit its interactions with biological targets. The presence of a cycloalkane ring suggests some chemical stability, but the lack of functional groups could make it challenging to optimize for specific properties.""
"
230,"
  ""basic_identity"": 
    ""core_scaffold"": ""Aliphatic amine with two alkyl chains and a nitrogen atom""
  ,
  ""physicochemical_profile"": 
    ""size"": ""Medium"",
    ""lipophilicity"": ""Moderately lipophilic"",
    ""polarity"": ""Moderately polar"",
    ""hydrogen_bonding"": ""One hydrogen bond donor and acceptor"",
    ""flexibility"": ""Flexible"",
    ""charge_state"": ""Mostly neutral""
  ,
  ""structural_features"": 
    ""rings_and_aromaticity"": ""No rings or aromaticity"",
    ""key_functional_groups"": ""Amine"",
    ""substitution_pattern"": ""Two alkyl chains are attached to the nitrogen atom"",
    ""stereochemistry"": ""Not obvious""
  ,
  ""general_medicinal_chemistry_notes"": ""This compound has a moderate balance between lipophilicity and polarity, which is common for many drug-like molecules. The presence of an amine functional group may affect its chemical stability and potential for ionization. The medium size and moderate polarity suggest it could be a candidate for various biological targets, but further investigation is needed to confirm its drug-like properties.""
"
231,"
  ""basic_identity"": 
    ""core_scaffold"": ""Biphenyl with two chloroethyl amides""
  ,
  ""physicochemical_profile"": 
    ""size"": ""Medium"",
    ""lipophilicity"": ""Highly lipophilic"",
    ""polarity"": ""Moderately polar"",
    ""hydrogen_bonding"": ""No hydrogen bond donors or acceptors"",
    ""flexibility"": ""Rigid"",
    ""charge_state"": ""Mostly neutral""
  ,
  ""structural_features"": 
    ""rings_and_aromaticity"": ""Two aromatic rings (biphenyl) with no conjugation"",
    ""key_functional_groups"": ""Two chloroethyl amides"",
    ""substitution_pattern"": ""Substituents are attached to the phenyl rings"",
    ""stereochemistry"": ""Not obvious""
  ,
  ""general_medicinal_chemistry_notes"": ""The high lipophilicity and moderate polarity suggest a balance between hydrophobic and hydrophilic interactions, which is common in many drug molecules.The presence of chlorine atoms may affect the chemical stability and metabolic clearance of this compound.The absence of hydrogen bond donors or acceptors could limit its interactions with biological targets.The rigid structure may affect its ability to fit into binding sites, which could be a potential drawback.""
"
232,"
  ""basic_identity"": 
    ""core_scaffold"": ""Aliphatic chain with a central nitrogen atom""
  ,
  ""physicochemical_profile"": 
    ""size"": ""Medium"",
    ""lipophilicity"": ""Moderately lipophilic"",
    ""polarity"": ""Moderately polar"",
    ""hydrogen_bonding"": ""One hydrogen bond donor and acceptor"",
    ""flexibility"": ""Flexible"",
    ""charge_state"": ""Mostly neutral""
  ,
  ""structural_features"": 
    ""rings_and_aromaticity"": ""No rings or aromaticity"",
    ""key_functional_groups"": ""Central nitrogen atom"",
    ""substitution_pattern"": ""Linear"",
    ""stereochemistry"": ""Not obvious""
  ,
  ""general_medicinal_chemistry_notes"": ""This molecule has a moderate balance between lipophilicity and polarity, with a moderate number of rotatable bonds. The presence of a nitrogen atom suggests potential for ionic interactions or basicity. The lack of aromatic rings or other electron-rich moieties may impact its chemical stability or reactivity.""
"
233,"
  ""basic_identity"": 
    ""core_scaffold"": ""aliphatic chain with two methyl groups""
  ,
  ""physicochemical_profile"": 
    ""size"": ""small"",
    ""lipophilicity"": ""moderately lipophilic"",
    ""polarity"": ""low"",
    ""hydrogen_bonding"": ""no hydrogen bond donors or acceptors"",
    ""flexibility"": ""rigid"",
    ""charge_state"": ""mostly neutral""
  ,
  ""structural_features"": 
    ""rings_and_aromaticity"": ""no rings or aromaticity"",
    ""key_functional_groups"": ""none"",
    ""substitution_pattern"": ""two methyl groups attached to the chain"",
    ""stereochemistry"": ""not obvious""
  ,
  ""general_medicinal_chemistry_notes"": ""This molecule is relatively small and lipophilic, which may make it suitable for crossing biological membranes. However, its lack of polar functional groups and hydrogen bond donors/acceptors could limit its solubility and interaction with biological targets. The rigid structure may also limit its ability to conform to target sites.""
"
234,"
  ""basic_identity"": 
    ""core_scaffold"": ""Aliphatic hydrocarbon""
  ,
  ""physicochemical_profile"": 
    ""size"": ""small"",
    ""lipophilicity"": ""low"",
    ""polarity"": ""low"",
    ""hydrogen_bonding"": ""no hydrogen bond donors or acceptors"",
    ""flexibility"": ""rigid"",
    ""charge_state"": ""uncharged""
  ,
  ""structural_features"": 
    ""rings_and_aromaticity"": ""no rings or aromaticity"",
    ""key_functional_groups"": ""none"",
    ""substitution_pattern"": ""none"",
    ""stereochemistry"": ""not obvious""
  ,
  ""general_medicinal_chemistry_notes"": ""This molecule is a simple alkane, which is not typically found in drug-like compounds due to its lack of functional groups for biological interactions. Its low polarity and lipophilicity may limit its solubility in aqueous solutions.""
"
235,"
  ""basic_identity"": 
    ""core_scaffold"": ""Aliphatic chain with a single carbon-carbon double bond and a carboxylic acid""
  ,
  ""physicochemical_profile"": 
    ""size"": ""small"",
    ""lipophilicity"": ""moderate"",
    ""polarity"": ""polar"",
    ""hydrogen_bonding"": ""no hydrogen bond donors or acceptors"",
    ""flexibility"": ""rigid"",
    ""charge_state"": ""mostly neutral""
  ,
  ""structural_features"": 
    ""rings_and_aromaticity"": ""No rings or aromaticity"",
    ""key_functional_groups"": ""Carboxylic acid"",
    ""substitution_pattern"": ""Single substituent at the double bond"",
    ""stereochemistry"": ""Not obvious""
  ,
  ""general_medicinal_chemistry_notes"": ""This molecule is relatively small and polar, with a moderate lipophilicity. The carboxylic acid functional group may make it prone to hydrolysis in aqueous solutions. The lack of hydrogen bond donors or acceptors could limit its interactions with biological targets.""
"
236,"
  ""basic_identity"": 
    ""core_scaffold"": ""Aliphatic amine with two aromatic rings""
  ,
  ""physicochemical_profile"": 
    ""size"": ""Medium"",
    ""lipophilicity"": ""Moderately lipophilic"",
    ""polarity"": ""Moderately polar"",
    ""hydrogen_bonding"": ""One hydrogen bond donor and two acceptors"",
    ""flexibility"": ""Flexible"",
    ""charge_state"": ""Mostly neutral""
  ,
  ""structural_features"": 
    ""rings_and_aromaticity"": ""Two aromatic rings (benzene rings) with one substituent each"",
    ""key_functional_groups"": ""Amide and carboxylic acid"",
    ""substitution_pattern"": ""Substituents are attached to the aromatic rings"",
    ""stereochemistry"": ""Not obvious""
  ,
  ""general_medicinal_chemistry_notes"": ""This compound has a balance between lipophilicity and polarity, with a moderate XLogP and TPSA values. The presence of an amide and carboxylic acid functional groups may suggest potential hydrogen bonding interactions. The compound is flexible due to one rotatable bond. The carboxylic acid group may be prone to hydrolysis under certain conditions, which could affect its stability in vivo. The size of the molecule is moderate, which is generally suitable for a small-molecule drug.""
"
237,"
  ""basic_identity"": 
    ""core_scaffold"": ""Aliphatic amide with an aromatic ring""
  ,
  ""physicochemical_profile"": 
    ""size"": ""Medium"",
    ""lipophilicity"": ""Moderately lipophilic with an aliphatic chain and aromatic ring"",
    ""polarity"": ""Polar due to the presence of an amide and hydroxyl groups"",
    ""hydrogen_bonding"": ""One potential hydrogen bond donor and two potential acceptors"",
    ""flexibility"": ""Fairly flexible with one rotatable bond"",
    ""charge_state"": ""Mostly neutral""
  ,
  ""structural_features"": 
    ""rings_and_aromaticity"": ""Contains one aromatic ring (benzene) with one substituent"",
    ""key_functional_groups"": ""Amide and hydroxyl"",
    ""substitution_pattern"": ""The substituent is attached to the aromatic ring"",
    ""stereochemistry"": ""Not obvious""
  ,
  ""general_medicinal_chemistry_notes"": ""This molecule has a balance between lipophilicity and polarity, which is a common feature of many drugs. The presence of an amide and hydroxyl groups suggests potential hydrogen bonding interactions, which can be beneficial for drug-target interactions. The aromatic ring may contribute to the molecule's stability and bioavailability. The size and flexibility of the molecule are within the range of typical small-molecule drugs.""
"
238,"
  ""basic_identity"": 
    ""core_scaffold"": ""Tricyclic aromatic compound""
  ,
  ""physicochemical_profile"": 
    ""size"": ""Medium"",
    ""lipophilicity"": ""High"",
    ""polarity"": ""Low"",
    ""hydrogen_bonding"": ""None"",
    ""flexibility"": ""Rigid"",
    ""charge_state"": ""Mostly neutral""
  ,
  ""structural_features"": 
    ""rings_and_aromaticity"": ""Three aromatic rings (benzene rings) are present."",
    ""key_functional_groups"": ""No functional groups are present."",
    ""substitution_pattern"": ""The aromatic rings are substituted with alkyl chains."",
    ""stereochemistry"": ""Not obvious""
  ,
  ""general_medicinal_chemistry_notes"": ""This compound is relatively large for a typical small-molecule drug, with a high lipophilicity and low polarity. The lack of hydrogen bond donors or acceptors may limit its interactions with biological targets. The tricyclic structure could potentially introduce chemical stability issues or metabolic soft spots.""
"
239,"
  ""basic_identity"": 
    ""core_scaffold"": ""aliphatic chain with two chlorine substituents""
  ,
  ""physicochemical_profile"": 
    ""size"": ""small"",
    ""lipophilicity"": ""moderately lipophilic"",
    ""polarity"": ""low"",
    ""hydrogen_bonding"": ""no hydrogen bond donors or acceptors"",
    ""flexibility"": ""rigid"",
    ""charge_state"": ""uncharged""
  ,
  ""structural_features"": 
    ""rings_and_aromaticity"": ""no rings or aromaticity"",
    ""key_functional_groups"": ""chlorine"",
    ""substitution_pattern"": ""terminal substituents"",
    ""stereochemistry"": ""not obvious""
  ,
  ""general_medicinal_chemistry_notes"": ""This molecule is relatively small and lipophilic, which may make it suitable for membrane permeation. However, its lack of hydrogen bond donors or acceptors and the presence of chlorine substituents could potentially limit its biological activity and metabolic stability.""
"
240,"
  ""basic_identity"": 
    ""core_scaffold"": ""Aliphatic chain with a carboxylic acid ester and an alkyl amide""
  ,
  ""physicochemical_profile"": 
    ""size"": ""Medium"",
    ""lipophilicity"": ""Moderately lipophilic"",
    ""polarity"": ""Polar"",
    ""hydrogen_bonding"": ""No hydrogen bond donors or acceptors"",
    ""flexibility"": ""Rigid"",
    ""charge_state"": ""Neutral""
  ,
  ""structural_features"": 
    ""rings_and_aromaticity"": ""No rings or aromaticity"",
    ""key_functional_groups"": ""ester, amide"",
    ""substitution_pattern"": ""Single substituent on the amide nitrogen"",
    ""stereochemistry"": ""Not obvious""
  ,
  ""general_medicinal_chemistry_notes"": ""The molecule has a moderate balance between lipophilicity and polarity, which is a common feature of many drug-like molecules.The ester and amide functional groups may have potential chemical stability issues, such as hydrolysis.The molecule's size and polarity suggest it may not be an ideal candidate for oral drug delivery, but this is a rough assessment and further investigation is needed.""
"
241,"
  ""basic_identity"": 
    ""core_scaffold"": ""Aliphatic chloroamide""
  ,
  ""physicochemical_profile"": 
    ""size"": ""Medium"",
    ""lipophilicity"": ""Moderately lipophilic"",
    ""polarity"": ""Polar"",
    ""hydrogen_bonding"": ""No hydrogen bond donors or acceptors"",
    ""flexibility"": ""Rigid"",
    ""charge_state"": ""Neutral""
  ,
  ""structural_features"": 
    ""rings_and_aromaticity"": ""No rings or aromaticity"",
    ""key_functional_groups"": ""Chloroamide"",
    ""substitution_pattern"": ""Two chloro substituents on the amide nitrogen"",
    ""stereochemistry"": ""Not obvious""
  ,
  ""general_medicinal_chemistry_notes"": ""This molecule has a moderate balance between lipophilicity and polarity, with a polar amide group and two chloro substituents. The lack of hydrogen bond donors or acceptors may limit its interactions with biological targets. The chloro substituents may provide some metabolic stability, but the amide group can be susceptible to hydrolysis. The size and polarity of this molecule may make it less suitable for oral drug-like properties.""
"
242,"
  ""basic_identity"": 
    ""core_scaffold"": ""Aliphatic sulfonate ester""
  ,
  ""physicochemical_profile"": 
    ""size"": ""small"",
    ""lipophilicity"": ""slightly lipophilic"",
    ""polarity"": ""highly polar"",
    ""hydrogen_bonding"": ""no hydrogen bond donors or acceptors"",
    ""flexibility"": ""rigid"",
    ""charge_state"": ""neutral""
  ,
  ""structural_features"": 
    ""rings_and_aromaticity"": ""No rings or aromaticity"",
    ""key_functional_groups"": ""Sulfonate ester"",
    ""substitution_pattern"": ""Unknown"",
    ""stereochemistry"": ""Not obvious""
  ,
  ""general_medicinal_chemistry_notes"": ""This molecule is relatively small and polar, with no hydrogen bond donors or acceptors. The sulfonate ester functional group may confer some degree of water solubility, but the overall lipophilicity is low. The lack of rotatable bonds suggests a rigid structure, which could impact its ability to bind to biological targets. The absence of aromatic rings or other common drug-like moieties may limit its potential as a drug candidate.""
"
243,"
  ""basic_identity"": 
    ""core_scaffold"": ""Aliphatic amide with a benzene ring""
  ,
  ""physicochemical_profile"": 
    ""size"": ""Medium"",
    ""lipophilicity"": ""Moderately lipophilic"",
    ""polarity"": ""Moderately polar"",
    ""hydrogen_bonding"": ""One hydrogen bond donor and acceptor"",
    ""flexibility"": ""Rigid"",
    ""charge_state"": ""Mostly neutral""
  ,
  ""structural_features"": 
    ""rings_and_aromaticity"": ""One aromatic benzene ring"",
    ""key_functional_groups"": ""Amide"",
    ""substitution_pattern"": ""One substituent on the benzene ring"",
    ""stereochemistry"": ""Not obvious""
  ,
  ""general_medicinal_chemistry_notes"": ""This compound has a moderate balance between lipophilicity and polarity, with a moderately polar amide group and a moderately lipophilic benzene ring. The compound is likely rigid due to the absence of rotatable bonds. The amide group may have potential for hydrogen bonding interactions, but the overall polarity is not extremely high. The benzene ring may provide some chemical stability, but the compound's metabolic soft spots are not clear from the given information.""
"
244,"
  ""basic_identity"": 
    ""core_scaffold"": ""Aliphatic amide""
  ,
  ""physicochemical_profile"": 
    ""size"": ""small"",
    ""lipophilicity"": ""moderately lipophilic"",
    ""polarity"": ""moderately polar"",
    ""hydrogen_bonding"": ""contains one hydrogen bond donor and acceptor"",
    ""flexibility"": ""rigid"",
    ""charge_state"": ""mostly neutral""
  ,
  ""structural_features"": 
    ""rings_and_aromaticity"": ""contains one aromatic ring (benzene)"",
    ""key_functional_groups"": ""amide"",
    ""substitution_pattern"": ""single substituent on the amide nitrogen"",
    ""stereochemistry"": ""not obvious""
  ,
  ""general_medicinal_chemistry_notes"": ""This molecule has a moderate balance between lipophilicity and polarity, which is suitable for many drug-like compounds. The presence of an aromatic ring and an amide functional group may contribute to its biological activity. The compound is rigid, which could affect its ability to bind to targets. The hydrogen bond donor and acceptor suggest that it may interact with other molecules through hydrogen bonding.""
"
245,"
  ""basic_identity"": 
    ""core_scaffold"": ""Benzene ring with two amides""
  ,
  ""physicochemical_profile"": 
    ""size"": ""Medium"",
    ""lipophilicity"": ""Moderately lipophilic"",
    ""polarity"": ""Polar"",
    ""hydrogen_bonding"": ""Contains two hydrogen bond donors and four acceptors"",
    ""flexibility"": ""Rigid"",
    ""charge_state"": ""Mostly neutral""
  ,
  ""structural_features"": 
    ""rings_and_aromaticity"": ""Two aromatic benzene rings"",
    ""key_functional_groups"": ""Two amides and two esters"",
    ""substitution_pattern"": ""Substituents are attached to the aromatic rings"",
    ""stereochemistry"": ""Not obvious""
  ,
  ""general_medicinal_chemistry_notes"": ""This compound has a balance between lipophilicity and polarity, with a moderate XLogP value and high TPSA. The presence of multiple hydrogen bond donors and acceptors suggests it may interact with biological targets. The rigidity of the molecule may limit its ability to penetrate cell membranes, which could impact its bioavailability. The absence of rotatable bonds indicates that the compound is likely to be crystalline, which could affect its solubility.""
"
246,"
  ""basic_identity"": 
    ""core_scaffold"": ""Benzene ring with two amide groups""
  ,
  ""physicochemical_profile"": 
    ""size"": ""Medium"",
    ""lipophilicity"": ""Moderately lipophilic"",
    ""polarity"": ""Polar"",
    ""hydrogen_bonding"": ""Contains two hydrogen bond donors and four hydrogen bond acceptors"",
    ""flexibility"": ""Rigid"",
    ""charge_state"": ""Mostly neutral""
  ,
  ""structural_features"": 
    ""rings_and_aromaticity"": ""Contains two aromatic rings (benzene rings) with no conjugation"",
    ""key_functional_groups"": ""Amide, carboxylic acid"",
    ""substitution_pattern"": ""The amide groups are attached to the benzene rings"",
    ""stereochemistry"": ""Not obvious""
  ,
  ""general_medicinal_chemistry_notes"": ""This molecule has a balance between lipophilicity and polarity, with a moderate lipophilicity and a polar character due to the presence of multiple hydrogen bond donors and acceptors. The rigidity of the structure may limit its ability to bind to targets with complex binding sites. The presence of multiple carboxylic acid and amide groups suggests potential chemical stability, but the lack of rotatable bonds and the presence of aromatic rings may make the molecule more susceptible to metabolic degradation.""
"
247,"
  ""basic_identity"": 
    ""core_scaffold"": ""aliphatic chain with a carboxylic acid group""
  ,
  ""physicochemical_profile"": 
    ""size"": ""medium"",
    ""lipophilicity"": ""highly lipophilic"",
    ""polarity"": ""polar"",
    ""hydrogen_bonding"": ""contains one hydrogen bond acceptor"",
    ""flexibility"": ""flexible"",
    ""charge_state"": ""uncertain""
  ,
  ""structural_features"": 
    ""rings_and_aromaticity"": ""no rings or aromaticity"",
    ""key_functional_groups"": ""carboxylic acid"",
    ""substitution_pattern"": ""terminal carboxylic acid"",
    ""stereochemistry"": ""not obvious""
  ,
  ""general_medicinal_chemistry_notes"": ""This molecule is relatively large and polar, which may impact its pharmacokinetic properties. The carboxylic acid group can potentially form hydrogen bonds, but its lipophilicity might be a challenge for oral drug-like behavior. The presence of a single rotatable bond suggests some flexibility, which could be beneficial for binding to targets.""
"
248,"
  ""basic_identity"": 
    ""core_scaffold"": ""Aliphatic chain with an amide group""
  ,
  ""physicochemical_profile"": 
    ""size"": ""small"",
    ""lipophilicity"": ""moderate"",
    ""polarity"": ""moderate"",
    ""hydrogen_bonding"": ""one hydrogen bond donor and acceptor"",
    ""flexibility"": ""flexible"",
    ""charge_state"": ""mostly neutral""
  ,
  ""structural_features"": 
    ""rings_and_aromaticity"": ""No rings or aromaticity"",
    ""key_functional_groups"": ""Amide"",
    ""substitution_pattern"": ""Two carbon chains connected to the amide nitrogen"",
    ""stereochemistry"": ""Not obvious""
  ,
  ""general_medicinal_chemistry_notes"": ""This molecule has a moderate balance between lipophilicity and polarity, with a moderate number of rotatable bonds. The amide group suggests potential hydrogen bonding interactions, but the overall polarity may limit oral drug-likeness. The aliphatic chain could be a soft spot for metabolic degradation.""
"
249,"
  ""basic_identity"": 
    ""core_scaffold"": ""Aliphatic carboxylic acid""
  ,
  ""physicochemical_profile"": 
    ""size"": ""medium"",
    ""lipophilicity"": ""moderate"",
    ""polarity"": ""polar"",
    ""hydrogen_bonding"": ""no hydrogen bond donors or acceptors"",
    ""flexibility"": ""flexible"",
    ""charge_state"": ""uncertain""
  ,
  ""structural_features"": 
    ""rings_and_aromaticity"": ""no rings or aromaticity"",
    ""key_functional_groups"": ""carboxylic acid"",
    ""substitution_pattern"": ""single substituent on the carboxylic acid"",
    ""stereochemistry"": ""not obvious""
  ,
  ""general_medicinal_chemistry_notes"": ""This molecule is polar with moderate lipophilicity, which may limit its oral drug-likeness. The carboxylic acid group can form hydrogen bonds, but it also makes the molecule prone to hydrolysis. The flexibility of the molecule suggests it may have multiple conformations, which could affect its binding to targets.""
"
250,"
  ""basic_identity"": 
    ""core_scaffold"": ""Aliphatic amine""
  ,
  ""physicochemical_profile"": 
    ""size"": ""Small"",
    ""lipophilicity"": ""Moderate"",
    ""polarity"": ""Moderate"",
    ""hydrogen_bonding"": ""One hydrogen bond donor and acceptor"",
    ""flexibility"": ""Rigid"",
    ""charge_state"": ""Mostly neutral""
  ,
  ""structural_features"": 
    ""rings_and_aromaticity"": ""One aromatic ring (benzene)"",
    ""key_functional_groups"": ""Amide"",
    ""substitution_pattern"": ""Substituent attached to the amide nitrogen"",
    ""stereochemistry"": ""Not obvious""
  ,
  ""general_medicinal_chemistry_notes"": ""This molecule has a moderate balance between lipophilicity and polarity, with a moderate TPSA and XLogP. The amide functional group suggests potential hydrogen bonding interactions. The rigid structure may limit its flexibility, which could impact its ability to bind to targets. The presence of an aromatic ring could contribute to its stability, but the amide may be a potential soft spot for metabolism.""
"
251,"
  ""basic_identity"": 
    ""core_scaffold"": ""Aliphatic chain with five carbon atoms and one chlorine atom""
  ,
  ""physicochemical_profile"": 
    ""size"": ""Medium"",
    ""lipophilicity"": ""Highly lipophilic"",
    ""polarity"": ""Low"",
    ""hydrogen_bonding"": ""No hydrogen bond donors or acceptors"",
    ""flexibility"": ""Flexible"",
    ""charge_state"": ""Uncertain""
  ,
  ""structural_features"": 
    ""rings_and_aromaticity"": ""No rings or aromaticity"",
    ""key_functional_groups"": ""Chlorine atom"",
    ""substitution_pattern"": ""Single chlorine atom at the end of the chain"",
    ""stereochemistry"": ""Not obvious""
  ,
  ""general_medicinal_chemistry_notes"": ""This molecule is relatively large and highly lipophilic, which may pose challenges for drug-likeness. The chlorine atom could potentially introduce metabolic instability. The lack of hydrogen bond donors or acceptors suggests poor interaction with biological targets.""
"
252,"
  ""basic_identity"": 
    ""core_scaffold"": ""Aliphatic perfluorinated compound with two chloroalkyl groups and a fluorine atom""
  ,
  ""physicochemical_profile"": 
    ""size"": ""Medium"",
    ""lipophilicity"": ""Highly lipophilic"",
    ""polarity"": ""Low"",
    ""hydrogen_bonding"": ""No hydrogen bond donors or acceptors"",
    ""flexibility"": ""Flexible"",
    ""charge_state"": ""Uncertain""
  ,
  ""structural_features"": 
    ""rings_and_aromaticity"": ""No rings or aromaticity"",
    ""key_functional_groups"": ""Perfluorinated alkyl groups, Chloroalkyl groups"",
    ""substitution_pattern"": ""Two chloroalkyl groups are attached to the central carbon atom"",
    ""stereochemistry"": ""Not obvious""
  ,
  ""general_medicinal_chemistry_notes"": ""This compound is highly lipophilic, which may affect its solubility and permeability. The presence of multiple halogens suggests potential chemical stability, but the lack of hydrogen bond donors or acceptors may limit its interaction with biological targets. The size and lipophilicity are not typical for small-molecule drugs, which could pose challenges for drug discovery and development.""
"
253,"
  ""basic_identity"": 
    ""core_scaffold"": ""Aliphatic ester""
  ,
  ""physicochemical_profile"": 
    ""size"": ""Medium"",
    ""lipophilicity"": ""Moderately lipophilic"",
    ""polarity"": ""Polar"",
    ""hydrogen_bonding"": ""No hydrogen bond donors or acceptors"",
    ""flexibility"": ""Flexible"",
    ""charge_state"": ""Mostly neutral""
  ,
  ""structural_features"": 
    ""rings_and_aromaticity"": ""No rings or aromaticity"",
    ""key_functional_groups"": ""Ester"",
    ""substitution_pattern"": ""Two ester groups are attached to a central carbon atom"",
    ""stereochemistry"": ""Not obvious""
  ,
  ""general_medicinal_chemistry_notes"": ""This molecule has a moderate balance between lipophilicity and polarity, which is typical for many drugs. However, its polar character may affect its solubility and permeability. The ester group is a common site for metabolic hydrolysis, which could potentially limit its in vivo half-life.""
"
254,"
  ""basic_identity"": 
    ""core_scaffold"": ""Dichloro-substituted benzene ring""
  ,
  ""physicochemical_profile"": 
    ""size"": ""Medium"",
    ""lipophilicity"": ""Highly lipophilic"",
    ""polarity"": ""Not polar"",
    ""hydrogen_bonding"": ""No hydrogen bond donors or acceptors"",
    ""flexibility"": ""Rigid"",
    ""charge_state"": ""Mostly neutral""
  ,
  ""structural_features"": 
    ""rings_and_aromaticity"": ""One aromatic benzene ring"",
    ""key_functional_groups"": ""Two chlorine atoms"",
    ""substitution_pattern"": ""Two chlorine atoms are ortho to each other"",
    ""stereochemistry"": ""Not obvious""
  ,
  ""general_medicinal_chemistry_notes"": ""The high lipophilicity may improve membrane permeability, but the lack of polar functional groups could limit solubility.The presence of two chlorine atoms may enhance metabolic stability, but could also potentially interfere with biological targets.The rigid structure and lack of rotatable bonds suggest limited conformational flexibility.The absence of hydrogen bond donors or acceptors may limit interactions with biological targets.""
"
255,"
  ""basic_identity"": 
    ""core_scaffold"": ""Biphenyl""
  ,
  ""physicochemical_profile"": 
    ""size"": ""Medium"",
    ""lipophilicity"": ""High"",
    ""polarity"": ""Low"",
    ""hydrogen_bonding"": ""No hydrogen bond donors or acceptors"",
    ""flexibility"": ""Rigid"",
    ""charge_state"": ""Mostly neutral""
  ,
  ""structural_features"": 
    ""rings_and_aromaticity"": ""Two aromatic rings (biphenyl) with no conjugation"",
    ""key_functional_groups"": ""No key functional groups"",
    ""substitution_pattern"": ""Two phenyl rings are substituted with a carbonyl and a carboxylic acid, respectively"",
    ""stereochemistry"": ""Not obvious""
  ,
  ""general_medicinal_chemistry_notes"": ""This compound is relatively large for a typical small-molecule drug, with a medium size and high lipophilicity. Its low polarity and lack of hydrogen bond donors or acceptors may limit its interactions with biological targets. The presence of two aromatic rings and a carbonyl group suggests potential chemical stability, but the carboxylic acid group may be prone to hydrolysis under certain conditions.""
"
256,"
  ""basic_identity"": 
    ""core_scaffold"": ""Aliphatic chain with a central carbon atom bonded to two methyl groups and a terminal ethyl group.""
  ,
  ""physicochemical_profile"": 
    ""size"": ""Small"",
    ""lipophilicity"": ""Moderately lipophilic"",
    ""polarity"": ""Low"",
    ""hydrogen_bonding"": ""No potential hydrogen bond donors or acceptors"",
    ""flexibility"": ""Flexible"",
    ""charge_state"": ""Mostly neutral""
  ,
  ""structural_features"": 
    ""rings_and_aromaticity"": ""No rings or aromaticity"",
    ""key_functional_groups"": ""None"",
    ""substitution_pattern"": ""Linear"",
    ""stereochemistry"": ""Not obvious""
  ,
  ""general_medicinal_chemistry_notes"": ""This molecule has a moderate lipophilicity, but its polarity is low. The lack of hydrogen bonding donors or acceptors may limit its interactions with biological targets. The absence of aromatic rings or heteroatoms suggests it may be metabolically stable. The small size and flexibility could potentially make it suitable for oral administration, but further analysis is needed to confirm this.""
"
257,"
  ""basic_identity"": 
    ""core_scaffold"": ""Aliphatic amine with a benzene ring and two chlorine atoms""
  ,
  ""physicochemical_profile"": 
    ""size"": ""Medium"",
    ""lipophilicity"": ""Highly lipophilic"",
    ""polarity"": ""Polar"",
    ""hydrogen_bonding"": ""No hydrogen bond donors or acceptors"",
    ""flexibility"": ""Flexible"",
    ""charge_state"": ""Mostly neutral""
  ,
  ""structural_features"": 
    ""rings_and_aromaticity"": ""One aromatic benzene ring"",
    ""key_functional_groups"": ""Amide, ester, and two chlorine atoms"",
    ""substitution_pattern"": ""Two chlorine atoms are attached to the benzene ring, and the amide and ester functional groups are attached to the aliphatic chain"",
    ""stereochemistry"": ""Not obvious""
  ,
  ""general_medicinal_chemistry_notes"": ""This compound has a high lipophilicity and polar character, which may affect its solubility and permeability. The presence of chlorine atoms can potentially increase metabolic stability but may also lead to toxicity concerns. The absence of hydrogen bond donors or acceptors might limit its ability to interact with biological targets. The compound's size and flexibility suggest it could be orally bioavailable, but further analysis is required to confirm this.""
"
258,"
  ""basic_identity"": 
    ""core_scaffold"": ""aliphatic fluorinated chain""
  ,
  ""physicochemical_profile"": 
    ""size"": ""small"",
    ""lipophilicity"": ""highly lipophilic"",
    ""polarity"": ""low"",
    ""hydrogen_bonding"": ""no hydrogen bond donors or acceptors"",
    ""flexibility"": ""rigid"",
    ""charge_state"": ""uncharged""
  ,
  ""structural_features"": 
    ""rings_and_aromaticity"": ""no rings or aromaticity"",
    ""key_functional_groups"": ""fluorine, chlorine"",
    ""substitution_pattern"": ""terminal substituents"",
    ""stereochemistry"": ""not obvious""
  ,
  ""general_medicinal_chemistry_notes"": ""This compound is highly lipophilic, which may be beneficial for membrane permeation but could also lead to poor solubility. The lack of hydrogen bond donors or acceptors suggests it may not interact well with biological targets that rely on hydrogen bonding. The presence of halogens may improve metabolic stability but could also lead to toxicity concerns.""
"
259,"
  ""basic_identity"": 
    ""core_scaffold"": ""Aliphatic alkene""
  ,
  ""physicochemical_profile"": 
    ""size"": ""small"",
    ""lipophilicity"": ""moderately lipophilic"",
    ""polarity"": ""low"",
    ""hydrogen_bonding"": ""no hydrogen bond donors or acceptors"",
    ""flexibility"": ""rigid"",
    ""charge_state"": ""uncharged""
  ,
  ""structural_features"": 
    ""rings_and_aromaticity"": ""no rings or aromaticity"",
    ""key_functional_groups"": ""none"",
    ""substitution_pattern"": ""none"",
    ""stereochemistry"": ""not obvious""
  ,
  ""general_medicinal_chemistry_notes"": ""This molecule is a simple alkene, which may have limited biological activity due to its low polarity and lack of functional groups. Its small size and moderate lipophilicity could potentially make it a candidate for drug-like properties, but further modifications would likely be necessary to improve its pharmacological profile.""
"
260,"
  ""basic_identity"": 
    ""core_scaffold"": ""aliphatic chain with one iodine atom""
  ,
  ""physicochemical_profile"": 
    ""size"": ""medium"",
    ""lipophilicity"": ""high"",
    ""polarity"": ""low"",
    ""hydrogen_bonding"": ""none"",
    ""flexibility"": ""moderate"",
    ""charge_state"": ""uncertain""
  ,
  ""structural_features"": 
    ""rings_and_aromaticity"": ""none"",
    ""key_functional_groups"": ""iodine"",
    ""substitution_pattern"": ""terminal"",
    ""stereochemistry"": ""not obvious""
  ,
  ""general_medicinal_chemistry_notes"": ""This molecule is relatively large and lipophilic, which may impact its solubility and permeability. The iodine atom can potentially act as a metabolic soft spot, making the molecule more susceptible to degradation. The lack of hydrogen bond donors or acceptors may limit its ability to interact with biological targets.""
"
261,"
  ""basic_identity"": 
    ""core_scaffold"": ""Aliphatic ester""
  ,
  ""physicochemical_profile"": 
    ""size"": ""Medium"",
    ""lipophilicity"": ""Moderately lipophilic"",
    ""polarity"": ""Polar"",
    ""hydrogen_bonding"": ""No hydrogen bond donors or acceptors"",
    ""flexibility"": ""Flexible"",
    ""charge_state"": ""Mostly neutral""
  ,
  ""structural_features"": 
    ""rings_and_aromaticity"": ""No rings or aromaticity"",
    ""key_functional_groups"": ""Ester"",
    ""substitution_pattern"": ""Three ethers are substituted on the ester"",
    ""stereochemistry"": ""Not obvious""
  ,
  ""general_medicinal_chemistry_notes"": ""This molecule has a moderate balance between lipophilicity and polarity, with a polar ester group and moderate lipophilicity. The polar nature may affect its solubility and permeability, while the ester group could potentially be metabolically labile. The molecule is flexible due to three rotatable bonds. The lack of hydrogen bond donors or acceptors may limit its ability to interact with biological targets.""
"
262,"
  ""basic_identity"": 
    ""core_scaffold"": ""Aliphatic chain of 14 carbons""
  ,
  ""physicochemical_profile"": 
    ""size"": ""Medium"",
    ""lipophilicity"": ""Highly lipophilic"",
    ""polarity"": ""Not polar"",
    ""hydrogen_bonding"": ""No hydrogen bond donors or acceptors"",
    ""flexibility"": ""Flexible"",
    ""charge_state"": ""Mostly neutral""
  ,
  ""structural_features"": 
    ""rings_and_aromaticity"": ""No rings or aromaticity"",
    ""key_functional_groups"": ""None"",
    ""substitution_pattern"": ""Linear"",
    ""stereochemistry"": ""Not obvious""
  ,
  ""general_medicinal_chemistry_notes"": ""This molecule is highly lipophilic, which may make it difficult to achieve adequate solubility for oral administration. The lack of polar functional groups or hydrogen bond donors/acceptors suggests it may not interact well with biological targets. The absence of aromatic rings or heteroatoms may limit its potential for binding to proteins.""
"
263,"
  ""basic_identity"": 
    ""core_scaffold"": ""Aliphatic carboxylic acid ester""
  ,
  ""physicochemical_profile"": 
    ""size"": ""Medium"",
    ""lipophilicity"": ""Moderately polar"",
    ""polarity"": ""Polar"",
    ""hydrogen_bonding"": ""No hydrogen bond donors or acceptors"",
    ""flexibility"": ""Flexible"",
    ""charge_state"": ""Mostly neutral""
  ,
  ""structural_features"": 
    ""rings_and_aromaticity"": ""No rings or aromaticity"",
    ""key_functional_groups"": ""Carboxylic acid ester"",
    ""substitution_pattern"": ""Two ester groups attached to the carbons of the carboxylic acid"",
    ""stereochemistry"": ""Not obvious""
  ,
  ""general_medicinal_chemistry_notes"": ""The molecule's moderate size and polar character may make it suitable for certain biological targets.The presence of ester groups suggests potential metabolic instability.The lack of hydrogen bond donors or acceptors may limit its interactions with biological targets.""
"
264,"
  ""basic_identity"": 
    ""core_scaffold"": ""Aliphatic double bond""
  ,
  ""physicochemical_profile"": 
    ""size"": ""small"",
    ""lipophilicity"": ""moderate"",
    ""polarity"": ""low"",
    ""hydrogen_bonding"": ""none"",
    ""flexibility"": ""rigid"",
    ""charge_state"": ""uncharged""
  ,
  ""structural_features"": 
    ""rings_and_aromaticity"": ""none"",
    ""key_functional_groups"": ""none"",
    ""substitution_pattern"": ""none"",
    ""stereochemistry"": ""not obvious""
  ,
  ""general_medicinal_chemistry_notes"": ""This molecule is relatively small and lipophilic, which may make it suitable for crossing biological membranes.However, its lack of polar functional groups and hydrogen bond donors/acceptors could limit its interactions with biological targets.The absence of rotatable bonds suggests that it may be rigid, which could affect its pharmacokinetic properties.""
"
265,"
  ""basic_identity"": 
    ""core_scaffold"": ""Biphenyl with amide substitution""
  ,
  ""physicochemical_profile"": 
    ""size"": ""Medium"",
    ""lipophilicity"": ""Highly lipophilic"",
    ""polarity"": ""Moderately polar"",
    ""hydrogen_bonding"": ""One potential hydrogen bond donor"",
    ""flexibility"": ""Rigid"",
    ""charge_state"": ""Mostly neutral""
  ,
  ""structural_features"": 
    ""rings_and_aromaticity"": ""Two aromatic rings (biphenyl) with no conjugation"",
    ""key_functional_groups"": ""Amide"",
    ""substitution_pattern"": ""Single amide substitution at ortho position"",
    ""stereochemistry"": ""Not obvious""
  ,
  ""general_medicinal_chemistry_notes"": ""This molecule has a moderate balance between lipophilicity and polarity, with a high degree of aromaticity. The amide functional group suggests potential hydrogen bonding interactions, but the lack of rotatable bonds and the rigid structure may limit conformational flexibility. The biphenyl core is a common scaffold in pharmaceuticals, but the high lipophilicity and lack of polar functional groups could pose challenges for drug-like properties.""
"
266,"
  ""basic_identity"": 
    ""core_scaffold"": ""Aliphatic ester with a chlorinated alkyl chain attached to a carboxylic acid""
  ,
  ""physicochemical_profile"": 
    ""size"": ""Medium"",
    ""lipophilicity"": ""Moderately lipophilic"",
    ""polarity"": ""Polar"",
    ""hydrogen_bonding"": ""One hydrogen bond donor and four acceptors"",
    ""flexibility"": ""Flexible"",
    ""charge_state"": ""Mostly neutral""
  ,
  ""structural_features"": 
    ""rings_and_aromaticity"": ""No rings or aromaticity"",
    ""key_functional_groups"": ""Ester, carboxylic acid, chloroalkane"",
    ""substitution_pattern"": ""The chlorinated alkyl chain is attached to the ester and carboxylic acid"",
    ""stereochemistry"": ""Not obvious""
  ,
  ""general_medicinal_chemistry_notes"": ""This molecule has a moderate balance between lipophilicity and polarity, with a polar ester and carboxylic acid moiety and a moderately lipophilic chlorinated alkyl chain. The presence of multiple hydrogen bond acceptors suggests potential interactions with biological targets. The chlorinated alkyl chain may affect chemical stability or metabolic clearance. The size and polarity of this molecule may make it less suitable for oral drug-like properties.""
"
267,"
  ""basic_identity"": 
    ""core_scaffold"": ""aliphatic chain""
  ,
  ""physicochemical_profile"": 
    ""size"": ""small"",
    ""lipophilicity"": ""moderately lipophilic"",
    ""polarity"": ""low"",
    ""hydrogen_bonding"": ""no hydrogen bond donors or acceptors"",
    ""flexibility"": ""rigid"",
    ""charge_state"": ""neutral""
  ,
  ""structural_features"": 
    ""rings_and_aromaticity"": ""no rings or aromaticity"",
    ""key_functional_groups"": ""none"",
    ""substitution_pattern"": ""linear"",
    ""stereochemistry"": ""not obvious""
  ,
  ""general_medicinal_chemistry_notes"": ""This molecule is small and moderately lipophilic, which may make it suitable for crossing biological membranes. However, its lack of polar functional groups and hydrogen bond donors/acceptors could limit its solubility and potential interactions with biological targets. The rigid structure may also limit its ability to conform to target sites.""
"
268,"
  ""basic_identity"": 
    ""core_scaffold"": ""Aliphatic chain with a central tertiary amide""
  ,
  ""physicochemical_profile"": 
    ""size"": ""Medium"",
    ""lipophilicity"": ""Moderately lipophilic"",
    ""polarity"": ""Moderately polar"",
    ""hydrogen_bonding"": ""One hydrogen bond donor and acceptor"",
    ""flexibility"": ""Flexible"",
    ""charge_state"": ""Mostly neutral""
  ,
  ""structural_features"": 
    ""rings_and_aromaticity"": ""No rings or aromaticity"",
    ""key_functional_groups"": ""Tertiary amide"",
    ""substitution_pattern"": ""Substituents are attached to the amide nitrogen and the carbon atoms of the aliphatic chain"",
    ""stereochemistry"": ""Not obvious""
  ,
  ""general_medicinal_chemistry_notes"": ""This molecule has a moderate balance between lipophilicity and polarity, which is common for many drug-like molecules. The tertiary amide functional group may confer some chemical stability, but the presence of multiple rotatable bonds suggests potential issues with flexibility. The overall size is moderate, which is generally suitable for oral drug-like molecules. However, the exact drug-likeness cannot be determined without additional information.""
"
269,"
  ""basic_identity"": 
    ""core_scaffold"": ""Aliphatic chain with a benzene ring attached""
  ,
  ""physicochemical_profile"": 
    ""size"": ""Medium"",
    ""lipophilicity"": ""Moderately lipophilic"",
    ""polarity"": ""Not polar"",
    ""hydrogen_bonding"": ""No hydrogen bond donors or acceptors"",
    ""flexibility"": ""Flexible"",
    ""charge_state"": ""Mostly neutral""
  ,
  ""structural_features"": 
    ""rings_and_aromaticity"": ""Contains one aromatic benzene ring"",
    ""key_functional_groups"": ""No key functional groups"",
    ""substitution_pattern"": ""The benzene ring is substituted with an aliphatic chain"",
    ""stereochemistry"": ""Not obvious""
  ,
  ""general_medicinal_chemistry_notes"": ""This molecule has a moderate balance between lipophilicity and polarity, but lacks hydrogen bond donors or acceptors, which may limit its potential for binding to biological targets. The aliphatic chain and benzene ring suggest a certain degree of chemical stability, but the absence of polar functional groups could make it less soluble in aqueous solutions. The overall size and complexity of the molecule may make it challenging for oral absorption.""
"
270,"
  ""basic_identity"": 
    ""core_scaffold"": ""Aliphatic chain with five carbon atoms""
  ,
  ""physicochemical_profile"": 
    ""size"": ""Medium"",
    ""lipophilicity"": ""High"",
    ""polarity"": ""Low"",
    ""hydrogen_bonding"": ""No hydrogen bond donors or acceptors"",
    ""flexibility"": ""Flexible"",
    ""charge_state"": ""Mostly neutral""
  ,
  ""structural_features"": 
    ""rings_and_aromaticity"": ""No rings or aromaticity"",
    ""key_functional_groups"": ""None"",
    ""substitution_pattern"": ""Aliphatic chain with five carbon atoms"",
    ""stereochemistry"": ""Not obvious""
  ,
  ""general_medicinal_chemistry_notes"": ""This molecule has a moderate size and high lipophilicity, which may make it suitable for membrane permeation. However, the lack of hydrogen bond donors or acceptors could limit its interactions with biological targets. The absence of aromatic rings or heteroatoms suggests that it may be metabolically stable. The aliphatic chain structure is common in many small molecules, but its lack of functional groups makes it difficult to predict its potential as a drug candidate without further analysis.""
"
271,"
  ""basic_identity"": 
    ""core_scaffold"": ""Aliphatic chain with a carboxylic acid ester""
  ,
  ""physicochemical_profile"": 
    ""size"": ""Medium"",
    ""lipophilicity"": ""Moderately lipophilic"",
    ""polarity"": ""Polar"",
    ""hydrogen_bonding"": ""No hydrogen bond donors or acceptors"",
    ""flexibility"": ""Flexible"",
    ""charge_state"": ""Mostly neutral""
  ,
  ""structural_features"": 
    ""rings_and_aromaticity"": ""No rings or aromaticity"",
    ""key_functional_groups"": ""Carboxylic acid ester"",
    ""substitution_pattern"": ""Single ester substitution"",
    ""stereochemistry"": ""Not obvious""
  ,
  ""general_medicinal_chemistry_notes"": ""This molecule has a moderate balance between lipophilicity and polarity, which is suitable for many drug-like properties. However, the absence of hydrogen bond donors may limit its interactions with biological targets. The ester group can be susceptible to hydrolysis, which could affect its stability in vivo.""
"
272,"
  ""basic_identity"": 
    ""core_scaffold"": ""Aliphatic chain with a central cyclohexane ring and two terminal amide groups""
  ,
  ""physicochemical_profile"": 
    ""size"": ""Medium"",
    ""lipophilicity"": ""Moderately lipophilic"",
    ""polarity"": ""Moderately polar"",
    ""hydrogen_bonding"": ""One hydrogen bond donor and one acceptor"",
    ""flexibility"": ""Flexible"",
    ""charge_state"": ""Mostly neutral""
  ,
  ""structural_features"": 
    ""rings_and_aromaticity"": ""Contains a cyclohexane ring, no aromaticity"",
    ""key_functional_groups"": ""Two amide groups"",
    ""substitution_pattern"": ""Terminal substitution"",
    ""stereochemistry"": ""Not obvious""
  ,
  ""general_medicinal_chemistry_notes"": ""This molecule has a moderate balance between lipophilicity and polarity, with a moderate number of rotatable bonds. The presence of amide groups suggests potential hydrogen bonding interactions, but the overall polarity may limit oral drug-likeness. The cyclohexane ring could potentially introduce some steric hindrance, and the lack of aromatic rings might affect its stability. Further investigation is needed to fully understand its properties.""
"
273,"
  ""basic_identity"": 
    ""core_scaffold"": ""Aliphatic chain with two methyl groups and a single carbon linker""
  ,
  ""physicochemical_profile"": 
    ""size"": ""small"",
    ""lipophilicity"": ""moderately lipophilic"",
    ""polarity"": ""low"",
    ""hydrogen_bonding"": ""one hydrogen bond donor and acceptor"",
    ""flexibility"": ""flexible"",
    ""charge_state"": ""mostly neutral""
  ,
  ""structural_features"": 
    ""rings_and_aromaticity"": ""No rings or aromaticity"",
    ""key_functional_groups"": ""No key functional groups"",
    ""substitution_pattern"": ""Two methyl groups are attached to the central carbon"",
    ""stereochemistry"": ""Not obvious""
  ,
  ""general_medicinal_chemistry_notes"": ""This molecule has a moderate balance between lipophilicity and polarity, but its low polarity and lack of hydrogen bonding donors may limit its potential as a drug candidate. The absence of aromatic rings or other common drug-like features suggests it may not be an ideal starting point for drug discovery.""
"
274,"
  ""basic_identity"": 
    ""core_scaffold"": ""Biphenyl with two chloro-substituted benzene rings connected by an ether linker""
  ,
  ""physicochemical_profile"": 
    ""size"": ""Medium"",
    ""lipophilicity"": ""Highly lipophilic"",
    ""polarity"": ""Moderately polar"",
    ""hydrogen_bonding"": ""No hydrogen bond donors or acceptors"",
    ""flexibility"": ""Rigid"",
    ""charge_state"": ""Mostly neutral""
  ,
  ""structural_features"": 
    ""rings_and_aromaticity"": ""Two aromatic rings (biphenyl), both benzene rings are substituted with chloro groups"",
    ""key_functional_groups"": ""Ether"",
    ""substitution_pattern"": ""Ortho-substitution pattern on both benzene rings"",
    ""stereochemistry"": ""Not obvious""
  ,
  ""general_medicinal_chemistry_notes"": ""This compound is relatively large and highly lipophilic, which may impact its solubility and permeability. The biphenyl scaffold is a common feature in many pharmaceuticals, but the chloro substituents may introduce unwanted reactivity or metabolic instability. The lack of hydrogen bond donors or acceptors suggests it may not interact well with biological targets that rely on hydrogen bonding.""
"
275,"
  ""basic_identity"": 
    ""core_scaffold"": ""Aliphatic amide with a halogenated aromatic ring""
  ,
  ""physicochemical_profile"": 
    ""size"": ""Medium"",
    ""lipophilicity"": ""Moderately lipophilic due to the aromatic ring and halogen substituents"",
    ""polarity"": ""Moderately polar due to the polar functional groups and TPSA value"",
    ""hydrogen_bonding"": ""Contains one hydrogen bond donor and four acceptors"",
    ""flexibility"": ""Moderately flexible with three rotatable bonds"",
    ""charge_state"": ""Uncertain""
  ,
  ""structural_features"": 
    ""rings_and_aromaticity"": ""Contains one aromatic ring (benzene) with two halogen substituents"",
    ""key_functional_groups"": ""Amide, ester, and two halogens"",
    ""substitution_pattern"": ""The aromatic ring is substituted at the ortho positions"",
    ""stereochemistry"": ""Not obvious""
  ,
  ""general_medicinal_chemistry_notes"": ""The balance between lipophilicity and polarity may be suitable for some pharmacological targets, but the high polar surface area could potentially lead to poor permeability.The presence of halogens may affect chemical stability and metabolic clearance.The amide and ester functional groups suggest potential hydrolytic instability.""
"
276,"
  ""basic_identity"": 
    ""core_scaffold"": ""Aliphatic amine""
  ,
  ""physicochemical_profile"": 
    ""size"": ""Medium"",
    ""lipophilicity"": ""Moderately lipophilic"",
    ""polarity"": ""Moderately polar"",
    ""hydrogen_bonding"": ""Contains one hydrogen bond donor and acceptor"",
    ""flexibility"": ""Rigid"",
    ""charge_state"": ""Mostly neutral""
  ,
  ""structural_features"": 
    ""rings_and_aromaticity"": ""No rings or aromaticity"",
    ""key_functional_groups"": ""Amine"",
    ""substitution_pattern"": ""Single substituent on the amine"",
    ""stereochemistry"": ""Not obvious""
  ,
  ""general_medicinal_chemistry_notes"": ""This molecule has a moderate balance between lipophilicity and polarity, which is suitable for many drug-like compounds. However, the lack of rotatable bonds and the presence of only one hydrogen bond donor and acceptor may limit its potential interactions with biological targets. The amine functional group can be susceptible to chemical reactions, so care should be taken in designing this molecule for stability.""
"
277,"
  ""basic_identity"": 
    ""core_scaffold"": ""aliphatic chain with fluorine and chlorine substituents""
  ,
  ""physicochemical_profile"": 
    ""size"": ""small"",
    ""lipophilicity"": ""moderate"",
    ""polarity"": ""low"",
    ""hydrogen_bonding"": ""none"",
    ""flexibility"": ""rigid"",
    ""charge_state"": ""uncharged""
  ,
  ""structural_features"": 
    ""rings_and_aromaticity"": ""no rings or aromaticity"",
    ""key_functional_groups"": ""fluorine, chlorine"",
    ""substitution_pattern"": ""terminal substituents"",
    ""stereochemistry"": ""not obvious""
  ,
  ""general_medicinal_chemistry_notes"": ""This molecule is relatively small and moderately lipophilic, which could make it a candidate for membrane permeation. However, the lack of hydrogen bond donors or acceptors and the presence of halogens may affect its chemical stability and biological activity. The rigid structure may limit its ability to bind to complex targets.""
"
278,"
  ""basic_identity"": 
    ""core_scaffold"": ""Aliphatic amide with a carboxylic acid ester and an aromatic ring""
  ,
  ""physicochemical_profile"": 
    ""size"": ""Medium"",
    ""lipophilicity"": ""Moderately lipophilic with a XLogP of 1.38"",
    ""polarity"": ""Polar with a TPSA of 69.44"",
    ""hydrogen_bonding"": ""No hydrogen bond donors or acceptors"",
    ""flexibility"": ""Flexible with 2 rotatable bonds"",
    ""charge_state"": ""Unclear from the given information""
  ,
  ""structural_features"": 
    ""rings_and_aromaticity"": ""Contains one aromatic ring (benzene) with one substituent"",
    ""key_functional_groups"": ""Amide, ester, and carboxylic acid"",
    ""substitution_pattern"": ""The substituent is attached to the aromatic ring"",
    ""stereochemistry"": ""Not obvious from the given information""
  ,
  ""general_medicinal_chemistry_notes"": ""This compound has a balance between lipophilicity and polarity, with a polar amide and ester functional groups. The carboxylic acid ester may affect its chemical stability. The TPSA value suggests it could be a hydrogen bond acceptor in a biological environment. The size and polarity might make it challenging for oral drug-like properties.""
"
279,"
  ""basic_identity"": 
    ""core_scaffold"": ""Aliphatic amide with a substituted benzene ring""
  ,
  ""physicochemical_profile"": 
    ""size"": ""Medium"",
    ""lipophilicity"": ""Moderately lipophilic due to the aromatic ring and amide group"",
    ""polarity"": ""Polar due to the amide group and high TPSA"",
    ""hydrogen_bonding"": ""No hydrogen bond donors or acceptors"",
    ""flexibility"": ""Flexible with one rotatable bond"",
    ""charge_state"": ""Mostly neutral""
  ,
  ""structural_features"": 
    ""rings_and_aromaticity"": ""Contains one aromatic benzene ring"",
    ""key_functional_groups"": ""Amide"",
    ""substitution_pattern"": ""The benzene ring is substituted at the ortho position by a cyclic ether and an alkyl chain"",
    ""stereochemistry"": ""Not obvious""
  ,
  ""general_medicinal_chemistry_notes"": ""This compound has a moderate balance between lipophilicity and polarity, which is suitable for many drug-like properties. However, the high TPSA suggests it may have a polar character, which could affect its solubility and permeability. The presence of an aromatic ring and amide group may contribute to its stability, but the cyclic ether and alkyl chain substituents could potentially be metabolic soft spots. The compound's size is within the range of typical small-molecule drugs, but its polarity and TPSA values are relatively high.""
"
280,"
  ""basic_identity"": 
    ""core_scaffold"": ""aliphatic chain with a carbonyl and a cyano group""
  ,
  ""physicochemical_profile"": 
    ""size"": ""small"",
    ""lipophilicity"": ""moderate"",
    ""polarity"": ""low"",
    ""hydrogen_bonding"": ""no donors or acceptors"",
    ""flexibility"": ""rigid"",
    ""charge_state"": ""neutral""
  ,
  ""structural_features"": 
    ""rings_and_aromaticity"": ""no rings or aromaticity"",
    ""key_functional_groups"": ""carbonyl, cyano"",
    ""substitution_pattern"": ""single substituents on the chain"",
    ""stereochemistry"": ""not obvious""
  ,
  ""general_medicinal_chemistry_notes"": ""This molecule is relatively small and has a moderate lipophilicity, but it is quite polar due to the carbonyl and cyano groups. The lack of hydrogen bond donors or acceptors may limit its interactions with biological targets. The cyano group can potentially be metabolically unstable.""
"
281,"
  ""basic_identity"": 
    ""core_scaffold"": ""aliphatic chain with a ketone""
  ,
  ""physicochemical_profile"": 
    ""size"": ""medium"",
    ""lipophilicity"": ""high"",
    ""polarity"": ""low"",
    ""hydrogen_bonding"": ""no donors or acceptors"",
    ""flexibility"": ""flexible"",
    ""charge_state"": ""neutral""
  ,
  ""structural_features"": 
    ""rings_and_aromaticity"": ""no rings or aromaticity"",
    ""key_functional_groups"": ""ketone"",
    ""substitution_pattern"": ""terminal ketone"",
    ""stereochemistry"": ""not obvious""
  ,
  ""general_medicinal_chemistry_notes"": ""This molecule is relatively large and lipophilic, which may pose challenges for drug-likeness. The absence of hydrogen bond donors or acceptors suggests limited interaction with biological targets. The ketone functional group can be polar and may affect chemical stability.""
"
282,"
  ""basic_identity"": 
    ""core_scaffold"": ""aliphatic carboxylic acid""
  ,
  ""physicochemical_profile"": 
    ""size"": ""small"",
    ""lipophilicity"": ""low"",
    ""polarity"": ""high"",
    ""hydrogen_bonding"": ""1 HBD, 0 HBA"",
    ""flexibility"": ""low"",
    ""charge_state"": ""mostly neutral""
  ,
  ""structural_features"": 
    ""rings_and_aromaticity"": ""no rings, no aromaticity"",
    ""key_functional_groups"": ""carboxylic acid"",
    ""substitution_pattern"": ""none"",
    ""stereochemistry"": ""not obvious""
  ,
  ""general_medicinal_chemistry_notes"": ""This molecule is relatively small and polar, which may make it suitable for certain biological targets.The carboxylic acid group is a common site for metabolic modification, so potential stability issues should be considered.""
"
283,"
  ""basic_identity"": 
    ""core_scaffold"": ""trichloromethane""
  ,
  ""physicochemical_profile"": 
    ""size"": ""small"",
    ""lipophilicity"": ""high"",
    ""polarity"": ""low"",
    ""hydrogen_bonding"": ""none"",
    ""flexibility"": ""rigid"",
    ""charge_state"": ""uncharged""
  ,
  ""structural_features"": 
    ""rings_and_aromaticity"": ""none"",
    ""key_functional_groups"": ""halogen"",
    ""substitution_pattern"": ""all substituents are the same"",
    ""stereochemistry"": ""not obvious""
  ,
  ""general_medicinal_chemistry_notes"": ""This molecule is highly lipophilic, which may be beneficial for membrane permeability but could also lead to poor solubility. Its small size and lack of hydrogen bond donors or acceptors suggest it may be relatively inert and stable. However, the presence of three halogens may affect its reactivity and potential metabolic stability.""
"
284,"
  ""basic_identity"": 
    ""core_scaffold"": ""Aliphatic amine""
  ,
  ""physicochemical_profile"": 
    ""size"": ""small"",
    ""lipophilicity"": ""moderately lipophilic"",
    ""polarity"": ""low"",
    ""hydrogen_bonding"": ""no hydrogen bond donors or acceptors"",
    ""flexibility"": ""rigid"",
    ""charge_state"": ""mostly neutral""
  ,
  ""structural_features"": 
    ""rings_and_aromaticity"": ""contains one aromatic ring (benzene)"",
    ""key_functional_groups"": ""aliphatic amine"",
    ""substitution_pattern"": ""substituent is directly attached to the amine nitrogen"",
    ""stereochemistry"": ""not obvious""
  ,
  ""general_medicinal_chemistry_notes"": ""This molecule is relatively small and moderately lipophilic, which may make it suitable for crossing biological membranes. However, its lack of polar functional groups and hydrogen bond donors could potentially limit its solubility and biological activity. The aliphatic amine functional group is common in many drugs, but its position and lack of substituents may affect its reactivity and metabolic stability.""
"
285,"
  ""basic_identity"": 
    ""core_scaffold"": ""trichloromethyl-substituted benzene ring""
  ,
  ""physicochemical_profile"": 
    ""size"": ""medium"",
    ""lipophilicity"": ""highly lipophilic"",
    ""polarity"": ""low"",
    ""hydrogen_bonding"": ""no hydrogen bond donors or acceptors"",
    ""flexibility"": ""flexible"",
    ""charge_state"": ""uncertain""
  ,
  ""structural_features"": 
    ""rings_and_aromaticity"": ""one aromatic benzene ring"",
    ""key_functional_groups"": ""trichloromethyl"",
    ""substitution_pattern"": ""trichloromethyl group at the para position"",
    ""stereochemistry"": ""not obvious""
  ,
  ""general_medicinal_chemistry_notes"": ""The high lipophilicity and low polarity may suggest a potential for poor solubility and permeability.The presence of three halogens on the aromatic ring could affect chemical stability and reactivity.The absence of hydrogen bond donors or acceptors may limit its ability to interact with biological targets.The medium size and flexibility could be beneficial for drug-like properties, but the extreme lipophilicity and lack of polar functional groups may be a concern.""
"
286,"
  ""basic_identity"": 
    ""core_scaffold"": ""aliphatic chain with one central carbon atom""
  ,
  ""physicochemical_profile"": 
    ""size"": ""small"",
    ""lipophilicity"": ""moderately lipophilic"",
    ""polarity"": ""low"",
    ""hydrogen_bonding"": ""no hydrogen bond donors or acceptors"",
    ""flexibility"": ""rigid"",
    ""charge_state"": ""uncharged""
  ,
  ""structural_features"": 
    ""rings_and_aromaticity"": ""no rings or aromaticity"",
    ""key_functional_groups"": ""none"",
    ""substitution_pattern"": ""one substituent at the central carbon atom"",
    ""stereochemistry"": ""not obvious""
  ,
  ""general_medicinal_chemistry_notes"": ""This molecule is relatively small and moderately lipophilic, which may make it suitable for crossing biological membranes. However, its lack of polar functional groups and hydrogen bond donors/acceptors could limit its solubility and interaction with biological targets. The rigid structure may also limit its ability to conform to target sites.""
"
287,"
  ""basic_identity"": 
    ""core_scaffold"": ""Aliphatic chain with a single aromatic ring""
  ,
  ""physicochemical_profile"": 
    ""size"": ""Small"",
    ""lipophilicity"": ""Moderately lipophilic"",
    ""polarity"": ""Low"",
    ""hydrogen_bonding"": ""No hydrogen bond donors or acceptors"",
    ""flexibility"": ""Rigid"",
    ""charge_state"": ""Mostly neutral""
  ,
  ""structural_features"": 
    ""rings_and_aromaticity"": ""Contains a single aromatic benzene ring"",
    ""key_functional_groups"": ""No key functional groups"",
    ""substitution_pattern"": ""Single substituent on the aromatic ring"",
    ""stereochemistry"": ""Not obvious""
  ,
  ""general_medicinal_chemistry_notes"": ""This molecule is relatively small and moderately lipophilic, which may make it suitable for crossing biological membranes. However, its lack of polar functional groups and hydrogen bond donors could limit its solubility and interaction with biological targets. The single aromatic ring may provide some aromatic stability, but the lack of rotatable bonds suggests limited conformational flexibility.""
"
288,"
  ""basic_identity"": 
    ""core_scaffold"": ""Aliphatic amine""
  ,
  ""physicochemical_profile"": 
    ""size"": ""small"",
    ""lipophilicity"": ""moderate"",
    ""polarity"": ""moderate"",
    ""hydrogen_bonding"": ""no donor or acceptor groups"",
    ""flexibility"": ""rigid"",
    ""charge_state"": ""mostly neutral""
  ,
  ""structural_features"": 
    ""rings_and_aromaticity"": ""contains one aromatic ring (benzene)"",
    ""key_functional_groups"": ""aliphatic amine"",
    ""substitution_pattern"": ""monosubstituted at the benzene ring"",
    ""stereochemistry"": ""not obvious""
  ,
  ""general_medicinal_chemistry_notes"": ""This molecule has a moderate balance between lipophilicity and polarity, with a moderate size. The aliphatic amine functional group may provide some basicity, but the lack of hydrogen bond donors or acceptors suggests limited interaction with biological targets. The aromatic ring could potentially contribute to stability, but the absence of rotatable bonds and the lack of obvious metabolic soft spots suggest good chemical stability. Overall, this molecule appears to be a reasonable candidate for further investigation.""
"
289,"
  ""basic_identity"": 
    ""core_scaffold"": ""aliphatic chain with chlorine atom""
  ,
  ""physicochemical_profile"": 
    ""size"": ""small"",
    ""lipophilicity"": ""moderately lipophilic"",
    ""polarity"": ""low"",
    ""hydrogen_bonding"": ""no hydrogen bond donors or acceptors"",
    ""flexibility"": ""flexible"",
    ""charge_state"": ""mostly neutral""
  ,
  ""structural_features"": 
    ""rings_and_aromaticity"": ""no rings or aromaticity"",
    ""key_functional_groups"": ""chlorine atom"",
    ""substitution_pattern"": ""terminal substitution"",
    ""stereochemistry"": ""not obvious""
  ,
  ""general_medicinal_chemistry_notes"": ""This molecule is relatively small and moderately lipophilic, which may make it suitable for crossing biological membranes. However, its low polarity and lack of hydrogen bond donors or acceptors could limit its potential for interacting with biological targets. The presence of a chlorine atom may affect its chemical stability and reactivity.""
"
290,"
  ""basic_identity"": 
    ""core_scaffold"": ""Aliphatic chain with an ester and an ether""
  ,
  ""physicochemical_profile"": 
    ""size"": ""Small"",
    ""lipophilicity"": ""Moderately lipophilic"",
    ""polarity"": ""Moderately polar"",
    ""hydrogen_bonding"": ""No hydrogen bond donors or acceptors"",
    ""flexibility"": ""Rigid"",
    ""charge_state"": ""Mostly neutral""
  ,
  ""structural_features"": 
    ""rings_and_aromaticity"": ""No rings or aromaticity"",
    ""key_functional_groups"": ""ester, ether"",
    ""substitution_pattern"": ""Single substituent at the end of the chain"",
    ""stereochemistry"": ""Not obvious""
  ,
  ""general_medicinal_chemistry_notes"": ""The molecule has a moderate balance between lipophilicity and polarity, which is a common feature of many drugs.The ester group may be prone to hydrolysis, which could affect the molecule's stability and bioavailability.The lack of hydrogen bond donors or acceptors might limit its interactions with biological targets.The small size and rigid structure suggest that this molecule could potentially be orally bioavailable, but further investigation is needed.""
"
291,"
  ""basic_identity"": 
    ""core_scaffold"": ""Aliphatic amide with a benzene ring""
  ,
  ""physicochemical_profile"": 
    ""size"": ""Medium"",
    ""lipophilicity"": ""Moderately lipophilic"",
    ""polarity"": ""Polar"",
    ""hydrogen_bonding"": ""One hydrogen bond donor and two acceptors"",
    ""flexibility"": ""Fairly flexible"",
    ""charge_state"": ""Mostly neutral""
  ,
  ""structural_features"": 
    ""rings_and_aromaticity"": ""One aromatic benzene ring"",
    ""key_functional_groups"": ""Amide"",
    ""substitution_pattern"": ""One ester-like group attached to the benzene ring"",
    ""stereochemistry"": ""Not obvious""
  ,
  ""general_medicinal_chemistry_notes"": ""This molecule has a balance between lipophilicity and polarity, with a moderate lipophilicity and polar functional groups. The presence of an aromatic ring and an amide group suggests potential chemical stability. The polarity and hydrogen bonding capacity may make it a suitable candidate for certain biological targets. However, the exact drug-like properties cannot be determined without additional context.""
"
292,"
  ""basic_identity"": 
    ""core_scaffold"": ""Aliphatic compound with two chlorine atoms and a tertiary chloroamide""
  ,
  ""physicochemical_profile"": 
    ""size"": ""Medium"",
    ""lipophilicity"": ""High"",
    ""polarity"": ""Low"",
    ""hydrogen_bonding"": ""No potential hydrogen bond donors or acceptors"",
    ""flexibility"": ""Rigid"",
    ""charge_state"": ""Mostly neutral""
  ,
  ""structural_features"": 
    ""rings_and_aromaticity"": ""No rings or aromaticity"",
    ""key_functional_groups"": ""Chloroamide"",
    ""substitution_pattern"": ""Two chlorine atoms are attached to the nitrogen atom of the amide"",
    ""stereochemistry"": ""Not obvious""
  ,
  ""general_medicinal_chemistry_notes"": ""The compound's high lipophilicity and low polarity suggest it may have difficulty crossing biological membranes.The presence of chlorine atoms may indicate potential metabolic soft spots.The lack of hydrogen bond donors or acceptors could limit its ability to interact with biological targets.The compound's size and lipophilicity may make it a challenging candidate for oral drug delivery.""
"
293,"
  ""basic_identity"": 
    ""core_scaffold"": ""benzene ring with amide""
  ,
  ""physicochemical_profile"": 
    ""size"": ""small"",
    ""lipophilicity"": ""high"",
    ""polarity"": ""low"",
    ""hydrogen_bonding"": ""none"",
    ""flexibility"": ""rigid"",
    ""charge_state"": ""mostly neutral""
  ,
  ""structural_features"": 
    ""rings_and_aromaticity"": ""one aromatic benzene ring"",
    ""key_functional_groups"": ""amide"",
    ""substitution_pattern"": ""monosubstituted at the para position"",
    ""stereochemistry"": ""not obvious""
  ,
  ""general_medicinal_chemistry_notes"": ""The high lipophilicity and low polarity suggest this compound may have good membrane permeability, but the lack of hydrogen bond donors and acceptors could limit its potential for biological recognition.The small size and rigid structure may facilitate oral absorption, but the lack of rotatable bonds could limit its ability to adopt multiple conformations in solution.The presence of an amide functional group suggests this compound may be susceptible to hydrolysis under acidic or basic conditions.The absence of any obvious extreme properties suggests this compound may be a reasonable starting point for further optimization.""
"
294,"
  ""basic_identity"": 
    ""core_scaffold"": ""aliphatic ketone with two ester groups""
  ,
  ""physicochemical_profile"": 
    ""size"": ""small"",
    ""lipophilicity"": ""moderate"",
    ""polarity"": ""moderate"",
    ""hydrogen_bonding"": ""no hydrogen bond donors or acceptors"",
    ""flexibility"": ""flexible"",
    ""charge_state"": ""mostly neutral""
  ,
  ""structural_features"": 
    ""rings_and_aromaticity"": ""no rings or aromaticity"",
    ""key_functional_groups"": ""ester, ketone"",
    ""substitution_pattern"": ""two ester groups attached to the carbonyl carbon"",
    ""stereochemistry"": ""not obvious""
  ,
  ""general_medicinal_chemistry_notes"": ""This molecule has a moderate balance between lipophilicity and polarity, which is a common feature of many drugs.The presence of multiple ester groups may affect chemical stability and metabolism.The small size and moderate polarity suggest potential for oral drug-likeness, but further evaluation is needed.""
"
295,"
  ""basic_identity"": 
    ""core_scaffold"": ""Aliphatic amine with a substituted amide""
  ,
  ""physicochemical_profile"": 
    ""size"": ""Medium"",
    ""lipophilicity"": ""Moderately lipophilic"",
    ""polarity"": ""Polar"",
    ""hydrogen_bonding"": ""Contains one hydrogen bond donor and three acceptors"",
    ""flexibility"": ""Flexible"",
    ""charge_state"": ""Mostly neutral""
  ,
  ""structural_features"": 
    ""rings_and_aromaticity"": ""Contains one aromatic ring (benzene)"",
    ""key_functional_groups"": ""Amide, ester"",
    ""substitution_pattern"": ""Substituents are attached to the aromatic ring and the amide nitrogen"",
    ""stereochemistry"": ""Not obvious""
  ,
  ""general_medicinal_chemistry_notes"": ""This molecule has a balance between lipophilicity and polarity, with a polar amide and an ester group. The presence of multiple hydrogen bond acceptors suggests potential interactions with biological targets. The aliphatic amine may provide a site for metabolic soft spots, and the aromatic ring could introduce some chemical stability. The size and polarity might make this molecule less suitable for oral drug-like properties.""
"
296,"
  ""basic_identity"": 
    ""core_scaffold"": ""Aliphatic chain with two ketone groups""
  ,
  ""physicochemical_profile"": 
    ""size"": ""Medium"",
    ""lipophilicity"": ""Moderately lipophilic"",
    ""polarity"": ""Moderately polar"",
    ""hydrogen_bonding"": ""No hydrogen bond donors or acceptors"",
    ""flexibility"": ""Flexible"",
    ""charge_state"": ""Mostly neutral""
  ,
  ""structural_features"": 
    ""rings_and_aromaticity"": ""No rings or aromaticity"",
    ""key_functional_groups"": ""Two ketone groups"",
    ""substitution_pattern"": ""Two ketone groups are terminal"",
    ""stereochemistry"": ""Not obvious""
  ,
  ""general_medicinal_chemistry_notes"": ""This molecule has a moderate balance between lipophilicity and polarity, but its lack of hydrogen bond donors or acceptors may limit its interactions with biological targets. The presence of ketone groups suggests potential chemical reactivity, which could impact its stability or metabolic fate.""
"
297,"
  ""basic_identity"": 
    ""core_scaffold"": ""Aliphatic chain with a carboxylic acid ester and a tertiary amine""
  ,
  ""physicochemical_profile"": 
    ""size"": ""Medium"",
    ""lipophilicity"": ""Moderately lipophilic"",
    ""polarity"": ""Moderately polar"",
    ""hydrogen_bonding"": ""No hydrogen bond donors or acceptors"",
    ""flexibility"": ""Flexible"",
    ""charge_state"": ""Mostly neutral""
  ,
  ""structural_features"": 
    ""rings_and_aromaticity"": ""No rings or aromaticity"",
    ""key_functional_groups"": ""Carboxylic acid ester, Tertiary amine"",
    ""substitution_pattern"": ""Two substituents on the chain"",
    ""stereochemistry"": ""Not obvious""
  ,
  ""general_medicinal_chemistry_notes"": ""This molecule has a balance between lipophilicity and polarity, which is a common feature of many drugs.The tertiary amine may confer some chemical stability, but the ester group is susceptible to hydrolysis.The size and polarity of this molecule suggest it might be suitable for oral administration, but further evaluation is needed.""
"
298,"
  ""basic_identity"": 
    ""core_scaffold"": ""Aliphatic amine with a benzene ring""
  ,
  ""physicochemical_profile"": 
    ""size"": ""Medium"",
    ""lipophilicity"": ""Moderately lipophilic"",
    ""polarity"": ""Moderately polar"",
    ""hydrogen_bonding"": ""One hydrogen bond donor and acceptor"",
    ""flexibility"": ""Fairly flexible"",
    ""charge_state"": ""Mostly neutral""
  ,
  ""structural_features"": 
    ""rings_and_aromaticity"": ""One aromatic benzene ring"",
    ""key_functional_groups"": ""Amide"",
    ""substitution_pattern"": ""Two alkyl groups attached to the benzene ring"",
    ""stereochemistry"": ""Not obvious""
  ,
  ""general_medicinal_chemistry_notes"": ""This molecule has a balance between lipophilicity and polarity, with a moderate size. The amide functional group is a common component in many bioactive molecules. The benzene ring may provide some aromatic stability, but the presence of two alkyl substituents could potentially introduce metabolic soft spots. The moderate hydrogen bonding capacity suggests it may interact with biological targets, but further investigation would be needed to confirm this.""
"
299,"
  ""basic_identity"": 
    ""core_scaffold"": ""aliphatic alkene""
  ,
  ""physicochemical_profile"": 
    ""size"": ""small"",
    ""lipophilicity"": ""moderate"",
    ""polarity"": ""low"",
    ""hydrogen_bonding"": ""none"",
    ""flexibility"": ""flexible"",
    ""charge_state"": ""uncharged""
  ,
  ""structural_features"": 
    ""rings_and_aromaticity"": ""no rings, no aromaticity"",
    ""key_functional_groups"": ""alkene"",
    ""substitution_pattern"": ""none"",
    ""stereochemistry"": ""not obvious""
  ,
  ""general_medicinal_chemistry_notes"": ""This molecule is relatively small and lipophilic, which may make it suitable for membrane permeation. However, its low polarity and lack of hydrogen bond donors or acceptors could limit its interactions with biological targets. The alkene functional group may be prone to oxidation, which could affect its stability.""
"
300,"
  ""basic_identity"": 
    ""core_scaffold"": ""aliphatic chain with chlorine and carbon double bond""
  ,
  ""physicochemical_profile"": 
    ""size"": ""small"",
    ""lipophilicity"": ""moderately lipophilic"",
    ""polarity"": ""low"",
    ""hydrogen_bonding"": ""no hydrogen bond donors or acceptors"",
    ""flexibility"": ""flexible"",
    ""charge_state"": ""mostly neutral""
  ,
  ""structural_features"": 
    ""rings_and_aromaticity"": ""no rings or aromaticity"",
    ""key_functional_groups"": ""chlorine, carbon-carbon double bond"",
    ""substitution_pattern"": ""single substituent on the chain"",
    ""stereochemistry"": ""not obvious""
  ,
  ""general_medicinal_chemistry_notes"": ""This molecule is relatively small and moderately lipophilic, which may make it suitable for membrane permeation. However, the lack of hydrogen bond donors or acceptors and the presence of a carbon-carbon double bond could potentially limit its biological activity. The chlorine atom may also introduce metabolic soft spots, making the molecule more susceptible to degradation.""
"
301,"
  ""basic_identity"": 
    ""core_scaffold"": ""Aliphatic chain with two branched methyl groups""
  ,
  ""physicochemical_profile"": 
    ""size"": ""Small"",
    ""lipophilicity"": ""Moderately lipophilic"",
    ""polarity"": ""Not polar"",
    ""hydrogen_bonding"": ""No hydrogen bond donors or acceptors"",
    ""flexibility"": ""Flexible"",
    ""charge_state"": ""Mostly neutral""
  ,
  ""structural_features"": 
    ""rings_and_aromaticity"": ""No rings or aromaticity"",
    ""key_functional_groups"": ""None"",
    ""substitution_pattern"": ""Two methyl groups are attached to the central carbon"",
    ""stereochemistry"": ""Not obvious""
  ,
  ""general_medicinal_chemistry_notes"": ""This molecule has a moderate lipophilicity, but it lacks hydrogen bond donors and acceptors, which may limit its interactions with biological targets. The small size and flexibility could potentially allow for oral absorption, but the lack of polar functional groups raises questions about its solubility and potential metabolic stability.""
"
302,"
  ""basic_identity"": 
    ""core_scaffold"": ""Biphenyl with a central carbon linker and a terminal carbonyl""
  ,
  ""physicochemical_profile"": 
    ""size"": ""Medium"",
    ""lipophilicity"": ""High"",
    ""polarity"": ""Low"",
    ""hydrogen_bonding"": ""No hydrogen bond donors or acceptors"",
    ""flexibility"": ""Rigid"",
    ""charge_state"": ""Mostly neutral""
  ,
  ""structural_features"": 
    ""rings_and_aromaticity"": ""Two aromatic rings (biphenyl) with no conjugation"",
    ""key_functional_groups"": ""Carbonyl"",
    ""substitution_pattern"": ""Central carbon linker between the two aromatic rings"",
    ""stereochemistry"": ""Not obvious""
  ,
  ""general_medicinal_chemistry_notes"": ""This molecule is relatively large for a typical small-molecule drug, and its high lipophilicity may pose challenges for drug-likeness. The lack of hydrogen bond donors or acceptors could limit its interactions with biological targets, and the absence of rotatable bonds suggests a rigid structure. The carbonyl group may be a site of chemical reactivity.""
"
303,"
  ""basic_identity"": 
    ""core_scaffold"": ""Aliphatic amine""
  ,
  ""physicochemical_profile"": 
    ""size"": ""Small"",
    ""lipophilicity"": ""Moderately lipophilic"",
    ""polarity"": ""Moderately polar"",
    ""hydrogen_bonding"": ""No hydrogen bond donors or acceptors"",
    ""flexibility"": ""Rigid"",
    ""charge_state"": ""Mostly neutral""
  ,
  ""structural_features"": 
    ""rings_and_aromaticity"": ""Contains one aromatic ring (benzene)"",
    ""key_functional_groups"": ""Amide"",
    ""substitution_pattern"": ""Single substituent on the amide nitrogen"",
    ""stereochemistry"": ""Not obvious""
  ,
  ""general_medicinal_chemistry_notes"": ""This compound is relatively small and moderately lipophilic, which may make it suitable for crossing biological membranes. However, its lack of hydrogen bond donors or acceptors could limit its interactions with biological targets. The amide functional group is a common component of many drugs, but its position and lack of substituents on the aromatic ring may affect its chemical stability and pharmacokinetics.""
"
304,"
  ""basic_identity"": 
    ""core_scaffold"": ""Aliphatic compound with a fluorinated alkyl chain attached to a chloroalkane""
  ,
  ""physicochemical_profile"": 
    ""size"": ""Medium"",
    ""lipophilicity"": ""Moderately lipophilic"",
    ""polarity"": ""Moderately polar"",
    ""hydrogen_bonding"": ""No hydrogen bond donors or acceptors"",
    ""flexibility"": ""Fairly flexible"",
    ""charge_state"": ""Unclear""
  ,
  ""structural_features"": 
    ""rings_and_aromaticity"": ""No rings or aromaticity"",
    ""key_functional_groups"": ""Chloroalkane, fluorinated alkyl chain"",
    ""substitution_pattern"": ""One substituent on each carbon of the core scaffold"",
    ""stereochemistry"": ""Not obvious""
  ,
  ""general_medicinal_chemistry_notes"": ""This compound has a moderate balance between lipophilicity and polarity, with a moderate number of rotatable bonds. The presence of halogens may affect its chemical stability and reactivity. The lack of hydrogen bond donors or acceptors suggests it may not interact well with biological targets through hydrogen bonding.""
"
305,"
  ""basic_identity"": 
    ""core_scaffold"": ""Aliphatic chain with a carboxylic acid and an amide""
  ,
  ""physicochemical_profile"": 
    ""size"": ""Medium"",
    ""lipophilicity"": ""Moderate"",
    ""polarity"": ""Moderate to high"",
    ""hydrogen_bonding"": ""No hydrogen bond donors or acceptors"",
    ""flexibility"": ""Flexible"",
    ""charge_state"": ""Mostly neutral""
  ,
  ""structural_features"": 
    ""rings_and_aromaticity"": ""No rings or aromaticity"",
    ""key_functional_groups"": ""Carboxylic acid and amide"",
    ""substitution_pattern"": ""Linear"",
    ""stereochemistry"": ""Not obvious""
  ,
  ""general_medicinal_chemistry_notes"": ""This molecule has a balance between lipophilicity and polarity, with a moderate size. The presence of both carboxylic acid and amide functional groups suggests potential hydrolytic instability. The lack of hydrogen bond donors or acceptors may limit its interactions with biological targets.""
"
306,"
  ""basic_identity"": 
    ""core_scaffold"": ""Aliphatic amine with a substituted benzene ring""
  ,
  ""physicochemical_profile"": 
    ""size"": ""Medium"",
    ""lipophilicity"": ""Moderately lipophilic due to the aromatic ring and alkyl chain"",
    ""polarity"": ""Polar due to the amine and ether oxygen"",
    ""hydrogen_bonding"": ""Contains one hydrogen bond donor (amine) and two hydrogen bond acceptors (ether oxygen and nitrogen)"",
    ""flexibility"": ""Flexible with one rotatable bond"",
    ""charge_state"": ""Mostly neutral at physiological pH""
  ,
  ""structural_features"": 
    ""rings_and_aromaticity"": ""Contains one aromatic benzene ring"",
    ""key_functional_groups"": ""Amide and ether"",
    ""substitution_pattern"": ""Substituents are attached to the benzene ring"",
    ""stereochemistry"": ""Not obvious from the given information""
  ,
  ""general_medicinal_chemistry_notes"": ""This molecule has a balance between lipophilicity and polarity, which is a common feature of many drugs. The amide and ether functional groups suggest potential hydrogen bonding interactions with biological targets. The aromatic ring may contribute to the molecule's stability, but it could also make the molecule more prone to metabolic degradation. The size and polarity of this molecule might make it less suitable for oral drug delivery, although this is a rough assessment.""
"
307,"
  ""basic_identity"": 
    ""core_scaffold"": ""Aliphatic amide""
  ,
  ""physicochemical_profile"": 
    ""size"": ""Medium"",
    ""lipophilicity"": ""Moderately lipophilic"",
    ""polarity"": ""Polar"",
    ""hydrogen_bonding"": ""No hydrogen bond donors or acceptors"",
    ""flexibility"": ""Flexible"",
    ""charge_state"": ""Mostly neutral""
  ,
  ""structural_features"": 
    ""rings_and_aromaticity"": ""Contains one aromatic ring (benzene)"",
    ""key_functional_groups"": ""Amide"",
    ""substitution_pattern"": ""Substituent is directly attached to the amide nitrogen"",
    ""stereochemistry"": ""Not obvious""
  ,
  ""general_medicinal_chemistry_notes"": ""This compound has a moderate balance between lipophilicity and polarity, with a polar amide group and a moderately lipophilic benzene ring. The lack of hydrogen bond donors or acceptors may limit its interactions with biological targets. The compound's size and flexibility suggest it could potentially penetrate cell membranes, but its lack of hydrogen bonding may make it less suitable for certain targets that require hydrogen bonding interactions.""
"
308,"
  ""basic_identity"": 
    ""core_scaffold"": ""Aliphatic chain with a carboxylic acid and an ether linkage""
  ,
  ""physicochemical_profile"": 
    ""size"": ""Medium"",
    ""lipophilicity"": ""Moderately lipophilic"",
    ""polarity"": ""Moderately polar"",
    ""hydrogen_bonding"": ""Contains one hydrogen bond donor and one acceptor"",
    ""flexibility"": ""Flexible"",
    ""charge_state"": ""Charge is uncertain""
  ,
  ""structural_features"": 
    ""rings_and_aromaticity"": ""No rings or aromaticity"",
    ""key_functional_groups"": ""Carboxylic acid, ether"",
    ""substitution_pattern"": ""Substituents are attached to the chain"",
    ""stereochemistry"": ""Not obvious""
  ,
  ""general_medicinal_chemistry_notes"": ""This molecule has a moderate balance between lipophilicity and polarity, which is a common feature of many drugs. However, the presence of an ether linkage may affect its chemical stability. The carboxylic acid group can be ionized at physiological pH, which could impact its behavior in biological systems. The overall size is moderate, which is generally suitable for oral drug-like molecules.""
"
309,"
  ""basic_identity"": 
    ""core_scaffold"": ""Aliphatic chain with a benzene ring and an amide group""
  ,
  ""physicochemical_profile"": 
    ""size"": ""Medium"",
    ""lipophilicity"": ""High"",
    ""polarity"": ""Moderate"",
    ""hydrogen_bonding"": ""No hydrogen bond donors or acceptors"",
    ""flexibility"": ""Flexible"",
    ""charge_state"": ""Mostly neutral""
  ,
  ""structural_features"": 
    ""rings_and_aromaticity"": ""One aromatic benzene ring"",
    ""key_functional_groups"": ""Amide, ester, and chloroalkane"",
    ""substitution_pattern"": ""Two substituents on the benzene ring and one on the aliphatic chain"",
    ""stereochemistry"": ""Not obvious""
  ,
  ""general_medicinal_chemistry_notes"": ""This molecule has a moderate polarity and high lipophilicity, which may make it challenging to balance drug-like properties. The presence of an ester and chloroalkane suggests potential metabolic soft spots. The absence of hydrogen bond donors or acceptors could limit its interaction with biological targets.""
"
310,"
  ""basic_identity"": 
    ""core_scaffold"": ""cyclohexane ring with amide""
  ,
  ""physicochemical_profile"": 
    ""size"": ""medium"",
    ""lipophilicity"": ""moderately lipophilic"",
    ""polarity"": ""moderately polar"",
    ""hydrogen_bonding"": ""no hydrogen bond donors or acceptors"",
    ""flexibility"": ""rigid"",
    ""charge_state"": ""mostly neutral""
  ,
  ""structural_features"": 
    ""rings_and_aromaticity"": ""contains one cyclohexane ring, no aromaticity"",
    ""key_functional_groups"": ""amide"",
    ""substitution_pattern"": ""single amide substituent at the cyclohexane ring"",
    ""stereochemistry"": ""not obvious""
  ,
  ""general_medicinal_chemistry_notes"": ""The molecule has a moderate balance between lipophilicity and polarity, which is a common feature of many drugs.The cyclohexane ring may provide some chemical stability, but the amide group could be a potential soft spot for metabolism.The lack of hydrogen bond donors or acceptors may limit its interaction with biological targets.The medium size and rigid structure could affect its ability to penetrate cell membranes.""
"
311,"
  ""basic_identity"": 
    ""core_scaffold"": ""Aliphatic chain with two carbonyl groups""
  ,
  ""physicochemical_profile"": 
    ""size"": ""Small"",
    ""lipophilicity"": ""Moderately lipophilic"",
    ""polarity"": ""Moderately polar"",
    ""hydrogen_bonding"": ""No hydrogen bond donors or acceptors"",
    ""flexibility"": ""Flexible"",
    ""charge_state"": ""Mostly neutral""
  ,
  ""structural_features"": 
    ""rings_and_aromaticity"": ""No rings or aromaticity"",
    ""key_functional_groups"": ""Two carbonyl groups"",
    ""substitution_pattern"": ""Terminal substituents"",
    ""stereochemistry"": ""Not obvious""
  ,
  ""general_medicinal_chemistry_notes"": ""This molecule has a moderate balance between lipophilicity and polarity, but its lack of hydrogen bond donors or acceptors may limit its interactions with biological targets. The presence of two carbonyl groups suggests potential chemical reactivity, which should be considered when evaluating its stability and metabolic soft spots.""
"
312,"
  ""basic_identity"": 
    ""core_scaffold"": ""Aliphatic carboxylic acid""
  ,
  ""physicochemical_profile"": 
    ""size"": ""medium"",
    ""lipophilicity"": ""moderately lipophilic"",
    ""polarity"": ""polar"",
    ""hydrogen_bonding"": ""contains one hydrogen bond donor and one acceptor"",
    ""flexibility"": ""flexible"",
    ""charge_state"": ""uncertain""
  ,
  ""structural_features"": 
    ""rings_and_aromaticity"": ""No rings or aromaticity"",
    ""key_functional_groups"": ""carboxylic acid"",
    ""substitution_pattern"": ""Single substituent on the carboxylic acid"",
    ""stereochemistry"": ""Not obvious""
  ,
  ""general_medicinal_chemistry_notes"": ""This molecule has a moderate balance between lipophilicity and polarity, with a polar carboxylic acid group and a moderate degree of lipophilicity. The presence of a carboxylic acid group may indicate potential acid-base properties or ionization at physiological pH. The molecule is flexible due to the two rotatable bonds. The exact charge state at physiological pH is uncertain, as the carboxylic acid group can ionize depending on pH.""
"
313,"
  ""basic_identity"": 
    ""core_scaffold"": ""Aliphatic chain with a carboxylic acid at the end""
  ,
  ""physicochemical_profile"": 
    ""size"": ""Medium"",
    ""lipophilicity"": ""Highly lipophilic"",
    ""polarity"": ""Polar"",
    ""hydrogen_bonding"": ""No hydrogen bond donors or acceptors"",
    ""flexibility"": ""Flexible"",
    ""charge_state"": ""Uncertain""
  ,
  ""structural_features"": 
    ""rings_and_aromaticity"": ""No rings or aromaticity"",
    ""key_functional_groups"": ""Carboxylic acid"",
    ""substitution_pattern"": ""Terminal substitution"",
    ""stereochemistry"": ""Not obvious""
  ,
  ""general_medicinal_chemistry_notes"": ""This molecule is relatively large and lipophilic, which may affect its solubility and permeability. The carboxylic acid group could potentially be a site for ionization or hydrogen bonding, but the lack of hydrogen bond donors or acceptors suggests it may not interact strongly with biological targets. The high number of rotatable bonds indicates some flexibility, but this could also make the molecule more difficult to synthesize.""
"
314,"
  ""basic_identity"": 
    ""core_scaffold"": ""aliphatic chain with bromo and chloro substituents""
  ,
  ""physicochemical_profile"": 
    ""size"": ""medium"",
    ""lipophilicity"": ""moderately lipophilic"",
    ""polarity"": ""low"",
    ""hydrogen_bonding"": ""no hydrogen bond donors or acceptors"",
    ""flexibility"": ""flexible"",
    ""charge_state"": ""mostly neutral""
  ,
  ""structural_features"": 
    ""rings_and_aromaticity"": ""no rings or aromaticity"",
    ""key_functional_groups"": ""bromo, chloro"",
    ""substitution_pattern"": ""two substituents at the ends of the chain"",
    ""stereochemistry"": ""not obvious""
  ,
  ""general_medicinal_chemistry_notes"": ""This molecule has a moderate size and lipophilicity, but low polarity and no hydrogen bonding donors or acceptors. The presence of halogens may affect its chemical stability and reactivity. The lack of polar functional groups and hydrogen bonding sites could limit its potential as a drug candidate.""
"
315,"
  ""basic_identity"": 
    ""core_scaffold"": ""Phenyl ring with iodine substitution""
  ,
  ""physicochemical_profile"": 
    ""size"": ""small"",
    ""lipophilicity"": ""moderately lipophilic"",
    ""polarity"": ""low"",
    ""hydrogen_bonding"": ""no hydrogen bond donors or acceptors"",
    ""flexibility"": ""rigid"",
    ""charge_state"": ""uncharged""
  ,
  ""structural_features"": 
    ""rings_and_aromaticity"": ""contains one aromatic ring"",
    ""key_functional_groups"": ""iodine substituent"",
    ""substitution_pattern"": ""monosubstituted at the para position"",
    ""stereochemistry"": ""not obvious""
  ,
  ""general_medicinal_chemistry_notes"": ""This molecule is relatively small and moderately lipophilic, which could make it suitable for membrane permeation. However, the presence of iodine may affect its chemical stability and metabolic properties. The lack of hydrogen bond donors or acceptors suggests it may not interact strongly with biological targets.""
"
316,"
  ""basic_identity"": 
    ""core_scaffold"": ""Aliphatic chain with an ester and an amide""
  ,
  ""physicochemical_profile"": 
    ""size"": ""Medium"",
    ""lipophilicity"": ""Moderately lipophilic"",
    ""polarity"": ""Moderately polar"",
    ""hydrogen_bonding"": ""No hydrogen bond donors or acceptors"",
    ""flexibility"": ""Rigid"",
    ""charge_state"": ""Mostly neutral""
  ,
  ""structural_features"": 
    ""rings_and_aromaticity"": ""No rings or aromaticity"",
    ""key_functional_groups"": ""ester, amide"",
    ""substitution_pattern"": ""Single substituent on the amide"",
    ""stereochemistry"": ""Not obvious""
  ,
  ""general_medicinal_chemistry_notes"": ""This molecule has a moderate balance between lipophilicity and polarity, with a polar ester and a lipophilic amide. The lack of rotatable bonds suggests it may be rigid, which could affect its ability to bind to targets. The absence of hydrogen bond donors or acceptors may limit its interactions with biological systems. The size is moderate, which is typical for small-molecule drugs.""
"
317,"
  ""basic_identity"": 
    ""core_scaffold"": ""aliphatic chain with one carbon-carbon double bond and one iodine atom""
  ,
  ""physicochemical_profile"": 
    ""size"": ""medium"",
    ""lipophilicity"": ""moderately lipophilic due to the double bond and iodine atom"",
    ""polarity"": ""low due to the lack of polar functional groups"",
    ""hydrogen_bonding"": ""no hydrogen bond donors or acceptors"",
    ""flexibility"": ""rigid"",
    ""charge_state"": ""uncertain""
  ,
  ""structural_features"": 
    ""rings_and_aromaticity"": ""no rings or aromaticity"",
    ""key_functional_groups"": ""one iodine atom"",
    ""substitution_pattern"": ""the iodine atom is attached to the second carbon atom"",
    ""stereochemistry"": ""not obvious""
  ,
  ""general_medicinal_chemistry_notes"": ""The molecule has a moderate lipophilicity, but its polarity is low due to the lack of polar functional groups. The iodine atom may provide a soft spot for metabolic attack. The molecule is not likely to be very polar or highly lipophilic, but it is also not very small for a typical small-molecule drug.""
"
318,"
  ""basic_identity"": 
    ""core_scaffold"": ""Aliphatic amine with a benzene ring and ester""
  ,
  ""physicochemical_profile"": 
    ""size"": ""Medium"",
    ""lipophilicity"": ""Moderately lipophilic"",
    ""polarity"": ""Moderately polar"",
    ""hydrogen_bonding"": ""Contains one hydrogen bond donor and two acceptors"",
    ""flexibility"": ""Flexible"",
    ""charge_state"": ""Mostly neutral""
  ,
  ""structural_features"": 
    ""rings_and_aromaticity"": ""Contains one aromatic benzene ring"",
    ""key_functional_groups"": ""Ester and amine"",
    ""substitution_pattern"": ""Substituents are attached to the benzene ring and the amine"",
    ""stereochemistry"": ""Not obvious""
  ,
  ""general_medicinal_chemistry_notes"": ""This molecule has a balance between lipophilicity and polarity, which is common for many drugs. The ester group may be prone to hydrolysis, affecting its stability. The size and polarity suggest it could be a potential drug candidate, but further evaluation is needed to confirm drug-like properties.""
"
319,"
  ""basic_identity"": 
    ""core_scaffold"": ""aliphatic chain with bromine substituent""
  ,
  ""physicochemical_profile"": 
    ""size"": ""small"",
    ""lipophilicity"": ""moderately lipophilic"",
    ""polarity"": ""low"",
    ""hydrogen_bonding"": ""no hydrogen bond donors or acceptors"",
    ""flexibility"": ""rigid"",
    ""charge_state"": ""mostly neutral""
  ,
  ""structural_features"": 
    ""rings_and_aromaticity"": ""no rings or aromaticity"",
    ""key_functional_groups"": ""bromine"",
    ""substitution_pattern"": ""single substituent at the end of the chain"",
    ""stereochemistry"": ""not obvious""
  ,
  ""general_medicinal_chemistry_notes"": ""This molecule is relatively small and moderately lipophilic, which may make it suitable for crossing biological membranes. However, the lack of hydrogen bond donors or acceptors and the presence of a bromine atom may limit its potential interactions with biological targets. The rigidity of the molecule could also affect its ability to bind to targets. The absence of aromatic rings or other common functional groups suggests that this molecule may not be a typical small-molecule drug.""
"
320,"
  ""basic_identity"": 
    ""core_scaffold"": ""brominated phenethylene""
  ,
  ""physicochemical_profile"": 
    ""size"": ""medium"",
    ""lipophilicity"": ""highly lipophilic"",
    ""polarity"": ""low"",
    ""hydrogen_bonding"": ""no hydrogen bond donors or acceptors"",
    ""flexibility"": ""rigid"",
    ""charge_state"": ""uncharged""
  ,
  ""structural_features"": 
    ""rings_and_aromaticity"": ""contains one aromatic ring (benzene)"",
    ""key_functional_groups"": ""bromine"",
    ""substitution_pattern"": ""bromine is attached to the benzene ring"",
    ""stereochemistry"": ""not obvious""
  ,
  ""general_medicinal_chemistry_notes"": ""The molecule is relatively large for a small molecule drug, which may impact its pharmacokinetics.The high lipophilicity suggests that it may have good membrane permeability, but it may also lead to poor solubility.The lack of hydrogen bond donors or acceptors may affect its ability to interact with biological targets.The bromine substituent may impact the chemical stability of the molecule.""
"
321,"
  ""basic_identity"": 
    ""core_scaffold"": ""Aliphatic amide""
  ,
  ""physicochemical_profile"": 
    ""size"": ""Medium"",
    ""lipophilicity"": ""Moderately lipophilic"",
    ""polarity"": ""Moderately polar"",
    ""hydrogen_bonding"": ""Contains one hydrogen bond donor and two acceptors"",
    ""flexibility"": ""Rigid"",
    ""charge_state"": ""Mostly neutral""
  ,
  ""structural_features"": 
    ""rings_and_aromaticity"": ""Contains one aromatic ring (benzene)"",
    ""key_functional_groups"": ""Amide"",
    ""substitution_pattern"": ""Single substituent on the amide nitrogen"",
    ""stereochemistry"": ""Not obvious""
  ,
  ""general_medicinal_chemistry_notes"": ""This molecule has a moderate balance between lipophilicity and polarity, with a moderately polar TPSA value and a moderately lipophilic XLogP. The presence of an aromatic ring and an amide functional group suggests potential hydrogen bonding interactions. The molecule is rigid, with no rotatable bonds. The amide nitrogen may be a site of metabolic instability. The size of the molecule is within the range of typical small-molecule drugs.""
"
322,"
  ""basic_identity"": 
    ""core_scaffold"": ""aliphatic carboxylic acid""
  ,
  ""physicochemical_profile"": 
    ""size"": ""small"",
    ""lipophilicity"": ""slightly polar"",
    ""polarity"": ""polar"",
    ""hydrogen_bonding"": ""no hydrogen bond donors or acceptors"",
    ""flexibility"": ""rigid"",
    ""charge_state"": ""mostly neutral""
  ,
  ""structural_features"": 
    ""rings_and_aromaticity"": ""no rings or aromaticity"",
    ""key_functional_groups"": ""carboxylic acid"",
    ""substitution_pattern"": ""no substituents"",
    ""stereochemistry"": ""not obvious""
  ,
  ""general_medicinal_chemistry_notes"": ""This molecule is small and polar, with a carboxylic acid functional group. The lack of hydrogen bond donors or acceptors may limit its interactions with biological targets. The carboxylic acid group is susceptible to hydrolysis, which could affect its stability in vivo.""
"
323,"
  ""basic_identity"": 
    ""core_scaffold"": ""Aliphatic amine with a substituted benzene ring""
  ,
  ""physicochemical_profile"": 
    ""size"": ""Medium"",
    ""lipophilicity"": ""Highly lipophilic"",
    ""polarity"": ""Moderately polar"",
    ""hydrogen_bonding"": ""One hydrogen bond donor and acceptor"",
    ""flexibility"": ""Flexible"",
    ""charge_state"": ""Mostly neutral""
  ,
  ""structural_features"": 
    ""rings_and_aromaticity"": ""One aromatic benzene ring"",
    ""key_functional_groups"": ""Amide"",
    ""substitution_pattern"": ""Single substituent on the benzene ring"",
    ""stereochemistry"": ""Not obvious""
  ,
  ""general_medicinal_chemistry_notes"": ""This molecule has a balance between lipophilicity and polarity, with a moderately polar amide group and a highly lipophilic benzene ring. The presence of an aromatic ring and a single substituent may affect its chemical stability and metabolic properties. The size and lipophilicity suggest it could be a potential drug candidate, but further investigation is needed to confirm its drug-like properties.""
"
324,"
  ""basic_identity"": 
    ""core_scaffold"": ""Aliphatic amine""
  ,
  ""physicochemical_profile"": 
    ""size"": ""Medium"",
    ""lipophilicity"": ""Moderately lipophilic"",
    ""polarity"": ""Moderately polar"",
    ""hydrogen_bonding"": ""Contains one hydrogen bond donor and acceptor"",
    ""flexibility"": ""Flexible"",
    ""charge_state"": ""Mostly neutral""
  ,
  ""structural_features"": 
    ""rings_and_aromaticity"": ""No rings or aromaticity"",
    ""key_functional_groups"": ""Amide"",
    ""substitution_pattern"": ""Single substituent on the amide nitrogen"",
    ""stereochemistry"": ""Not obvious""
  ,
  ""general_medicinal_chemistry_notes"": ""This compound has a moderate balance between lipophilicity and polarity, which is common for many drug-like molecules. The amide functional group suggests potential hydrogen bonding interactions with biological targets. The presence of a single rotatable bond indicates some flexibility, which can be beneficial for fitting into target sites. However, the exact chemical stability and metabolic properties are not clear from the given information.""
"
325,"
  ""basic_identity"": 
    ""core_scaffold"": ""brominated phenyl ring""
  ,
  ""physicochemical_profile"": 
    ""size"": ""medium"",
    ""lipophilicity"": ""highly lipophilic"",
    ""polarity"": ""low"",
    ""hydrogen_bonding"": ""no hydrogen bond donors or acceptors"",
    ""flexibility"": ""rigid"",
    ""charge_state"": ""uncharged""
  ,
  ""structural_features"": 
    ""rings_and_aromaticity"": ""contains one aromatic ring (phenyl)"",
    ""key_functional_groups"": ""bromine"",
    ""substitution_pattern"": ""two bromine atoms ortho to each other"",
    ""stereochemistry"": ""not obvious""
  ,
  ""general_medicinal_chemistry_notes"": ""This molecule is relatively large and highly lipophilic, which may impact its solubility and permeability. The lack of hydrogen bond donors or acceptors suggests it could be a poor binder to proteins. The bromine substituents may affect its reactivity and metabolic stability.""
"
326,"
  ""basic_identity"": 
    ""core_scaffold"": ""Benzene ring with two chloro substituents and an amide bond""
  ,
  ""physicochemical_profile"": 
    ""size"": ""Medium"",
    ""lipophilicity"": ""Highly lipophilic"",
    ""polarity"": ""Moderately polar"",
    ""hydrogen_bonding"": ""One hydrogen bond donor and two acceptors"",
    ""flexibility"": ""Fairly flexible"",
    ""charge_state"": ""Mostly neutral""
  ,
  ""structural_features"": 
    ""rings_and_aromaticity"": ""One aromatic benzene ring"",
    ""key_functional_groups"": ""Amide, chloro substituents"",
    ""substitution_pattern"": ""Two chloro substituents are ortho to each other"",
    ""stereochemistry"": ""Not obvious""
  ,
  ""general_medicinal_chemistry_notes"": ""The compound's high lipophilicity and moderate polarity suggest a balance between hydrophobic and hydrophilic interactions, which is often desirable for drug-like molecules.The presence of two chloro substituents may affect the compound's chemical stability and metabolic properties.The compound's size and polar surface area (TPSA) are within the range typically observed for small-molecule drugs, but the high lipophilicity might raise concerns about oral drug-likeness.""
"
327,"
  ""basic_identity"": 
    ""core_scaffold"": ""Aliphatic chain with a terminal alkene and a cyclopropyl group""
  ,
  ""physicochemical_profile"": 
    ""size"": ""small"",
    ""lipophilicity"": ""moderately lipophilic"",
    ""polarity"": ""low"",
    ""hydrogen_bonding"": ""no hydrogen bond donors or acceptors"",
    ""flexibility"": ""flexible"",
    ""charge_state"": ""uncertain""
  ,
  ""structural_features"": 
    ""rings_and_aromaticity"": ""No rings or aromaticity"",
    ""key_functional_groups"": ""Terminal alkene"",
    ""substitution_pattern"": ""Single cyclopropyl substituent at the end"",
    ""stereochemistry"": ""Not obvious""
  ,
  ""general_medicinal_chemistry_notes"": ""This molecule has a moderate lipophilicity, but its low polarity and lack of hydrogen bond donors or acceptors may limit its potential as a drug candidate. The presence of a cyclopropyl group could introduce strain and affect the molecule's stability. The terminal alkene may be susceptible to oxidation.""
"
328,"
  ""basic_identity"": 
    ""core_scaffold"": ""Aliphatic hydrocarbon""
  ,
  ""physicochemical_profile"": 
    ""size"": ""small"",
    ""lipophilicity"": ""low"",
    ""polarity"": ""low"",
    ""hydrogen_bonding"": ""no donors or acceptors"",
    ""flexibility"": ""rigid"",
    ""charge_state"": ""uncharged""
  ,
  ""structural_features"": 
    ""rings_and_aromaticity"": ""no rings or aromaticity"",
    ""key_functional_groups"": ""none"",
    ""substitution_pattern"": ""none"",
    ""stereochemistry"": ""not obvious""
  ,
  ""general_medicinal_chemistry_notes"": ""This molecule is a simple alkane, which is not typically found in drug-like compounds. Its low polarity and lipophilicity may limit its solubility and bioavailability.""
"
329,"
  ""basic_identity"": 
    ""core_scaffold"": ""Aliphatic amide with a substituted benzene ring""
  ,
  ""physicochemical_profile"": 
    ""size"": ""Medium"",
    ""lipophilicity"": ""Moderately lipophilic"",
    ""polarity"": ""Moderately polar"",
    ""hydrogen_bonding"": ""No hydrogen bond donors or acceptors"",
    ""flexibility"": ""Fairly flexible"",
    ""charge_state"": ""Mostly neutral""
  ,
  ""structural_features"": 
    ""rings_and_aromaticity"": ""One aromatic benzene ring"",
    ""key_functional_groups"": ""Amide"",
    ""substitution_pattern"": ""Two substituents on the benzene ring"",
    ""stereochemistry"": ""Not obvious""
  ,
  ""general_medicinal_chemistry_notes"": ""This molecule has a moderate balance between lipophilicity and polarity, with a moderately polar amide group and a moderately lipophilic benzene ring. The lack of hydrogen bond donors or acceptors may limit its interactions with biological targets. The aliphatic chain connecting the amide and benzene ring provides some flexibility, but the exact conformation and potential for metabolic soft spots cannot be determined from the given information.""
"
330,"
  ""basic_identity"": 
    ""core_scaffold"": ""Aliphatic chain with one carbon atom branch""
  ,
  ""physicochemical_profile"": 
    ""size"": ""small"",
    ""lipophilicity"": ""moderate"",
    ""polarity"": ""low"",
    ""hydrogen_bonding"": ""no donor or acceptor groups"",
    ""flexibility"": ""flexible"",
    ""charge_state"": ""neutral""
  ,
  ""structural_features"": 
    ""rings_and_aromaticity"": ""No rings or aromaticity"",
    ""key_functional_groups"": ""None"",
    ""substitution_pattern"": ""Two carbon atoms are substituted"",
    ""stereochemistry"": ""Not obvious""
  ,
  ""general_medicinal_chemistry_notes"": ""This molecule has a moderate lipophilicity, but its polarity is low. The lack of hydrogen bond donors or acceptors may limit its interactions with biological targets. The flexibility of the molecule could potentially allow for conformational adaptation, but the absence of functional groups may limit its specificity. The size of the molecule is small, which could be beneficial for drug-like properties.""
"
331,"
  ""basic_identity"": 
    ""core_scaffold"": ""Aliphatic amide""
  ,
  ""physicochemical_profile"": 
    ""size"": ""small"",
    ""lipophilicity"": ""moderately lipophilic"",
    ""polarity"": ""polar"",
    ""hydrogen_bonding"": ""no hydrogen bond donors, two hydrogen bond acceptors"",
    ""flexibility"": ""rigid"",
    ""charge_state"": ""mostly neutral""
  ,
  ""structural_features"": 
    ""rings_and_aromaticity"": ""contains one aromatic ring (benzene)"",
    ""key_functional_groups"": ""amide"",
    ""substitution_pattern"": ""substituent is directly attached to the amide nitrogen"",
    ""stereochemistry"": ""not obvious""
  ,
  ""general_medicinal_chemistry_notes"": ""This compound has a moderate balance between lipophilicity and polarity, with a polar amide group and a moderately lipophilic alkyl chain. The lack of hydrogen bond donors may limit its ability to interact with biological targets, but the two hydrogen bond acceptors could potentially facilitate such interactions. The rigid structure may limit its ability to fit into complex binding sites, but the absence of rotatable bonds suggests that it may be relatively stable. The size and polarity of this compound are within the range expected for a small-molecule drug, but its lack of hydrogen bond donors and the presence of an aromatic ring could potentially make it more challenging to design effective therapeutics around.""
"
332,"
  ""basic_identity"": 
    ""core_scaffold"": ""Chloro-substituted benzamide""
  ,
  ""physicochemical_profile"": 
    ""size"": ""Medium"",
    ""lipophilicity"": ""Moderately lipophilic"",
    ""polarity"": ""Moderately polar"",
    ""hydrogen_bonding"": ""One hydrogen bond donor and acceptor"",
    ""flexibility"": ""Rigid"",
    ""charge_state"": ""Mostly neutral""
  ,
  ""structural_features"": 
    ""rings_and_aromaticity"": ""One aromatic benzene ring"",
    ""key_functional_groups"": ""Chloro-substituted benzamide"",
    ""substitution_pattern"": ""Two chloro substituents at ortho positions"",
    ""stereochemistry"": ""Not obvious""
  ,
  ""general_medicinal_chemistry_notes"": ""This compound has a moderate balance between lipophilicity and polarity, with a chloro-substituted benzamide core. The rigidity of the structure may limit its flexibility, which could impact its ability to bind to targets. The presence of chlorine atoms may affect the compound's chemical stability and metabolic properties.""
"
333,"
  ""basic_identity"": 
    ""core_scaffold"": ""Aliphatic amine""
  ,
  ""physicochemical_profile"": 
    ""size"": ""Medium"",
    ""lipophilicity"": ""Moderately lipophilic"",
    ""polarity"": ""Polar"",
    ""hydrogen_bonding"": ""No hydrogen bond donors or acceptors"",
    ""flexibility"": ""Flexible"",
    ""charge_state"": ""Mostly neutral""
  ,
  ""structural_features"": 
    ""rings_and_aromaticity"": ""Contains one aromatic ring (benzene)"",
    ""key_functional_groups"": ""Aliphatic amine"",
    ""substitution_pattern"": ""Single alkyl substituent on the amine"",
    ""stereochemistry"": ""Not obvious""
  ,
  ""general_medicinal_chemistry_notes"": ""This molecule has a moderate balance between lipophilicity and polarity, with a polar TPSA value and a moderately lipophilic XLogP. The aliphatic amine functional group may provide some basicity, but the lack of hydrogen bond donors or acceptors suggests limited hydrogen bonding interactions. The medium size and flexibility could make this molecule a potential lead compound, but further optimization may be necessary to improve drug-like properties.""
"
334,"
  ""basic_identity"": 
    ""core_scaffold"": ""Aliphatic amide with a benzene ring""
  ,
  ""physicochemical_profile"": 
    ""size"": ""Medium"",
    ""lipophilicity"": ""Moderately lipophilic"",
    ""polarity"": ""Moderately polar"",
    ""hydrogen_bonding"": ""One hydrogen bond donor and acceptor"",
    ""flexibility"": ""Rigid"",
    ""charge_state"": ""Mostly neutral""
  ,
  ""structural_features"": 
    ""rings_and_aromaticity"": ""One aromatic benzene ring"",
    ""key_functional_groups"": ""Amide"",
    ""substitution_pattern"": ""Single substituent on the benzene ring"",
    ""stereochemistry"": ""Not obvious""
  ,
  ""general_medicinal_chemistry_notes"": ""This molecule has a moderate balance between lipophilicity and polarity, with a moderately polar amide group and a moderately lipophilic benzene ring. The molecule is relatively rigid due to the lack of rotatable bonds. The presence of an aromatic ring may contribute to chemical stability, but the amide group can be susceptible to hydrolysis. The size of the molecule is within the range of typical small-molecule drugs.""
"
335,"
  ""basic_identity"": 
    ""core_scaffold"": ""Chloroalkane with a chloro-substituted benzene ring""
  ,
  ""physicochemical_profile"": 
    ""size"": ""Medium"",
    ""lipophilicity"": ""Highly lipophilic"",
    ""polarity"": ""Not polar"",
    ""hydrogen_bonding"": ""No hydrogen bond donors or acceptors"",
    ""flexibility"": ""Rigid"",
    ""charge_state"": ""Mostly neutral""
  ,
  ""structural_features"": 
    ""rings_and_aromaticity"": ""One aromatic benzene ring"",
    ""key_functional_groups"": ""Chloroalkane, chloro-substituted benzene ring"",
    ""substitution_pattern"": ""Two chloro substituents on the benzene ring"",
    ""stereochemistry"": ""Not obvious""
  ,
  ""general_medicinal_chemistry_notes"": ""This molecule is relatively large and highly lipophilic, which may impact its solubility and permeability. The chloroalkane and chloro-substituted benzene ring suggest potential metabolic soft spots. The lack of hydrogen bond donors or acceptors may limit its ability to interact with biological targets.""
"
336,"
  ""basic_identity"": 
    ""core_scaffold"": ""Aliphatic chain with a chloro and fluoro substituent""
  ,
  ""physicochemical_profile"": 
    ""size"": ""small"",
    ""lipophilicity"": ""moderately lipophilic"",
    ""polarity"": ""low"",
    ""hydrogen_bonding"": ""no hydrogen bond donors or acceptors"",
    ""flexibility"": ""rigid"",
    ""charge_state"": ""mostly neutral""
  ,
  ""structural_features"": 
    ""rings_and_aromaticity"": ""No rings or aromaticity"",
    ""key_functional_groups"": ""Chloro, fluoro"",
    ""substitution_pattern"": ""Terminal substitution"",
    ""stereochemistry"": ""Not obvious""
  ,
  ""general_medicinal_chemistry_notes"": ""This molecule is relatively small and moderately lipophilic, which may make it suitable for crossing biological membranes. However, its low polarity and lack of hydrogen bond donors or acceptors could limit its interactions with biological targets. The presence of halogens may affect its chemical stability and reactivity.""
"
337,"
  ""basic_identity"": 
    ""core_scaffold"": ""Aliphatic chain""
  ,
  ""physicochemical_profile"": 
    ""size"": ""small"",
    ""lipophilicity"": ""low"",
    ""polarity"": ""low"",
    ""hydrogen_bonding"": ""none"",
    ""flexibility"": ""low"",
    ""charge_state"": ""uncharged""
  ,
  ""structural_features"": 
    ""rings_and_aromaticity"": ""none"",
    ""key_functional_groups"": ""none"",
    ""substitution_pattern"": ""none"",
    ""stereochemistry"": ""not obvious""
  ,
  ""general_medicinal_chemistry_notes"": ""This molecule is a simple alkane with low polarity and lipophilicity, which may limit its solubility in aqueous media. Its small size and lack of functional groups suggest it is unlikely to interact strongly with biological targets, making it a poor candidate for drug discovery.""
"
338,"
  ""basic_identity"": 
    ""core_scaffold"": ""chlorobenzene""
  ,
  ""physicochemical_profile"": 
    ""size"": ""medium"",
    ""lipophilicity"": ""high"",
    ""polarity"": ""low"",
    ""hydrogen_bonding"": ""none"",
    ""flexibility"": ""rigid"",
    ""charge_state"": ""uncharged""
  ,
  ""structural_features"": 
    ""rings_and_aromaticity"": ""one aromatic ring (benzene)"",
    ""key_functional_groups"": ""halogens"",
    ""substitution_pattern"": ""two chlorine atoms at ortho positions"",
    ""stereochemistry"": ""not obvious""
  ,
  ""general_medicinal_chemistry_notes"": ""This compound is relatively lipophilic, which may aid in drug-like properties, but its low polarity and lack of hydrogen bond donors could limit its solubility and interactions with biological targets. The presence of two chlorine atoms may increase its reactivity and potential for metabolic instability.""
"
339,"
  ""basic_identity"": 
    ""core_scaffold"": ""aliphatic chain with a terminal carbonyl""
  ,
  ""physicochemical_profile"": 
    ""size"": ""small"",
    ""lipophilicity"": ""moderately lipophilic"",
    ""polarity"": ""low"",
    ""hydrogen_bonding"": ""no hydrogen bond donors or acceptors"",
    ""flexibility"": ""flexible"",
    ""charge_state"": ""neutral""
  ,
  ""structural_features"": 
    ""rings_and_aromaticity"": ""no rings or aromaticity"",
    ""key_functional_groups"": ""carbonyl"",
    ""substitution_pattern"": ""terminal substitution"",
    ""stereochemistry"": ""not obvious""
  ,
  ""general_medicinal_chemistry_notes"": ""This molecule is relatively small and moderately lipophilic, which may make it suitable for some drug-like properties. However, its lack of hydrogen bond donors or acceptors could limit its interactions with biological targets. The carbonyl group may be prone to hydrolysis, which could affect its stability in vivo.""
"
340,"
  ""basic_identity"": 
    ""core_scaffold"": ""Aliphatic chain with a carboxylic acid at the end""
  ,
  ""physicochemical_profile"": 
    ""size"": ""Medium"",
    ""lipophilicity"": ""Highly lipophilic"",
    ""polarity"": ""Polar"",
    ""hydrogen_bonding"": ""No hydrogen bond donors or acceptors"",
    ""flexibility"": ""Flexible"",
    ""charge_state"": ""Uncertain""
  ,
  ""structural_features"": 
    ""rings_and_aromaticity"": ""No rings or aromaticity"",
    ""key_functional_groups"": ""Carboxylic acid"",
    ""substitution_pattern"": ""Single substituent at the end"",
    ""stereochemistry"": ""Not obvious""
  ,
  ""general_medicinal_chemistry_notes"": ""This molecule is relatively large and polar, which may affect its permeability and solubility. The high lipophilicity suggests it could potentially interact with hydrophobic targets. However, the lack of hydrogen bond donors or acceptors might limit its ability to form stable interactions with polar targets. The presence of a carboxylic acid group may make the molecule susceptible to hydrolysis.""
"
341,"
  ""basic_identity"": 
    ""core_scaffold"": ""tricyclic alkane with a chlorine atom""
  ,
  ""physicochemical_profile"": 
    ""size"": ""medium"",
    ""lipophilicity"": ""moderately lipophilic"",
    ""polarity"": ""low"",
    ""hydrogen_bonding"": ""no hydrogen bond donors or acceptors"",
    ""flexibility"": ""rigid"",
    ""charge_state"": ""uncharged""
  ,
  ""structural_features"": 
    ""rings_and_aromaticity"": ""contains one aromatic ring (tricyclic), no conjugated systems"",
    ""key_functional_groups"": ""chlorine atom"",
    ""substitution_pattern"": ""chlorine atom is attached to the central carbon atom"",
    ""stereochemistry"": ""not obvious""
  ,
  ""general_medicinal_chemistry_notes"": ""This molecule is relatively large and moderately lipophilic, which may affect its ability to cross cell membranes. The lack of hydrogen bond donors or acceptors suggests it could be poorly soluble in water. The tricyclic structure may provide some rigidity, but it also increases the complexity of the molecule synthetically. The chlorine atom could potentially be a soft spot for metabolic degradation.""
"
342,"
  ""basic_identity"": 
    ""core_scaffold"": ""Benzene ring with a substituted amide and a cyclohexane ring""
  ,
  ""physicochemical_profile"": 
    ""size"": ""Medium"",
    ""lipophilicity"": ""Highly lipophilic"",
    ""polarity"": ""Moderately polar"",
    ""hydrogen_bonding"": ""No hydrogen bond donors or acceptors"",
    ""flexibility"": ""Flexible"",
    ""charge_state"": ""Mostly neutral""
  ,
  ""structural_features"": 
    ""rings_and_aromaticity"": ""Two aromatic rings: a benzene ring and a cyclohexane ring with aromaticity"",
    ""key_functional_groups"": ""Amide"",
    ""substitution_pattern"": ""Two substituents on the benzene ring and one on the cyclohexane ring"",
    ""stereochemistry"": ""Not obvious""
  ,
  ""general_medicinal_chemistry_notes"": ""This compound has a balance between lipophilicity and polarity, but its size and flexibility may pose challenges for drug-like properties. The amide functional group suggests potential hydrogen bonding interactions, but the lack of hydrogen bond donors or acceptors may limit its biological activity. The aromatic rings and cyclohexane ring may provide some stability, but the cyclohexane ring could also be a metabolic soft spot.""
"
343,"
  ""basic_identity"": 
    ""core_scaffold"": ""Aliphatic chain with a carboxylic acid group""
  ,
  ""physicochemical_profile"": 
    ""size"": ""small"",
    ""lipophilicity"": ""moderate"",
    ""polarity"": ""polar"",
    ""hydrogen_bonding"": ""contains one hydrogen bond acceptor"",
    ""flexibility"": ""flexible"",
    ""charge_state"": ""likely neutral""
  ,
  ""structural_features"": 
    ""rings_and_aromaticity"": ""no rings or aromaticity"",
    ""key_functional_groups"": ""carboxylic acid"",
    ""substitution_pattern"": ""terminal group"",
    ""stereochemistry"": ""not obvious""
  ,
  ""general_medicinal_chemistry_notes"": ""This molecule is relatively small and polar, with moderate lipophilicity. It contains a carboxylic acid group, which can participate in hydrogen bonding. The presence of a carboxylic acid group may affect its chemical stability and potential for metabolism.""
"
344,"
  ""basic_identity"": 
    ""core_scaffold"": ""Aliphatic amine with two aromatic rings""
  ,
  ""physicochemical_profile"": 
    ""size"": ""Medium"",
    ""lipophilicity"": ""Moderately lipophilic"",
    ""polarity"": ""Moderately polar"",
    ""hydrogen_bonding"": ""No hydrogen bond donors or acceptors"",
    ""flexibility"": ""Fairly flexible"",
    ""charge_state"": ""Mostly neutral""
  ,
  ""structural_features"": 
    ""rings_and_aromaticity"": ""Two aromatic rings (benzene rings) with no conjugation"",
    ""key_functional_groups"": ""Amide"",
    ""substitution_pattern"": ""Two alkyl groups attached to the aromatic rings"",
    ""stereochemistry"": ""Not obvious""
  ,
  ""general_medicinal_chemistry_notes"": ""This molecule has a moderate balance between lipophilicity and polarity, with a moderate number of rotatable bonds. The amide functional group is common in many bioactive molecules. The lack of hydrogen bond donors or acceptors may limit its interactions with biological targets. The size and polarity of this molecule suggest it may not be an ideal oral drug candidate, but further analysis is needed to confirm.""
"
345,"
  ""basic_identity"": 
    ""core_scaffold"": ""aliphatic ester""
  ,
  ""physicochemical_profile"": 
    ""size"": ""small"",
    ""lipophilicity"": ""moderately lipophilic"",
    ""polarity"": ""polar"",
    ""hydrogen_bonding"": ""no hydrogen bond donors or acceptors"",
    ""flexibility"": ""rigid"",
    ""charge_state"": ""mostly neutral""
  ,
  ""structural_features"": 
    ""rings_and_aromaticity"": ""no rings or aromaticity"",
    ""key_functional_groups"": ""ester"",
    ""substitution_pattern"": ""two substituents on the ester"",
    ""stereochemistry"": ""not obvious""
  ,
  ""general_medicinal_chemistry_notes"": ""This molecule is a small, polar ester with moderate lipophilicity. The lack of hydrogen bond donors or acceptors may limit its interactions with biological targets. The rigid structure could potentially affect its pharmacokinetic properties. The ester group is a common site for metabolic hydrolysis, which should be considered in drug design.""
"
346,"
  ""basic_identity"": 
    ""core_scaffold"": ""Aliphatic chain with amide moiety""
  ,
  ""physicochemical_profile"": 
    ""size"": ""Medium"",
    ""lipophilicity"": ""Moderately lipophilic"",
    ""polarity"": ""Moderately polar"",
    ""hydrogen_bonding"": ""No hydrogen bond donors or acceptors"",
    ""flexibility"": ""Flexible"",
    ""charge_state"": ""Mostly neutral""
  ,
  ""structural_features"": 
    ""rings_and_aromaticity"": ""No rings or aromaticity"",
    ""key_functional_groups"": ""Amide"",
    ""substitution_pattern"": ""Two substituents on the amide nitrogen"",
    ""stereochemistry"": ""Not obvious""
  ,
  ""general_medicinal_chemistry_notes"": ""This molecule has a moderate balance between lipophilicity and polarity, with a moderately polar amide group. The lack of hydrogen bond donors or acceptors may limit its interactions with biological targets. The moderate size and flexibility suggest it could potentially be orally bioavailable, but further analysis is needed to confirm this.""
"
347,"
  ""basic_identity"": 
    ""core_scaffold"": ""Aliphatic amide""
  ,
  ""physicochemical_profile"": 
    ""size"": ""Medium"",
    ""lipophilicity"": ""Moderately lipophilic"",
    ""polarity"": ""Moderately polar"",
    ""hydrogen_bonding"": ""No hydrogen bond donors or acceptors"",
    ""flexibility"": ""Flexible with one rotatable bond"",
    ""charge_state"": ""Mostly neutral""
  ,
  ""structural_features"": 
    ""rings_and_aromaticity"": ""Contains one aromatic ring (benzene)"",
    ""key_functional_groups"": ""Amide"",
    ""substitution_pattern"": ""Substituent is directly attached to the amide nitrogen"",
    ""stereochemistry"": ""Not obvious""
  ,
  ""general_medicinal_chemistry_notes"": ""This molecule has a moderate balance between lipophilicity and polarity, with a moderately polar TPSA and a moderately lipophilic XLogP. The amide functional group is a common component in many drugs, but the lack of hydrogen bond donors or acceptors may limit its potential interactions. The moderate size and flexibility suggest it could be orally bioavailable, but further analysis is needed to confirm this.""
"
348,"
  ""basic_identity"": 
    ""core_scaffold"": ""aliphatic chain with chlorine and carbonyl groups""
  ,
  ""physicochemical_profile"": 
    ""size"": ""medium"",
    ""lipophilicity"": ""moderately lipophilic"",
    ""polarity"": ""moderately polar"",
    ""hydrogen_bonding"": ""no hydrogen bond donors or acceptors"",
    ""flexibility"": ""flexible"",
    ""charge_state"": ""neutral""
  ,
  ""structural_features"": 
    ""rings_and_aromaticity"": ""no rings or aromaticity"",
    ""key_functional_groups"": ""carbonyl group, chlorine"",
    ""substitution_pattern"": ""two chlorine atoms and one carbonyl group are attached to the central carbon"",
    ""stereochemistry"": ""not obvious""
  ,
  ""general_medicinal_chemistry_notes"": ""This molecule has a moderate balance between lipophilicity and polarity, with a moderate number of rotatable bonds. The presence of chlorine atoms may affect its chemical stability and metabolic properties. The lack of hydrogen bond donors or acceptors suggests it may not interact strongly with biological targets through hydrogen bonding.""
"
349,"
  ""basic_identity"": 
    ""core_scaffold"": ""aliphatic amide""
  ,
  ""physicochemical_profile"": 
    ""size"": ""small"",
    ""lipophilicity"": ""moderately lipophilic"",
    ""polarity"": ""polar"",
    ""hydrogen_bonding"": ""no hydrogen bond donors, two hydrogen bond acceptors"",
    ""flexibility"": ""flexible"",
    ""charge_state"": ""mostly neutral""
  ,
  ""structural_features"": 
    ""rings_and_aromaticity"": ""no rings, no aromaticity"",
    ""key_functional_groups"": ""amide"",
    ""substitution_pattern"": ""no substituents"",
    ""stereochemistry"": ""not obvious""
  ,
  ""general_medicinal_chemistry_notes"": ""This molecule has a moderate balance between lipophilicity and polarity, which is common for many drugs. The polar amide group may contribute to solubility, but the lack of hydrogen bond donors could limit its interaction with biological targets. The small size and moderate flexibility suggest it could be orally bioavailable, but further analysis is needed to confirm this.""
"
350,"
  ""basic_identity"": 
    ""core_scaffold"": ""aliphatic amide with a halogen substituent""
  ,
  ""physicochemical_profile"": 
    ""size"": ""small"",
    ""lipophilicity"": ""moderately lipophilic"",
    ""polarity"": ""moderately polar"",
    ""hydrogen_bonding"": ""no hydrogen bond donors or acceptors"",
    ""flexibility"": ""rigid"",
    ""charge_state"": ""mostly neutral""
  ,
  ""structural_features"": 
    ""rings_and_aromaticity"": ""contains one aromatic ring (benzene)"",
    ""key_functional_groups"": ""amide, chloro"",
    ""substitution_pattern"": ""chloro substituent is attached to the amide nitrogen"",
    ""stereochemistry"": ""not obvious""
  ,
  ""general_medicinal_chemistry_notes"": ""This compound has a moderate balance between lipophilicity and polarity, which is common for many drugs. The chloro substituent may affect its reactivity and metabolic stability. The lack of hydrogen bond donors or acceptors suggests it may not interact strongly with biological targets through hydrogen bonding.""
"
351,"
  ""basic_identity"": 
    ""core_scaffold"": ""Aliphatic chain with a bromine atom""
  ,
  ""physicochemical_profile"": 
    ""size"": ""small"",
    ""lipophilicity"": ""moderately lipophilic"",
    ""polarity"": ""low"",
    ""hydrogen_bonding"": ""no hydrogen bond donors or acceptors"",
    ""flexibility"": ""rigid"",
    ""charge_state"": ""uncharged""
  ,
  ""structural_features"": 
    ""rings_and_aromaticity"": ""No rings or aromaticity"",
    ""key_functional_groups"": ""Bromine atom"",
    ""substitution_pattern"": ""Single substitution"",
    ""stereochemistry"": ""Not obvious""
  ,
  ""general_medicinal_chemistry_notes"": ""This molecule is relatively small and moderately lipophilic, which may make it suitable for crossing cell membranes. However, the lack of hydrogen bond donors or acceptors, as well as the presence of a bromine atom, may limit its potential as a drug candidate due to reduced polar interactions with biological targets. The rigidity of the molecule may also limit its ability to bind to flexible protein pockets.""
"
352,"
  ""basic_identity"": 
    ""core_scaffold"": ""aliphatic carbon with one oxygen atom""
  ,
  ""physicochemical_profile"": 
    ""size"": ""small"",
    ""lipophilicity"": ""low"",
    ""polarity"": ""high"",
    ""hydrogen_bonding"": ""contains one hydrogen bond donor and one acceptor"",
    ""flexibility"": ""rigid"",
    ""charge_state"": ""neutral""
  ,
  ""structural_features"": 
    ""rings_and_aromaticity"": ""no rings or aromaticity"",
    ""key_functional_groups"": ""carbonyl"",
    ""substitution_pattern"": ""monosubstituted"",
    ""stereochemistry"": ""not obvious""
  ,
  ""general_medicinal_chemistry_notes"": ""The carbonyl group suggests a polar molecule, which may limit its ability to cross biological membranes.The small size and low lipophilicity could make this molecule a candidate for a soluble compound.The presence of a carbonyl group may make the molecule susceptible to hydrolysis, which could affect its stability.""
"
353,"
  ""basic_identity"": 
    ""core_scaffold"": ""Aliphatic chain with a carboxylic acid""
  ,
  ""physicochemical_profile"": 
    ""size"": ""medium"",
    ""lipophilicity"": ""moderately lipophilic"",
    ""polarity"": ""polar"",
    ""hydrogen_bonding"": ""contains one acidic group"",
    ""flexibility"": ""flexible"",
    ""charge_state"": ""likely negatively charged carboxylic acid""
  ,
  ""structural_features"": 
    ""rings_and_aromaticity"": ""No rings or aromaticity"",
    ""key_functional_groups"": ""carboxylic acid"",
    ""substitution_pattern"": ""No obvious substitution pattern"",
    ""stereochemistry"": ""Not obvious""
  ,
  ""general_medicinal_chemistry_notes"": ""This molecule is polar and contains a carboxylic acid, which may affect its solubility and drug-likeness. The presence of a carboxylic acid also suggests potential ionization at physiological pH.""
"
354,"
  ""basic_identity"": 
    ""core_scaffold"": ""Biphenyl with four chlorine substituents""
  ,
  ""physicochemical_profile"": 
    ""size"": ""Medium"",
    ""lipophilicity"": ""Highly lipophilic"",
    ""polarity"": ""Not polar"",
    ""hydrogen_bonding"": ""No hydrogen bond donors or acceptors"",
    ""flexibility"": ""Flexible"",
    ""charge_state"": ""Mostly neutral""
  ,
  ""structural_features"": 
    ""rings_and_aromaticity"": ""Two aromatic rings (biphenyl) with four chlorine substituents"",
    ""key_functional_groups"": ""Chlorine"",
    ""substitution_pattern"": ""Ortho-substitution on both rings"",
    ""stereochemistry"": ""Not obvious""
  ,
  ""general_medicinal_chemistry_notes"": ""This molecule is relatively large and lipophilic, which may impact its solubility and permeability.The high lipophilicity and lack of polar functional groups suggest that this molecule may be poorly soluble in water.The presence of four chlorine atoms may affect the molecule's reactivity and metabolic stability.The absence of hydrogen bond donors or acceptors could limit its ability to interact with biological targets.""
"
355,"
  ""basic_identity"": 
    ""core_scaffold"": ""Aliphatic amine with a substituted amide""
  ,
  ""physicochemical_profile"": 
    ""size"": ""Medium"",
    ""lipophilicity"": ""Moderately lipophilic"",
    ""polarity"": ""Highly polar"",
    ""hydrogen_bonding"": ""One hydrogen bond donor and three acceptors"",
    ""flexibility"": ""Fairly flexible"",
    ""charge_state"": ""Mostly neutral""
  ,
  ""structural_features"": 
    ""rings_and_aromaticity"": ""One aromatic ring (benzene)"",
    ""key_functional_groups"": ""Amide and carboxylic acid"",
    ""substitution_pattern"": ""Substituents are attached to the amide nitrogen and the carboxylic acid oxygen"",
    ""stereochemistry"": ""Not obvious""
  ,
  ""general_medicinal_chemistry_notes"": ""This compound has a balance between lipophilicity and polarity, with a moderate XLogP and high TPSA. The presence of an amide and a carboxylic acid suggests potential hydrogen bonding interactions. The compound is moderately flexible due to one rotatable bond. The carboxylic acid group may be prone to hydrolysis, which could affect its stability in vivo. The compound's size and polarity might make it challenging for oral absorption, although this is a rough prediction without considering specific rules.""
"
356,"
  ""basic_identity"": 
    ""core_scaffold"": ""aliphatic alcohol""
  ,
  ""physicochemical_profile"": 
    ""size"": ""medium"",
    ""lipophilicity"": ""moderate"",
    ""polarity"": ""polar"",
    ""hydrogen_bonding"": ""contains one hydrogen bond acceptor"",
    ""flexibility"": ""flexible"",
    ""charge_state"": ""uncharged""
  ,
  ""structural_features"": 
    ""rings_and_aromaticity"": ""no rings or aromaticity"",
    ""key_functional_groups"": ""alcohol"",
    ""substitution_pattern"": ""terminal alcohol"",
    ""stereochemistry"": ""not obvious""
  ,
  ""general_medicinal_chemistry_notes"": ""This molecule is relatively polar and flexible, which may impact its solubility and pharmacokinetics. The absence of aromatic rings or heteroatoms suggests it might be metabolically stable, but this is uncertain.""
"
357,"
  ""basic_identity"": 
    ""core_scaffold"": ""Aliphatic chain with a carboxylic acid group""
  ,
  ""physicochemical_profile"": 
    ""size"": ""Medium"",
    ""lipophilicity"": ""Moderately lipophilic"",
    ""polarity"": ""Moderately polar"",
    ""hydrogen_bonding"": ""No hydrogen bond donors or acceptors"",
    ""flexibility"": ""Flexible"",
    ""charge_state"": ""Mostly neutral""
  ,
  ""structural_features"": 
    ""rings_and_aromaticity"": ""No rings or aromaticity"",
    ""key_functional_groups"": ""Carboxylic acid"",
    ""substitution_pattern"": ""Linear"",
    ""stereochemistry"": ""Not obvious""
  ,
  ""general_medicinal_chemistry_notes"": ""This molecule has a moderate balance between lipophilicity and polarity, which is common for many drug-like molecules. However, its lack of hydrogen bond donors may limit its interactions with biological targets. The carboxylic acid group can be ionized at physiological pH, which may affect its properties and behavior in the body.""
"
358,"
  ""basic_identity"": 
    ""core_scaffold"": ""Aliphatic amine""
  ,
  ""physicochemical_profile"": 
    ""size"": ""small"",
    ""lipophilicity"": ""moderate"",
    ""polarity"": ""polar"",
    ""hydrogen_bonding"": ""no hydrogen bond donors or acceptors"",
    ""flexibility"": ""flexible"",
    ""charge_state"": ""mostly neutral""
  ,
  ""structural_features"": 
    ""rings_and_aromaticity"": ""contains one aromatic ring (benzene)"",
    ""key_functional_groups"": ""amide"",
    ""substitution_pattern"": ""substituent is attached to the amide nitrogen"",
    ""stereochemistry"": ""not obvious""
  ,
  ""general_medicinal_chemistry_notes"": ""This molecule has a moderate balance between lipophilicity and polarity, with a polar amide group and a moderate XLogP value. The lack of hydrogen bond donors or acceptors may limit its interactions with biological targets. The presence of an aromatic ring suggests potential aromaticity-related properties, such as planarity and π-stacking interactions. The molecule is flexible due to one rotatable bond. The absence of obvious metabolic soft spots or extreme properties suggests it may be a reasonable starting point for further investigation.""
"
359,"
  ""basic_identity"": 
    ""core_scaffold"": ""Aliphatic chain with an ester and an amide""
  ,
  ""physicochemical_profile"": 
    ""size"": ""Medium"",
    ""lipophilicity"": ""Moderately lipophilic"",
    ""polarity"": ""Moderately polar"",
    ""hydrogen_bonding"": ""No hydrogen bond donors or acceptors"",
    ""flexibility"": ""Flexible with one rotatable bond"",
    ""charge_state"": ""Mostly neutral""
  ,
  ""structural_features"": 
    ""rings_and_aromaticity"": ""No rings or aromaticity"",
    ""key_functional_groups"": ""ester, amide"",
    ""substitution_pattern"": ""Single substituent on the amide"",
    ""stereochemistry"": ""Not obvious""
  ,
  ""general_medicinal_chemistry_notes"": ""The molecule has a balance between lipophilicity and polarity, which is a common feature of many drugs.The ester and amide functional groups may affect chemical stability and metabolism.The size and polarity suggest it could be a potential drug candidate, but further evaluation is needed.""
"
360,"
  ""basic_identity"": 
    ""core_scaffold"": ""Aliphatic carboxylic acid with an amide and two ether linkages""
  ,
  ""physicochemical_profile"": 
    ""size"": ""Medium"",
    ""lipophilicity"": ""Highly polar"",
    ""polarity"": ""High"",
    ""hydrogen_bonding"": ""High hydrogen bond donor and acceptor capacity"",
    ""flexibility"": ""Flexible"",
    ""charge_state"": ""Mostly neutral""
  ,
  ""structural_features"": 
    ""rings_and_aromaticity"": ""No rings or aromaticity"",
    ""key_functional_groups"": ""Carboxylic acid, Amide, Ether"",
    ""substitution_pattern"": ""Two ether groups are attached to the carboxylic acid"",
    ""stereochemistry"": ""Not obvious""
  ,
  ""general_medicinal_chemistry_notes"": ""This molecule has a balance between lipophilicity and polarity, with a high polar character due to the carboxylic acid and ether groups.The presence of multiple hydrogen bond donors and acceptors suggests potential interactions with biological targets.The flexibility of the molecule may affect its pharmacokinetic properties.The carboxylic acid group could be susceptible to hydrolysis under certain conditions.""
"
361,"
  ""basic_identity"": 
    ""core_scaffold"": ""Aliphatic molecule with a carbon-oxygen double bond""
  ,
  ""physicochemical_profile"": 
    ""size"": ""small"",
    ""lipophilicity"": ""moderate"",
    ""polarity"": ""high"",
    ""hydrogen_bonding"": ""no donors or acceptors"",
    ""flexibility"": ""rigid"",
    ""charge_state"": ""neutral""
  ,
  ""structural_features"": 
    ""rings_and_aromaticity"": ""No rings or aromaticity"",
    ""key_functional_groups"": ""Carbon-oxygen double bond"",
    ""substitution_pattern"": ""None"",
    ""stereochemistry"": ""Not obvious""
  ,
  ""general_medicinal_chemistry_notes"": ""This molecule is highly polar and small, which may limit its potential as a drug due to poor cell permeability. Its lack of hydrogen bond donors or acceptors could also be a disadvantage for binding to biological targets. However, its moderate lipophilicity and small size suggest it may be suitable for certain applications, such as solvents or reagents.""
"
362,"
  ""basic_identity"": 
    ""core_scaffold"": ""aliphatic carboxylic acid""
  ,
  ""physicochemical_profile"": 
    ""size"": ""small"",
    ""lipophilicity"": ""slightly hydrophilic"",
    ""polarity"": ""polar"",
    ""hydrogen_bonding"": ""no hydrogen bond donors or acceptors"",
    ""flexibility"": ""rigid"",
    ""charge_state"": ""mostly neutral""
  ,
  ""structural_features"": 
    ""rings_and_aromaticity"": ""no rings or aromaticity"",
    ""key_functional_groups"": ""carboxylic acid"",
    ""substitution_pattern"": ""no substituents"",
    ""stereochemistry"": ""not obvious""
  ,
  ""general_medicinal_chemistry_notes"": ""This molecule is small and polar, which may limit its potential as a drug candidate due to poor membrane permeability. The carboxylic acid group is prone to hydrolysis, which could affect its stability in vivo. The lack of hydrogen bond donors or acceptors may limit its ability to interact with biological targets.""
"
363,"
  ""basic_identity"": 
    ""core_scaffold"": ""Biphenyl with two ether linkages and an amide group""
  ,
  ""physicochemical_profile"": 
    ""size"": ""Medium"",
    ""lipophilicity"": ""Highly lipophilic"",
    ""polarity"": ""Moderately polar"",
    ""hydrogen_bonding"": ""No hydrogen bond donors or acceptors"",
    ""flexibility"": ""Rigid"",
    ""charge_state"": ""Mostly neutral""
  ,
  ""structural_features"": 
    ""rings_and_aromaticity"": ""Two aromatic rings (biphenyl) connected by two ether linkages"",
    ""key_functional_groups"": ""Amide"",
    ""substitution_pattern"": ""Two ether linkages are attached to the biphenyl at ortho positions"",
    ""stereochemistry"": ""Not obvious""
  ,
  ""general_medicinal_chemistry_notes"": ""This compound has a relatively large size and high lipophilicity, which may impact its solubility and permeability. The lack of hydrogen bond donors or acceptors could affect its ability to interact with biological targets. The biphenyl scaffold is a common feature in many drugs, but the presence of the ether linkages and amide group may impact its chemical stability and metabolic fate.""
"
364,"
  ""basic_identity"": 
    ""core_scaffold"": ""Aliphatic amine""
  ,
  ""physicochemical_profile"": 
    ""size"": ""Medium"",
    ""lipophilicity"": ""Moderately lipophilic"",
    ""polarity"": ""Moderately polar"",
    ""hydrogen_bonding"": ""One hydrogen bond donor and acceptor"",
    ""flexibility"": ""Rigid"",
    ""charge_state"": ""Mostly neutral""
  ,
  ""structural_features"": 
    ""rings_and_aromaticity"": ""One aromatic ring (benzene)"",
    ""key_functional_groups"": ""Amide"",
    ""substitution_pattern"": ""Single substituent at the amide nitrogen"",
    ""stereochemistry"": ""Not obvious""
  ,
  ""general_medicinal_chemistry_notes"": ""This molecule has a moderate balance between lipophilicity and polarity, which is common for many drug-like molecules. The presence of an amide functional group suggests potential hydrogen bonding interactions with biological targets. The lack of rotatable bonds and the single aromatic ring indicate a rigid structure, which may affect its ability to bind to targets. The moderate size and polarity suggest it could be suitable for oral administration, but further investigation is needed to confirm this.""
"
365,"
  ""basic_identity"": 
    ""core_scaffold"": ""aliphatic chain with bromine substituents""
  ,
  ""physicochemical_profile"": 
    ""size"": ""medium"",
    ""lipophilicity"": ""moderately lipophilic"",
    ""polarity"": ""low"",
    ""hydrogen_bonding"": ""no hydrogen bond donors or acceptors"",
    ""flexibility"": ""flexible"",
    ""charge_state"": ""mostly neutral""
  ,
  ""structural_features"": 
    ""rings_and_aromaticity"": ""no rings or aromaticity"",
    ""key_functional_groups"": ""bromine"",
    ""substitution_pattern"": ""terminal substituents"",
    ""stereochemistry"": ""not obvious""
  ,
  ""general_medicinal_chemistry_notes"": ""This molecule has a moderate lipophilicity and low polarity, which may make it challenging to achieve a balance for drug-like properties. The bromine substituent can potentially introduce reactivity and metabolic instability. The lack of hydrogen bond donors or acceptors may limit its interaction with biological targets.""
"
366,"
  ""basic_identity"": 
    ""core_scaffold"": ""Aliphatic chain with a central cyclohexane ring and a terminal carboxylic acid""
  ,
  ""physicochemical_profile"": 
    ""size"": ""Medium"",
    ""lipophilicity"": ""Moderately lipophilic"",
    ""polarity"": ""Moderately polar"",
    ""hydrogen_bonding"": ""Contains one hydrogen bond donor and one acceptor"",
    ""flexibility"": ""Flexible with 7 rotatable bonds"",
    ""charge_state"": ""Mostly neutral""
  ,
  ""structural_features"": 
    ""rings_and_aromaticity"": ""Contains a cyclohexane ring, no aromaticity"",
    ""key_functional_groups"": ""Carboxylic acid"",
    ""substitution_pattern"": ""Terminal substitution"",
    ""stereochemistry"": ""Not obvious""
  ,
  ""general_medicinal_chemistry_notes"": ""This molecule has a moderate balance between lipophilicity and polarity, which is common for many drug-like molecules. The carboxylic acid group may provide a potential site for ionic interactions. The cyclohexane ring could introduce some conformational rigidity, which might affect its pharmacokinetic properties. The molecule's size is within the range of typical small-molecule drugs.""
"
367,"
  ""basic_identity"": 
    ""core_scaffold"": ""Aliphatic amine""
  ,
  ""physicochemical_profile"": 
    ""size"": ""small"",
    ""lipophilicity"": ""moderately lipophilic"",
    ""polarity"": ""polar"",
    ""hydrogen_bonding"": ""no hydrogen bond donors or acceptors"",
    ""flexibility"": ""rigid"",
    ""charge_state"": ""mostly neutral""
  ,
  ""structural_features"": 
    ""rings_and_aromaticity"": ""contains one aromatic ring (benzene)"",
    ""key_functional_groups"": ""none"",
    ""substitution_pattern"": ""substituent is attached to the benzene ring"",
    ""stereochemistry"": ""not obvious""
  ,
  ""general_medicinal_chemistry_notes"": ""This molecule is relatively small and polar, with a moderate degree of lipophilicity. The aromatic ring may contribute to its stability, but the lack of hydrogen bond donors or acceptors could limit its interactions with biological targets. The rigid structure may affect its ability to penetrate cell membranes.""
"
368,"
  ""basic_identity"": 
    ""core_scaffold"": ""trichlorobenzene""
  ,
  ""physicochemical_profile"": 
    ""size"": ""medium"",
    ""lipophilicity"": ""high"",
    ""polarity"": ""low"",
    ""hydrogen_bonding"": ""none"",
    ""flexibility"": ""rigid"",
    ""charge_state"": ""uncharged""
  ,
  ""structural_features"": 
    ""rings_and_aromaticity"": ""trichlorinated benzene ring, aromatic"",
    ""key_functional_groups"": ""halogen"",
    ""substitution_pattern"": ""ortho, meta, para"",
    ""stereochemistry"": ""not obvious""
  ,
  ""general_medicinal_chemistry_notes"": ""This molecule is relatively lipophilic, which may affect its solubility and permeability. The presence of halogens could potentially introduce metabolic soft spots. The lack of hydrogen bond donors or acceptors may limit its interactions with biological targets.""
"
369,"
  ""basic_identity"": 
    ""core_scaffold"": ""aliphatic chain with bromine atom""
  ,
  ""physicochemical_profile"": 
    ""size"": ""medium"",
    ""lipophilicity"": ""moderately lipophilic"",
    ""polarity"": ""low"",
    ""hydrogen_bonding"": ""no hydrogen bond donors or acceptors"",
    ""flexibility"": ""rigid"",
    ""charge_state"": ""uncharged""
  ,
  ""structural_features"": 
    ""rings_and_aromaticity"": ""no rings or aromaticity"",
    ""key_functional_groups"": ""bromine atom"",
    ""substitution_pattern"": ""single substituent on the central carbon"",
    ""stereochemistry"": ""not obvious""
  ,
  ""general_medicinal_chemistry_notes"": ""This molecule is relatively large for a small-molecule drug, with a moderate lipophilicity and low polarity. The bromine atom may affect its chemical reactivity and metabolic stability.""
"
370,"
  ""basic_identity"": 
    ""core_scaffold"": ""Biphenyl""
  ,
  ""physicochemical_profile"": 
    ""size"": ""Medium"",
    ""lipophilicity"": ""High"",
    ""polarity"": ""Low"",
    ""hydrogen_bonding"": ""No Hydrogen Bond Donors or Acceptors"",
    ""flexibility"": ""Flexible"",
    ""charge_state"": ""Mostly Neutral""
  ,
  ""structural_features"": 
    ""rings_and_aromaticity"": ""Two aromatic rings (biphenyl) with no conjugation"",
    ""key_functional_groups"": ""None"",
    ""substitution_pattern"": ""Two phenyl rings are substituted by alkyl chains"",
    ""stereochemistry"": ""Not obvious""
  ,
  ""general_medicinal_chemistry_notes"": ""This molecule is relatively large and lipophilic, which may affect its solubility and permeability. The lack of hydrogen bond donors or acceptors suggests it may not interact strongly with biological targets through hydrogen bonding. The absence of functional groups could limit its reactivity, but the presence of alkyl chains may make it more prone to metabolism.""
"
371,"
  ""basic_identity"": 
    ""core_scaffold"": ""Aliphatic chain with a tertiary amide""
  ,
  ""physicochemical_profile"": 
    ""size"": ""Medium"",
    ""lipophilicity"": ""Moderately lipophilic"",
    ""polarity"": ""Not polar"",
    ""hydrogen_bonding"": ""No hydrogen bond donors or acceptors"",
    ""flexibility"": ""Flexible"",
    ""charge_state"": ""Mostly neutral""
  ,
  ""structural_features"": 
    ""rings_and_aromaticity"": ""One aromatic ring (benzene)"",
    ""key_functional_groups"": ""Tertiary amide"",
    ""substitution_pattern"": ""Two alkyl groups attached to the benzene ring"",
    ""stereochemistry"": ""Not obvious""
  ,
  ""general_medicinal_chemistry_notes"": ""This molecule has a moderate lipophilicity and a medium size, but it lacks polar functional groups and hydrogen bond donors/acceptors, which may limit its solubility and drug-like properties. The tertiary amide functional group could potentially be metabolically labile.""
"
372,"
  ""basic_identity"": 
    ""core_scaffold"": ""Aliphatic amine""
  ,
  ""physicochemical_profile"": 
    ""size"": ""Small"",
    ""lipophilicity"": ""Moderately lipophilic"",
    ""polarity"": ""Polar"",
    ""hydrogen_bonding"": ""No hydrogen bond donor or acceptor"",
    ""flexibility"": ""Rigid"",
    ""charge_state"": ""Mostly neutral""
  ,
  ""structural_features"": 
    ""rings_and_aromaticity"": ""Contains one aromatic ring (benzene)"",
    ""key_functional_groups"": ""Amine"",
    ""substitution_pattern"": ""Substituent is attached to the aromatic ring"",
    ""stereochemistry"": ""Not obvious""
  ,
  ""general_medicinal_chemistry_notes"": ""This molecule is relatively small and polar, with a moderate degree of lipophilicity. The presence of an aromatic ring and an amine functional group suggests potential interactions with biological targets. However, the lack of hydrogen bond donors or acceptors may limit its versatility. The absence of rotatable bonds indicates a rigid structure, which could affect its pharmacokinetic properties.""
"
373,"
  ""basic_identity"": 
    ""core_scaffold"": ""Aliphatic ether with four hydroxyl groups and a central carbon atom bonded to two ethers""
  ,
  ""physicochemical_profile"": 
    ""size"": ""Medium"",
    ""lipophilicity"": ""Moderately lipophilic"",
    ""polarity"": ""Highly polar"",
    ""hydrogen_bonding"": ""No hydrogen bond donors or acceptors"",
    ""flexibility"": ""Flexible"",
    ""charge_state"": ""Unclear""
  ,
  ""structural_features"": 
    ""rings_and_aromaticity"": ""No rings or aromaticity"",
    ""key_functional_groups"": ""Ether"",
    ""substitution_pattern"": ""All substituents are bonded to the central carbon atom"",
    ""stereochemistry"": ""Not obvious""
  ,
  ""general_medicinal_chemistry_notes"": ""This molecule is relatively large and polar, which may affect its ability to penetrate biological membranes. The high number of ether groups suggests potential chemical stability, but the lack of hydrogen bond donors or acceptors could limit its interactions with biological targets. The flexibility of the molecule may also impact its pharmacokinetics.""
"
374,"
  ""basic_identity"": 
    ""core_scaffold"": ""Biphenyl""
  ,
  ""physicochemical_profile"": 
    ""size"": ""Medium"",
    ""lipophilicity"": ""High"",
    ""polarity"": ""Low"",
    ""hydrogen_bonding"": ""None"",
    ""flexibility"": ""Rigid"",
    ""charge_state"": ""Mostly neutral""
  ,
  ""structural_features"": 
    ""rings_and_aromaticity"": ""Two aromatic rings (biphenyl) with no conjugation"",
    ""key_functional_groups"": ""None"",
    ""substitution_pattern"": ""Two methyl groups attached to the phenyl rings"",
    ""stereochemistry"": ""Not obvious""
  ,
  ""general_medicinal_chemistry_notes"": ""This molecule is relatively large for a typical small-molecule drug, with a high lipophilicity and low polarity. The biphenyl scaffold is a common feature in various pharmaceuticals, but the lack of hydrogen bond donors or acceptors may limit its potential interactions with biological targets. The rigid structure may also affect its ability to penetrate cell membranes.""
"
375,"
  ""basic_identity"": 
    ""core_scaffold"": ""aliphatic amide""
  ,
  ""physicochemical_profile"": 
    ""size"": ""small"",
    ""lipophilicity"": ""slightly polar"",
    ""polarity"": ""polar"",
    ""hydrogen_bonding"": ""contains one hydrogen bond donor and acceptor"",
    ""flexibility"": ""rigid"",
    ""charge_state"": ""mostly neutral""
  ,
  ""structural_features"": 
    ""rings_and_aromaticity"": ""no rings, no aromaticity"",
    ""key_functional_groups"": ""amide"",
    ""substitution_pattern"": ""single substituent on the amide nitrogen"",
    ""stereochemistry"": ""not obvious""
  ,
  ""general_medicinal_chemistry_notes"": ""This molecule has a balance between lipophilicity and polarity, which is a common feature for many drugs. The polar amide group may affect its solubility and potential interactions with biological targets. The lack of rotatable bonds suggests a rigid structure, which could impact its ability to bind to targets.""
"
376,"
  ""basic_identity"": 
    ""core_scaffold"": ""aliphatic ester""
  ,
  ""physicochemical_profile"": 
    ""size"": ""medium"",
    ""lipophilicity"": ""moderately polar"",
    ""polarity"": ""polar"",
    ""hydrogen_bonding"": ""no hydrogen bond donors or acceptors"",
    ""flexibility"": ""flexible"",
    ""charge_state"": ""neutral""
  ,
  ""structural_features"": 
    ""rings_and_aromaticity"": ""no rings or aromaticity"",
    ""key_functional_groups"": ""ester"",
    ""substitution_pattern"": ""ester group attached to the central carbon"",
    ""stereochemistry"": ""not obvious""
  ,
  ""general_medicinal_chemistry_notes"": ""This compound is relatively polar and flexible, which may impact its potential for drug-like properties. The ester group is a common site for hydrolysis, so the compound's stability might be a concern. The compound's lipophilicity and polarity balance seems moderate, which is generally desirable for drug-like molecules.""
"
377,"
  ""basic_identity"": 
    ""core_scaffold"": ""tetrahalogenated alkane""
  ,
  ""physicochemical_profile"": 
    ""size"": ""medium"",
    ""lipophilicity"": ""high"",
    ""polarity"": ""low"",
    ""hydrogen_bonding"": ""none"",
    ""flexibility"": ""low"",
    ""charge_state"": ""uncharged""
  ,
  ""structural_features"": 
    ""rings_and_aromaticity"": ""none"",
    ""key_functional_groups"": ""halogens"",
    ""substitution_pattern"": ""all four halogens are attached to the central carbon"",
    ""stereochemistry"": ""not obvious""
  ,
  ""general_medicinal_chemistry_notes"": ""This molecule is relatively large and lipophilic, which may impact its solubility and permeability. The presence of four halogens suggests potential reactivity, especially towards nucleophiles. The lack of hydrogen bond donors or acceptors may limit its interactions with biological targets.""
"
378,"
  ""basic_identity"": 
    ""core_scaffold"": ""Aliphatic ester""
  ,
  ""physicochemical_profile"": 
    ""size"": ""Medium"",
    ""lipophilicity"": ""Moderately lipophilic"",
    ""polarity"": ""Moderately polar"",
    ""hydrogen_bonding"": ""No hydrogen bond donors or acceptors"",
    ""flexibility"": ""Flexible"",
    ""charge_state"": ""Mostly neutral""
  ,
  ""structural_features"": 
    ""rings_and_aromaticity"": ""No rings or aromaticity"",
    ""key_functional_groups"": ""Ester"",
    ""substitution_pattern"": ""Two substituents at the same carbon"",
    ""stereochemistry"": ""Not obvious""
  ,
  ""general_medicinal_chemistry_notes"": ""This molecule is moderately lipophilic and polar, which may suggest a balance between membrane permeability and solubility. The ester functional group is common in many drugs but can be prone to hydrolysis. The lack of hydrogen bond donors or acceptors may limit its interactions with biological targets.""
"
379,"
  ""basic_identity"": 
    ""core_scaffold"": ""aliphatic chain with a bromine atom""
  ,
  ""physicochemical_profile"": 
    ""size"": ""medium"",
    ""lipophilicity"": ""highly lipophilic"",
    ""polarity"": ""low"",
    ""hydrogen_bonding"": ""no hydrogen bond donors or acceptors"",
    ""flexibility"": ""flexible"",
    ""charge_state"": ""mostly neutral""
  ,
  ""structural_features"": 
    ""rings_and_aromaticity"": ""no rings or aromaticity"",
    ""key_functional_groups"": ""bromine"",
    ""substitution_pattern"": ""linear"",
    ""stereochemistry"": ""not obvious""
  ,
  ""general_medicinal_chemistry_notes"": ""This molecule is relatively large and highly lipophilic, which may impact its solubility and permeability. The lack of hydrogen bond donors or acceptors suggests it may not interact strongly with biological targets. The bromine atom could potentially introduce a metabolic soft spot.""
"
380,"
  ""basic_identity"": 
    ""core_scaffold"": ""linear alkane with bromine substitution""
  ,
  ""physicochemical_profile"": 
    ""size"": ""medium"",
    ""lipophilicity"": ""highly lipophilic"",
    ""polarity"": ""low"",
    ""hydrogen_bonding"": ""no hydrogen bond donors or acceptors"",
    ""flexibility"": ""flexible"",
    ""charge_state"": ""mostly neutral""
  ,
  ""structural_features"": 
    ""rings_and_aromaticity"": ""no rings or aromaticity"",
    ""key_functional_groups"": ""bromine"",
    ""substitution_pattern"": ""terminal substitution"",
    ""stereochemistry"": ""not obvious""
  ,
  ""general_medicinal_chemistry_notes"": ""This molecule is highly lipophilic, which may make it difficult to achieve sufficient solubility for oral administration. The lack of hydrogen bond donors or acceptors suggests poor water solubility and potential for poor metabolic stability. The bromine substitution may introduce a soft spot for metabolic attack.""
"
381,"
  ""basic_identity"": 
    ""core_scaffold"": ""Biphenyl with a substituted carboxylate ester""
  ,
  ""physicochemical_profile"": 
    ""size"": ""Medium"",
    ""lipophilicity"": ""Highly lipophilic"",
    ""polarity"": ""Moderately polar"",
    ""hydrogen_bonding"": ""No hydrogen bond donors, two hydrogen bond acceptors"",
    ""flexibility"": ""Rigid"",
    ""charge_state"": ""Mostly neutral""
  ,
  ""structural_features"": 
    ""rings_and_aromaticity"": ""Two aromatic rings (biphenyl), no conjugation"",
    ""key_functional_groups"": ""Carboxylate ester, chloro"",
    ""substitution_pattern"": ""One substituent on each aromatic ring"",
    ""stereochemistry"": ""Not obvious""
  ,
  ""general_medicinal_chemistry_notes"": ""This molecule has a relatively large size and high lipophilicity, which may impact its solubility and permeability. The presence of a carboxylate ester and chloro substituents could affect its chemical stability and metabolic properties. The lack of hydrogen bond donors might limit its potential for hydrogen bonding interactions with biological targets.""
"
382,"
  ""basic_identity"": 
    ""core_scaffold"": ""Aliphatic compound with an amide and an ether linkage""
  ,
  ""physicochemical_profile"": 
    ""size"": ""Medium"",
    ""lipophilicity"": ""Moderately lipophilic"",
    ""polarity"": ""Polar"",
    ""hydrogen_bonding"": ""No hydrogen bond donors or acceptors"",
    ""flexibility"": ""Flexible"",
    ""charge_state"": ""Mostly neutral""
  ,
  ""structural_features"": 
    ""rings_and_aromaticity"": ""No rings or aromaticity"",
    ""key_functional_groups"": ""Amide, Ether"",
    ""substitution_pattern"": ""Two substituents on the amide nitrogen"",
    ""stereochemistry"": ""Not obvious""
  ,
  ""general_medicinal_chemistry_notes"": ""This compound has a moderate balance between lipophilicity and polarity, with a polar ether group and a moderately lipophilic amide. The lack of hydrogen bond donors or acceptors may limit its interactions with biological targets. The presence of four rotatable bonds suggests flexibility, which can be beneficial for fitting into target sites. The absence of aromatic rings or other common drug-like features suggests this compound may not be optimized for oral drug-like properties.""
"
383,"
  ""basic_identity"": 
    ""core_scaffold"": ""aliphatic chain with chlorine substitution""
  ,
  ""physicochemical_profile"": 
    ""size"": ""small"",
    ""lipophilicity"": ""moderately lipophilic"",
    ""polarity"": ""low"",
    ""hydrogen_bonding"": ""no hydrogen bond donors or acceptors"",
    ""flexibility"": ""flexible"",
    ""charge_state"": ""mostly neutral""
  ,
  ""structural_features"": 
    ""rings_and_aromaticity"": ""no rings or aromaticity"",
    ""key_functional_groups"": ""chlorine"",
    ""substitution_pattern"": ""single substitution at the end of the chain"",
    ""stereochemistry"": ""not obvious""
  ,
  ""general_medicinal_chemistry_notes"": ""This molecule has a moderate lipophilicity, which may aid in cell permeation, but its low polarity and lack of hydrogen bond donors or acceptors could limit its solubility and biological activity. The presence of a halogen may increase its reactivity and potential for metabolic instability.""
"
384,"
  ""basic_identity"": 
    ""core_scaffold"": ""Aliphatic chain with a single benzene ring""
  ,
  ""physicochemical_profile"": 
    ""size"": ""Medium"",
    ""lipophilicity"": ""Highly lipophilic"",
    ""polarity"": ""Not polar"",
    ""hydrogen_bonding"": ""No hydrogen bond donors or acceptors"",
    ""flexibility"": ""Flexible"",
    ""charge_state"": ""Mostly neutral""
  ,
  ""structural_features"": 
    ""rings_and_aromaticity"": ""Contains a single aromatic benzene ring"",
    ""key_functional_groups"": ""No functional groups are visible"",
    ""substitution_pattern"": ""Two aliphatic chains are attached to the benzene ring"",
    ""stereochemistry"": ""Not obvious""
  ,
  ""general_medicinal_chemistry_notes"": ""The high lipophilicity may improve membrane permeability, but could also lead to poor solubility.The lack of polar functional groups may limit its aqueous solubility and potential for hydrogen bonding interactions.The absence of hydrogen bond donors or acceptors suggests limited ability to form stable interactions with biological targets.The medium size and flexible structure could potentially allow for a range of conformations, which may impact binding affinity.""
"
385,"
  ""basic_identity"": 
    ""core_scaffold"": ""Aliphatic amide with a halogenated aromatic ring""
  ,
  ""physicochemical_profile"": 
    ""size"": ""Medium"",
    ""lipophilicity"": ""Moderately lipophilic due to the aromatic ring and halogen substituent"",
    ""polarity"": ""Polar due to the amide and ether functional groups, and high TPSA"",
    ""hydrogen_bonding"": ""One potential hydrogen bond donor (amide NH) and four potential hydrogen bond acceptors (amide carbonyl, ether oxygen, and halogen)"",
    ""flexibility"": ""Moderately flexible with three rotatable bonds"",
    ""charge_state"": ""Unclear from the given information""
  ,
  ""structural_features"": 
    ""rings_and_aromaticity"": ""One aromatic ring (benzene) with a halogen substituent"",
    ""key_functional_groups"": ""Amide, ether, halogen"",
    ""substitution_pattern"": ""Halogen substituent is ortho to the amide"",
    ""stereochemistry"": ""Not obvious from the given information""
  ,
  ""general_medicinal_chemistry_notes"": ""This compound has a balance between lipophilicity and polarity, which is a common feature of many drugs. The presence of an aromatic ring and halogen may contribute to its potential chemical stability. The high TPSA and multiple hydrogen bond donors/acceptors suggest it may interact with biological targets through hydrogen bonding. The medium size and moderate flexibility are generally compatible with oral drug-likeness, but further analysis is needed to confirm this.""
"
386,"
  ""basic_identity"": 
    ""core_scaffold"": ""Benzene ring with two fluorinated phenyl groups attached via ether linkages""
  ,
  ""physicochemical_profile"": 
    ""size"": ""medium"",
    ""lipophilicity"": ""highly lipophilic"",
    ""polarity"": ""low"",
    ""hydrogen_bonding"": ""no hydrogen bond donors or acceptors"",
    ""flexibility"": ""rigid"",
    ""charge_state"": ""mostly neutral""
  ,
  ""structural_features"": 
    ""rings_and_aromaticity"": ""One aromatic benzene ring"",
    ""key_functional_groups"": ""Two fluorinated phenyl groups"",
    ""substitution_pattern"": ""Two fluorinated phenyl groups are attached to the benzene ring via ether linkages"",
    ""stereochemistry"": ""Not obvious""
  ,
  ""general_medicinal_chemistry_notes"": ""This compound is relatively large for a typical small-molecule drug.The high lipophilicity and low polarity may suggest a potential for poor solubility.The lack of hydrogen bond donors or acceptors could impact its ability to interact with biological targets.""
"
387,"
  ""basic_identity"": 
    ""core_scaffold"": ""Aliphatic amine with two aromatic rings""
  ,
  ""physicochemical_profile"": 
    ""size"": ""Medium"",
    ""lipophilicity"": ""Highly lipophilic"",
    ""polarity"": ""Moderately polar"",
    ""hydrogen_bonding"": ""No hydrogen bond donors or acceptors"",
    ""flexibility"": ""Fairly flexible"",
    ""charge_state"": ""Mostly neutral""
  ,
  ""structural_features"": 
    ""rings_and_aromaticity"": ""Two aromatic rings (benzene rings) with no conjugation"",
    ""key_functional_groups"": ""Amine"",
    ""substitution_pattern"": ""Two alkyl chains attached to the aromatic rings"",
    ""stereochemistry"": ""Not obvious""
  ,
  ""general_medicinal_chemistry_notes"": ""This molecule has a balance between lipophilicity and polarity, but its high lipophilicity may pose challenges for drug-like properties. The amine functional group could potentially be a soft spot for metabolic stability. The lack of hydrogen bond donors or acceptors might limit its interaction with biological targets.""
"
388,"
  ""basic_identity"": 
    ""core_scaffold"": ""Aliphatic amine with two aromatic rings""
  ,
  ""physicochemical_profile"": 
    ""size"": ""Medium"",
    ""lipophilicity"": ""Moderately lipophilic"",
    ""polarity"": ""Moderately polar"",
    ""hydrogen_bonding"": ""One hydrogen bond donor and acceptor"",
    ""flexibility"": ""Rigid"",
    ""charge_state"": ""Mostly neutral""
  ,
  ""structural_features"": 
    ""rings_and_aromaticity"": ""Two aromatic rings (benzene rings) with no conjugation"",
    ""key_functional_groups"": ""Amide"",
    ""substitution_pattern"": ""Two substituents on the aromatic rings"",
    ""stereochemistry"": ""Not obvious""
  ,
  ""general_medicinal_chemistry_notes"": ""This compound has a moderate balance between lipophilicity and polarity, with a tertiary amide as a key functional group. The lack of rotatable bonds suggests a rigid structure, which may affect its ability to bind to targets. The presence of aromatic rings could potentially lead to enhanced stability, but the compound's size and polarity might make it challenging for oral absorption.""
"
389,"
  ""basic_identity"": 
    ""core_scaffold"": ""Aliphatic carboxylic acid ester""
  ,
  ""physicochemical_profile"": 
    ""size"": ""Medium"",
    ""lipophilicity"": ""Moderate"",
    ""polarity"": ""High"",
    ""hydrogen_bonding"": ""No hydrogen bond donors or acceptors"",
    ""flexibility"": ""Flexible"",
    ""charge_state"": ""Mostly neutral""
  ,
  ""structural_features"": 
    ""rings_and_aromaticity"": ""No rings or aromaticity"",
    ""key_functional_groups"": ""Carboxylic acid ester"",
    ""substitution_pattern"": ""Two ester groups attached to the central carbon"",
    ""stereochemistry"": ""Not obvious""
  ,
  ""general_medicinal_chemistry_notes"": ""This molecule has a moderate lipophilicity and high polarity, which may make it challenging to balance with other properties for drug-like behavior. The absence of hydrogen bond donors or acceptors could limit its interactions with biological targets. The carboxylic acid ester functional group is common in many natural and synthetic compounds, but its stability and reactivity may vary depending on the specific compound.""
"
390,"
  ""basic_identity"": 
    ""core_scaffold"": ""Aliphatic carboxylic acid""
  ,
  ""physicochemical_profile"": 
    ""size"": ""small"",
    ""lipophilicity"": ""moderately lipophilic"",
    ""polarity"": ""polar"",
    ""hydrogen_bonding"": ""no hydrogen bond donors or acceptors"",
    ""flexibility"": ""flexible"",
    ""charge_state"": ""neutral""
  ,
  ""structural_features"": 
    ""rings_and_aromaticity"": ""No rings or aromaticity"",
    ""key_functional_groups"": ""Carboxylic acid"",
    ""substitution_pattern"": ""Single substituent on the carboxylic acid"",
    ""stereochemistry"": ""Not obvious""
  ,
  ""general_medicinal_chemistry_notes"": ""This molecule is relatively small and polar, which may make it suitable for certain biological targets. However, the lack of hydrogen bond donors or acceptors could limit its interactions with biomolecules. The moderate lipophilicity suggests that it may have some membrane permeability, but the exact properties would depend on the specific compound.""
"
391,"
  ""basic_identity"": 
    ""core_scaffold"": ""Aliphatic amine""
  ,
  ""physicochemical_profile"": 
    ""size"": ""small"",
    ""lipophilicity"": ""moderate"",
    ""polarity"": ""polar"",
    ""hydrogen_bonding"": ""contains one hydrogen bond donor"",
    ""flexibility"": ""rigid"",
    ""charge_state"": ""mostly neutral""
  ,
  ""structural_features"": 
    ""rings_and_aromaticity"": ""contains one aromatic ring (cyclohexane), no conjugation"",
    ""key_functional_groups"": ""amide"",
    ""substitution_pattern"": ""monosubstituted at the amide nitrogen"",
    ""stereochemistry"": ""not obvious""
  ,
  ""general_medicinal_chemistry_notes"": ""This molecule is relatively small and polar, with a moderate lipophilicity. It contains an amide functional group, which can participate in hydrogen bonding. The molecule is rigid, with no rotatable bonds. The aromatic ring may contribute to its lipophilicity and potential for π-π stacking interactions. The lack of hydrogen bond acceptors may limit its ability to form stable complexes with biological targets.""
"
392,"
  ""basic_identity"": 
    ""core_scaffold"": ""Benzene ring with substituted amide""
  ,
  ""physicochemical_profile"": 
    ""size"": ""Medium"",
    ""lipophilicity"": ""High"",
    ""polarity"": ""Moderate"",
    ""hydrogen_bonding"": ""Two hydrogen bond donors and acceptors"",
    ""flexibility"": ""Fairly flexible"",
    ""charge_state"": ""Mostly neutral""
  ,
  ""structural_features"": 
    ""rings_and_aromaticity"": ""Two aromatic rings (benzene rings) with no conjugation"",
    ""key_functional_groups"": ""Amide, ester, and fluorine"",
    ""substitution_pattern"": ""Fluorine and ester group are attached to the aromatic rings"",
    ""stereochemistry"": ""Not obvious""
  ,
  ""general_medicinal_chemistry_notes"": ""This compound exhibits a balance between lipophilicity and polarity, with a high XLogP and moderate TPSA.The presence of fluorine may enhance lipophilicity and metabolic stability.The ester group could potentially be a soft spot for metabolism.The compound's size and polarity suggest it may not be an ideal candidate for oral drug-like properties.""
"
393,"
  ""basic_identity"": 
    ""core_scaffold"": ""Aliphatic chain with two cyclohexane rings""
  ,
  ""physicochemical_profile"": 
    ""size"": ""Medium"",
    ""lipophilicity"": ""Highly lipophilic"",
    ""polarity"": ""Not polar"",
    ""hydrogen_bonding"": ""No hydrogen bond donors or acceptors"",
    ""flexibility"": ""Rigid"",
    ""charge_state"": ""Mostly neutral""
  ,
  ""structural_features"": 
    ""rings_and_aromaticity"": ""Two cyclohexane rings, no aromaticity"",
    ""key_functional_groups"": ""None"",
    ""substitution_pattern"": ""Two cyclohexane rings are substituted at the 1-position by a methyl group"",
    ""stereochemistry"": ""Not obvious""
  ,
  ""general_medicinal_chemistry_notes"": ""This molecule has a relatively large size and high lipophilicity, which may impact its solubility and permeability. The lack of polar functional groups and hydrogen bond donors/acceptors suggests it may be challenging to interact with biological targets. The rigid structure could limit its ability to conform to target binding sites.""
"
394,"
  ""basic_identity"": 
    ""core_scaffold"": ""Aliphatic chain with a single ether linkage""
  ,
  ""physicochemical_profile"": 
    ""size"": ""Small"",
    ""lipophilicity"": ""Moderate"",
    ""polarity"": ""Moderate"",
    ""hydrogen_bonding"": ""One hydrogen bond donor and acceptor"",
    ""flexibility"": ""Rigid"",
    ""charge_state"": ""Mostly neutral""
  ,
  ""structural_features"": 
    ""rings_and_aromaticity"": ""No rings or aromaticity"",
    ""key_functional_groups"": ""Ether"",
    ""substitution_pattern"": ""Single ether substituent at the end of the aliphatic chain"",
    ""stereochemistry"": ""Not obvious""
  ,
  ""general_medicinal_chemistry_notes"": ""This molecule has a moderate balance between lipophilicity and polarity, which is a common feature for many drugs. The ether linkage may provide some metabolic stability, but it could also make the molecule more polar than ideal for oral drug-likeness. The lack of rotatable bonds suggests a rigid structure, which may limit its ability to bind to complex targets.""
"
395,"
  ""basic_identity"": 
    ""core_scaffold"": ""Aliphatic amine with two aromatic rings""
  ,
  ""physicochemical_profile"": 
    ""size"": ""Medium"",
    ""lipophilicity"": ""Highly lipophilic"",
    ""polarity"": ""Moderately polar"",
    ""hydrogen_bonding"": ""No hydrogen bond donors or acceptors"",
    ""flexibility"": ""Flexible"",
    ""charge_state"": ""Mostly neutral""
  ,
  ""structural_features"": 
    ""rings_and_aromaticity"": ""Two aromatic rings (one benzene and one naphthalene), connected to an aliphatic chain"",
    ""key_functional_groups"": ""Amide"",
    ""substitution_pattern"": ""Substituents are attached to the aromatic rings"",
    ""stereochemistry"": ""Not obvious""
  ,
  ""general_medicinal_chemistry_notes"": ""This molecule has a balance between lipophilicity and polarity, but its size and flexibility may pose challenges for drug-like properties. The amide functional group suggests potential hydrogen bonding interactions, but the lack of hydrogen bond donors or acceptors could limit its biological activity. The aromatic rings may contribute to chemical stability, but the naphthalene ring could potentially be a metabolic soft spot.""
"
396,"
  ""basic_identity"": 
    ""core_scaffold"": ""Aliphatic amine with a fluorinated alkyl chain attached to a cyclic ether""
  ,
  ""physicochemical_profile"": 
    ""size"": ""Medium"",
    ""lipophilicity"": ""Moderately lipophilic"",
    ""polarity"": ""Moderately polar"",
    ""hydrogen_bonding"": ""Contains one hydrogen bond donor and one acceptor"",
    ""flexibility"": ""Rigid"",
    ""charge_state"": ""Mostly neutral""
  ,
  ""structural_features"": 
    ""rings_and_aromaticity"": ""Contains one aromatic ring (cyclohexane), no conjugation"",
    ""key_functional_groups"": ""Ether, amine, fluorinated alkyl chain"",
    ""substitution_pattern"": ""Fluorinated alkyl chain is attached to the ether oxygen"",
    ""stereochemistry"": ""Not obvious""
  ,
  ""general_medicinal_chemistry_notes"": ""This molecule has a moderate balance between lipophilicity and polarity, which is common for many drug-like molecules. The ether and amine functional groups may affect its chemical stability and metabolic properties. The lack of rotatable bonds suggests a rigid structure, which could impact its ability to bind to targets. The size and polarity of this molecule are within the range of typical small-molecule drugs.""
"
397,"
  ""basic_identity"": 
    ""core_scaffold"": ""Aliphatic amide with a halogen substituent""
  ,
  ""physicochemical_profile"": 
    ""size"": ""Medium"",
    ""lipophilicity"": ""Highly lipophilic"",
    ""polarity"": ""Moderately polar"",
    ""hydrogen_bonding"": ""One hydrogen bond donor and acceptor"",
    ""flexibility"": ""Rigid"",
    ""charge_state"": ""Mostly neutral""
  ,
  ""structural_features"": 
    ""rings_and_aromaticity"": ""One aromatic ring (benzene)"",
    ""key_functional_groups"": ""Amide, halogen"",
    ""substitution_pattern"": ""Single halogen substituent on the amide nitrogen"",
    ""stereochemistry"": ""Not obvious""
  ,
  ""general_medicinal_chemistry_notes"": ""The molecule has a balance between lipophilicity and polarity, which is a common feature of many drugs.The presence of a halogen may affect its chemical stability and reactivity.The amide group suggests potential hydrogen bonding interactions with biological targets.The molecule's size and polarity might make it less suitable for oral administration, although this is a rough comment on drug-likeness.""
"
398,"
  ""basic_identity"": 
    ""core_scaffold"": ""Aliphatic amine""
  ,
  ""physicochemical_profile"": 
    ""size"": ""small"",
    ""lipophilicity"": ""moderately lipophilic"",
    ""polarity"": ""low"",
    ""hydrogen_bonding"": ""no donor or acceptor groups"",
    ""flexibility"": ""rigid"",
    ""charge_state"": ""mostly neutral""
  ,
  ""structural_features"": 
    ""rings_and_aromaticity"": ""contains one aromatic ring (benzene)"",
    ""key_functional_groups"": ""aliphatic amine"",
    ""substitution_pattern"": ""substituents are attached to the benzene ring"",
    ""stereochemistry"": ""not obvious""
  ,
  ""general_medicinal_chemistry_notes"": ""This compound is relatively small and moderately lipophilic, which may suggest good membrane permeability. However, its lack of polar functional groups and hydrogen bonding donors/acceptors could limit its solubility and biological activity. The aliphatic amine functional group is common in many drugs, but its absence of polar groups may make this compound less suitable as a drug candidate.""
"
399,"
  ""basic_identity"": 
    ""core_scaffold"": ""Aliphatic chain with a benzene ring attached""
  ,
  ""physicochemical_profile"": 
    ""size"": ""Medium"",
    ""lipophilicity"": ""Moderately lipophilic"",
    ""polarity"": ""Not polar"",
    ""hydrogen_bonding"": ""No hydrogen bond donors or acceptors"",
    ""flexibility"": ""Flexible"",
    ""charge_state"": ""Mostly neutral""
  ,
  ""structural_features"": 
    ""rings_and_aromaticity"": ""Contains one aromatic benzene ring"",
    ""key_functional_groups"": ""No key functional groups"",
    ""substitution_pattern"": ""Two aliphatic chains substituted at the 1-position of the benzene ring"",
    ""stereochemistry"": ""Not obvious""
  ,
  ""general_medicinal_chemistry_notes"": ""This molecule has a moderate lipophilicity, but its lack of polar functional groups and hydrogen bonding capacity may limit its solubility and biological activity. The aliphatic chain and benzene ring suggest a potential for lipid-like interactions, but the absence of key functional groups typically found in drug-like molecules raises questions about its pharmacological properties.""
"
400,"
  ""basic_identity"": 
    ""core_scaffold"": ""Aliphatic ester with a single amide bond""
  ,
  ""physicochemical_profile"": 
    ""size"": ""Medium"",
    ""lipophilicity"": ""Moderately lipophilic"",
    ""polarity"": ""Moderately polar"",
    ""hydrogen_bonding"": ""No hydrogen bond donors or acceptors"",
    ""flexibility"": ""Fairly flexible"",
    ""charge_state"": ""Mostly neutral""
  ,
  ""structural_features"": 
    ""rings_and_aromaticity"": ""No rings or aromaticity"",
    ""key_functional_groups"": ""ester, amide"",
    ""substitution_pattern"": ""A single ester and amide group are attached to a central carbon atom"",
    ""stereochemistry"": ""Not obvious""
  ,
  ""general_medicinal_chemistry_notes"": ""The molecule has a balance between lipophilicity and polarity, which is a common feature of many drugs.The ester and amide functional groups may be prone to hydrolysis, potentially affecting chemical stability.The size and polarity of this molecule may make it less suitable for oral administration, although this is a rough prediction.""
"
401,"
  ""basic_identity"": 
    ""core_scaffold"": ""Biphenyl with a central alkane chain and a terminal ether""
  ,
  ""physicochemical_profile"": 
    ""size"": ""Medium"",
    ""lipophilicity"": ""High"",
    ""polarity"": ""Low"",
    ""hydrogen_bonding"": ""No hydrogen bond donors or acceptors"",
    ""flexibility"": ""Flexible"",
    ""charge_state"": ""Mostly neutral""
  ,
  ""structural_features"": 
    ""rings_and_aromaticity"": ""Two aromatic rings (biphenyl) with no conjugation"",
    ""key_functional_groups"": ""Ether"",
    ""substitution_pattern"": ""Central alkane chain is substituted at both ends"",
    ""stereochemistry"": ""Not obvious""
  ,
  ""general_medicinal_chemistry_notes"": ""This molecule has a relatively high lipophilicity, which may improve its ability to cross cell membranes. However, its low polarity and lack of hydrogen bond donors or acceptors could potentially limit its interactions with biological targets. The presence of an ether functional group may affect its metabolic stability. The biphenyl scaffold is a common feature in many pharmaceuticals, but the specific properties of this molecule would need to be further evaluated for potential drug-like behavior.""
"
402,"
  ""basic_identity"": 
    ""core_scaffold"": ""Aliphatic amide""
  ,
  ""physicochemical_profile"": 
    ""size"": ""Medium"",
    ""lipophilicity"": ""Moderately lipophilic"",
    ""polarity"": ""Polar"",
    ""hydrogen_bonding"": ""Contains one hydrogen bond donor and acceptor"",
    ""flexibility"": ""Rigid"",
    ""charge_state"": ""Mostly neutral""
  ,
  ""structural_features"": 
    ""rings_and_aromaticity"": ""Contains one aromatic ring (benzene)"",
    ""key_functional_groups"": ""Amide"",
    ""substitution_pattern"": ""Substituent is attached to the amide nitrogen"",
    ""stereochemistry"": ""Not obvious""
  ,
  ""general_medicinal_chemistry_notes"": ""This molecule has a moderate balance between lipophilicity and polarity, with a polar amide group and a moderately lipophilic benzene ring. The lack of rotatable bonds suggests a rigid structure, which may impact its ability to bind to targets. The presence of an aromatic ring and the polar amide group could indicate potential chemical stability, but further analysis is needed to confirm this.""
"
403,"
  ""basic_identity"": 
    ""core_scaffold"": ""Amide-linked ester with a sulfonate group attached to a cyclic ether""
  ,
  ""physicochemical_profile"": 
    ""size"": ""Medium"",
    ""lipophilicity"": ""Moderately lipophilic"",
    ""polarity"": ""Polar"",
    ""hydrogen_bonding"": ""No hydrogen bond donors or acceptors"",
    ""flexibility"": ""Flexible"",
    ""charge_state"": ""Neutral""
  ,
  ""structural_features"": 
    ""rings_and_aromaticity"": ""Contains one aromatic benzene ring"",
    ""key_functional_groups"": ""Amide, ester, sulfonate"",
    ""substitution_pattern"": ""Sulfonate group attached to the aromatic ring"",
    ""stereochemistry"": ""Not obvious""
  ,
  ""general_medicinal_chemistry_notes"": ""This compound has a moderate balance between lipophilicity and polarity, with a polar sulfonate group and a moderately lipophilic amide. The ester and amide functional groups may exhibit chemical stability, but the sulfonate group could potentially be metabolically labile. The compound's size and polar character may affect its oral drug-likeness.""
"
404,"
  ""basic_identity"": 
    ""core_scaffold"": ""Aliphatic amine with a sulfonamide moiety and a carboxylic acid ester""
  ,
  ""physicochemical_profile"": 
    ""size"": ""Medium"",
    ""lipophilicity"": ""Highly lipophilic"",
    ""polarity"": ""Polar"",
    ""hydrogen_bonding"": ""No hydrogen bond donors or acceptors"",
    ""flexibility"": ""Flexible"",
    ""charge_state"": ""Uncertain""
  ,
  ""structural_features"": 
    ""rings_and_aromaticity"": ""Contains one aromatic ring (benzene), with a substituent on the aromatic ring."",
    ""key_functional_groups"": ""Sulfonamide, carboxylic acid ester"",
    ""substitution_pattern"": ""The substituent on the aromatic ring is a carboxylic acid ester."",
    ""stereochemistry"": ""Not obvious""
  ,
  ""general_medicinal_chemistry_notes"": ""This molecule has a balance between lipophilicity and polarity, which is a common feature of many drugs. However, its high lipophilicity and polar nature may affect its solubility and permeability. The presence of the sulfonamide moiety suggests potential antibacterial activity, but the lack of hydrogen bond donors or acceptors may limit its binding affinity to biological targets. The carboxylic acid ester group may be prone to hydrolysis under physiological conditions, which could impact its stability and pharmacokinetics.""
"
405,"
  ""basic_identity"": 
    ""core_scaffold"": ""Aromatic amide with a fluorinated alkyl chain""
  ,
  ""physicochemical_profile"": 
    ""size"": ""Medium"",
    ""lipophilicity"": ""Highly lipophilic"",
    ""polarity"": ""Polar"",
    ""hydrogen_bonding"": ""One hydrogen bond donor and six acceptors"",
    ""flexibility"": ""Flexible"",
    ""charge_state"": ""Likely positively charged amine""
  ,
  ""structural_features"": 
    ""rings_and_aromaticity"": ""One aromatic benzene ring"",
    ""key_functional_groups"": ""Aromatic amide, fluorinated alkyl chain, and carboxylate"",
    ""substitution_pattern"": ""The amide and carboxylate are attached to the benzene ring, and the fluorinated alkyl chain is attached to the amide nitrogen"",
    ""stereochemistry"": ""Not obvious""
  ,
  ""general_medicinal_chemistry_notes"": ""The high lipophilicity and polar nature of this molecule may suggest a balance between membrane permeability and solubility, which is important for oral drug-likeness.The presence of a tertiary amine and fluorinated alkyl chain may indicate potential chemical stability, but the carboxylate group could be a metabolic soft spot.The large size and high lipophilicity might make this molecule less suitable for targets requiring small, hydrophilic ligands.""
"
406,"
  ""basic_identity"": 
    ""core_scaffold"": ""carbonyl compound with a single carbon atom""
  ,
  ""physicochemical_profile"": 
    ""size"": ""small"",
    ""lipophilicity"": ""moderately lipophilic"",
    ""polarity"": ""low"",
    ""hydrogen_bonding"": ""no hydrogen bond donor or acceptor"",
    ""flexibility"": ""rigid"",
    ""charge_state"": ""uncharged""
  ,
  ""structural_features"": 
    ""rings_and_aromaticity"": ""no rings or aromaticity"",
    ""key_functional_groups"": ""carbonyl"",
    ""substitution_pattern"": ""no substituents"",
    ""stereochemistry"": ""not obvious""
  ,
  ""general_medicinal_chemistry_notes"": ""This compound is small and moderately lipophilic, which may make it suitable for some biological targets. However, its lack of hydrogen bond donors or acceptors and rigid structure could limit its versatility. The carbonyl group may be prone to hydrolysis, which could affect its stability in vivo.""
"
407,"
  ""basic_identity"": 
    ""core_scaffold"": ""Benzene ring with substituted amide""
  ,
  ""physicochemical_profile"": 
    ""size"": ""Medium"",
    ""lipophilicity"": ""Highly lipophilic"",
    ""polarity"": ""Moderately polar"",
    ""hydrogen_bonding"": ""Contains one hydrogen bond donor and two acceptors"",
    ""flexibility"": ""Flexible"",
    ""charge_state"": ""Mostly neutral""
  ,
  ""structural_features"": 
    ""rings_and_aromaticity"": ""Contains two aromatic rings (one benzene and one fused benzene-pyridine ring)"",
    ""key_functional_groups"": ""Amide and ester"",
    ""substitution_pattern"": ""Two substituents are attached to the aromatic rings"",
    ""stereochemistry"": ""Not obvious""
  ,
  ""general_medicinal_chemistry_notes"": ""This molecule exhibits a balance between lipophilicity and polarity, with a high XLogP value and moderate TPSA. The presence of aromatic rings and multiple functional groups may affect its chemical stability and metabolic behavior. The ester and amide functional groups suggest potential hydrolysis sites. The size and polarity may make it challenging for oral absorption, but further analysis is needed to confirm this.""
"
408,"
  ""basic_identity"": 
    ""core_scaffold"": ""Aliphatic ether""
  ,
  ""physicochemical_profile"": 
    ""size"": ""small"",
    ""lipophilicity"": ""moderately lipophilic"",
    ""polarity"": ""polar"",
    ""hydrogen_bonding"": ""one hydrogen bond donor and acceptor"",
    ""flexibility"": ""rigid"",
    ""charge_state"": ""neutral""
  ,
  ""structural_features"": 
    ""rings_and_aromaticity"": ""No rings or aromaticity"",
    ""key_functional_groups"": ""Ether"",
    ""substitution_pattern"": ""One ether substituent"",
    ""stereochemistry"": ""Not obvious""
  ,
  ""general_medicinal_chemistry_notes"": ""This molecule is relatively small and polar, with moderate lipophilicity. The ether functional group is common in pharmaceuticals, but its position and the lack of other functional groups limit its potential as a drug candidate. The rigid structure may affect its ability to bind to targets.""
"
409,"
  ""basic_identity"": 
    ""core_scaffold"": ""Aliphatic chain with a carboxylic acid ester and an ether linkage""
  ,
  ""physicochemical_profile"": 
    ""size"": ""Medium"",
    ""lipophilicity"": ""Moderately lipophilic"",
    ""polarity"": ""Moderately polar"",
    ""hydrogen_bonding"": ""No hydrogen bond donors or acceptors"",
    ""flexibility"": ""Flexible"",
    ""charge_state"": ""Neutral""
  ,
  ""structural_features"": 
    ""rings_and_aromaticity"": ""No rings or aromaticity"",
    ""key_functional_groups"": ""ester, ether"",
    ""substitution_pattern"": ""The ester and ether groups are attached to the same carbon atom"",
    ""stereochemistry"": ""Not obvious""
  ,
  ""general_medicinal_chemistry_notes"": ""This molecule has a moderate balance between lipophilicity and polarity, which is common for many drug-like compounds. However, the ester group may be prone to hydrolysis in aqueous solutions. The lack of hydrogen bond donors or acceptors could limit its interactions with biological targets.""
"
410,"
  ""basic_identity"": 
    ""core_scaffold"": ""Aliphatic chain with a ketone and two ethyl groups""
  ,
  ""physicochemical_profile"": 
    ""size"": ""small"",
    ""lipophilicity"": ""moderate"",
    ""polarity"": ""low"",
    ""hydrogen_bonding"": ""none"",
    ""flexibility"": ""moderate"",
    ""charge_state"": ""mostly neutral""
  ,
  ""structural_features"": 
    ""rings_and_aromaticity"": ""No rings or aromaticity"",
    ""key_functional_groups"": ""Ketone"",
    ""substitution_pattern"": ""Two ethyl groups are attached to the ketone"",
    ""stereochemistry"": ""Not obvious""
  ,
  ""general_medicinal_chemistry_notes"": ""This molecule has a moderate balance between lipophilicity and polarity, but it lacks hydrogen bond donors or acceptors, which may limit its potential interactions with biological targets. The ketone functional group can be prone to oxidation, which could impact its stability. The moderate flexibility suggests that it may be able to adopt multiple conformations, potentially increasing its binding affinity to various targets.""
"
411,"
  ""basic_identity"": 
    ""core_scaffold"": ""Biphenyl with amide and fluorine substituents""
  ,
  ""physicochemical_profile"": 
    ""size"": ""Medium"",
    ""lipophilicity"": ""Highly lipophilic"",
    ""polarity"": ""Moderately polar"",
    ""hydrogen_bonding"": ""One hydrogen bond donor and acceptor"",
    ""flexibility"": ""Fairly flexible"",
    ""charge_state"": ""Mostly neutral""
  ,
  ""structural_features"": 
    ""rings_and_aromaticity"": ""Two aromatic rings (biphenyl) with no conjugation"",
    ""key_functional_groups"": ""Amide, ester (implicit), and fluorine"",
    ""substitution_pattern"": ""Fluorine substituents are ortho to each other on one ring"",
    ""stereochemistry"": ""Not obvious""
  ,
  ""general_medicinal_chemistry_notes"": ""This molecule has a balance between lipophilicity and polarity, with a high XLogP and moderate TPSA. The presence of fluorine may improve metabolic stability, but the biphenyl scaffold could potentially lead to issues with chemical stability. The amide functional group suggests a potential for biological activity, but the high lipophilicity and large size may limit oral drug-likeness.""
"
412,"
  ""basic_identity"": 
    ""core_scaffold"": ""Aliphatic amine with a substituted amide""
  ,
  ""physicochemical_profile"": 
    ""size"": ""Medium"",
    ""lipophilicity"": ""Moderately lipophilic"",
    ""polarity"": ""Polar"",
    ""hydrogen_bonding"": ""No hydrogen bond donors, 7 hydrogen bond acceptors"",
    ""flexibility"": ""Flexible"",
    ""charge_state"": ""Uncertain""
  ,
  ""structural_features"": 
    ""rings_and_aromaticity"": ""Contains one aromatic ring (benzene), no conjugated systems"",
    ""key_functional_groups"": ""Amide, sulfonic acid, tertiary amine"",
    ""substitution_pattern"": ""Substituents are attached to the benzene ring and the amide"",
    ""stereochemistry"": ""Not obvious""
  ,
  ""general_medicinal_chemistry_notes"": ""This molecule has a balance between lipophilicity and polarity, with a moderate lipophilicity and a polar TPSA. It contains a tertiary amine and a sulfonic acid group, which may influence its chemical stability and potential for ionic interactions. The presence of a polar TPSA and a large number of hydrogen bond acceptors suggests that this molecule may be polar and interact well with biological targets. However, the lack of hydrogen bond donors could limit its ability to form hydrogen bonds. The medium size and flexibility of this molecule may make it suitable for oral administration, but further evaluation is needed to confirm its drug-like properties.""
"
413,"
  ""basic_identity"": 
    ""core_scaffold"": ""Aliphatic chain with chlorine substituents""
  ,
  ""physicochemical_profile"": 
    ""size"": ""small"",
    ""lipophilicity"": ""moderately lipophilic"",
    ""polarity"": ""low"",
    ""hydrogen_bonding"": ""no hydrogen bond donors or acceptors"",
    ""flexibility"": ""rigid"",
    ""charge_state"": ""uncharged""
  ,
  ""structural_features"": 
    ""rings_and_aromaticity"": ""No rings or aromaticity"",
    ""key_functional_groups"": ""Chlorine substituents"",
    ""substitution_pattern"": ""Terminal substituents"",
    ""stereochemistry"": ""Not obvious""
  ,
  ""general_medicinal_chemistry_notes"": ""This molecule is relatively small and moderately lipophilic, but its low polarity and lack of hydrogen bond donors or acceptors may limit its potential as a drug candidate. The presence of chlorine substituents could affect its chemical stability and metabolic properties.""
"
414,"
  ""basic_identity"": 
    ""core_scaffold"": ""Aliphatic amide with a benzene ring""
  ,
  ""physicochemical_profile"": 
    ""size"": ""Medium"",
    ""lipophilicity"": ""Moderately lipophilic"",
    ""polarity"": ""Moderately polar"",
    ""hydrogen_bonding"": ""No hydrogen bond donors or acceptors"",
    ""flexibility"": ""Fairly flexible"",
    ""charge_state"": ""Mostly neutral""
  ,
  ""structural_features"": 
    ""rings_and_aromaticity"": ""Contains one aromatic benzene ring"",
    ""key_functional_groups"": ""Amide"",
    ""substitution_pattern"": ""Substituents are attached to the benzene ring"",
    ""stereochemistry"": ""Not obvious""
  ,
  ""general_medicinal_chemistry_notes"": ""This molecule has a moderate balance between lipophilicity and polarity, with a moderately polar TPSA and a moderately lipophilic XLogP. The lack of hydrogen bond donors or acceptors may limit its interactions with biological targets. The amide functional group is a common component in many drugs, but the benzene ring may introduce some metabolic instability. The medium size and flexibility suggest that this molecule could be orally bioavailable, but further investigation would be needed to confirm this.""
"
415,"
  ""basic_identity"": 
    ""core_scaffold"": ""Aliphatic chain with a carboxylic acid ester""
  ,
  ""physicochemical_profile"": 
    ""size"": ""Medium"",
    ""lipophilicity"": ""Moderately lipophilic"",
    ""polarity"": ""Moderately polar"",
    ""hydrogen_bonding"": ""No hydrogen bond donor or acceptor"",
    ""flexibility"": ""Flexible"",
    ""charge_state"": ""Mostly neutral""
  ,
  ""structural_features"": 
    ""rings_and_aromaticity"": ""No rings or aromaticity"",
    ""key_functional_groups"": ""Carboxylic acid ester"",
    ""substitution_pattern"": ""Single ester substituent"",
    ""stereochemistry"": ""Not obvious""
  ,
  ""general_medicinal_chemistry_notes"": ""This molecule has a moderate balance between lipophilicity and polarity, which is common for many drug-like compounds. The ester group may be prone to hydrolysis in aqueous solutions, potentially affecting its stability. The absence of hydrogen bond donors or acceptors may limit its ability to interact with biological targets.""
"
416,"
  ""basic_identity"": 
    ""core_scaffold"": ""Aliphatic amide with a benzene ring""
  ,
  ""physicochemical_profile"": 
    ""size"": ""Medium"",
    ""lipophilicity"": ""Moderately lipophilic"",
    ""polarity"": ""Moderately polar"",
    ""hydrogen_bonding"": ""No hydrogen bond donors or acceptors"",
    ""flexibility"": ""Fairly flexible"",
    ""charge_state"": ""Mostly neutral""
  ,
  ""structural_features"": 
    ""rings_and_aromaticity"": ""One aromatic benzene ring"",
    ""key_functional_groups"": ""Amide"",
    ""substitution_pattern"": ""Single substituent on the benzene ring"",
    ""stereochemistry"": ""Not obvious""
  ,
  ""general_medicinal_chemistry_notes"": ""This molecule has a moderate balance between lipophilicity and polarity, with a moderately polar amide group and a moderately lipophilic benzene ring. The lack of hydrogen bond donors or acceptors may limit its interaction with biological targets. The aliphatic chain and benzene ring suggest potential metabolic soft spots, and the medium size may make it less suitable for oral drug delivery. However, these are general observations and may not apply to specific biological contexts.""
"
417,"
  ""basic_identity"": 
    ""core_scaffold"": ""Aliphatic amide with a single aromatic ring""
  ,
  ""physicochemical_profile"": 
    ""size"": ""Medium"",
    ""lipophilicity"": ""Moderately lipophilic with a XLogP of 1.80752"",
    ""polarity"": ""Moderately polar with a TPSA of 17.07"",
    ""hydrogen_bonding"": ""No hydrogen bond donors or acceptors"",
    ""flexibility"": ""Flexible with one rotatable bond"",
    ""charge_state"": ""Mostly neutral""
  ,
  ""structural_features"": 
    ""rings_and_aromaticity"": ""Contains a single aromatic ring (benzene)"",
    ""key_functional_groups"": ""Amide"",
    ""substitution_pattern"": ""The amide is directly attached to the aromatic ring"",
    ""stereochemistry"": ""Not obvious""
  ,
  ""general_medicinal_chemistry_notes"": ""This molecule has a moderate balance between lipophilicity and polarity, which is typical for many drugs. The amide functional group is common in pharmaceuticals and can participate in hydrogen bonding. The lack of hydrogen bond donors or acceptors may limit its potential interactions with biological targets. The moderate size and flexibility suggest it could be orally bioavailable, but further analysis is needed to confirm this.""
"
418,"
  ""basic_identity"": 
    ""core_scaffold"": ""Aliphatic chain with an ester and two ketone functional groups""
  ,
  ""physicochemical_profile"": 
    ""size"": ""Medium"",
    ""lipophilicity"": ""Moderately lipophilic"",
    ""polarity"": ""Moderately polar"",
    ""hydrogen_bonding"": ""No hydrogen bond donors or acceptors"",
    ""flexibility"": ""Flexible"",
    ""charge_state"": ""Mostly neutral""
  ,
  ""structural_features"": 
    ""rings_and_aromaticity"": ""No rings or aromaticity"",
    ""key_functional_groups"": ""ester, ketone"",
    ""substitution_pattern"": ""Two ketones are attached to the same carbon atom"",
    ""stereochemistry"": ""Not obvious""
  ,
  ""general_medicinal_chemistry_notes"": ""The ester group may affect metabolic stability, and the ketones could potentially be metabolized by alcohol dehydrogenases.The balance between lipophilicity and polarity is reasonable for a small molecule.The lack of hydrogen bond donors or acceptors may limit its interactions with biological targets.""
"
419,"
  ""basic_identity"": 
    ""core_scaffold"": ""Aliphatic cyanoacetic acid""
  ,
  ""physicochemical_profile"": 
    ""size"": ""small"",
    ""lipophilicity"": ""moderately hydrophilic"",
    ""polarity"": ""polar"",
    ""hydrogen_bonding"": ""contains two hydrogen bond donors and acceptors"",
    ""flexibility"": ""rigid"",
    ""charge_state"": ""mostly neutral""
  ,
  ""structural_features"": 
    ""rings_and_aromaticity"": ""No rings or aromaticity"",
    ""key_functional_groups"": ""Cyanoacetic acid"",
    ""substitution_pattern"": ""Two cyano groups are attached to the carbon atom"",
    ""stereochemistry"": ""Not obvious""
  ,
  ""general_medicinal_chemistry_notes"": ""This molecule is relatively small and polar, with two hydrogen bond donors and acceptors. The cyanoacetic acid functional group may have potential for hydrogen bonding interactions, but the overall lipophilicity is moderate, which could impact its cell permeability. The rigidity of the molecule suggests limited flexibility, which might affect its ability to bind to targets.""
"
420,"
  ""basic_identity"": 
    ""core_scaffold"": ""Aliphatic amide with a sulfonamide moiety and a halogenated alkyl chain""
  ,
  ""physicochemical_profile"": 
    ""size"": ""Medium"",
    ""lipophilicity"": ""Moderately lipophilic with a XLogP of 3.878"",
    ""polarity"": ""Polar with a TPSA of 55.84"",
    ""hydrogen_bonding"": ""No hydrogen bond donors or acceptors"",
    ""flexibility"": ""Flexible with 8 rotatable bonds"",
    ""charge_state"": ""Uncertain""
  ,
  ""structural_features"": 
    ""rings_and_aromaticity"": ""Contains one aromatic ring (benzene) and no other rings"",
    ""key_functional_groups"": ""Amide, sulfonamide, halogenated alkyl chain"",
    ""substitution_pattern"": ""The sulfonamide and halogenated alkyl chain are attached to the amide nitrogen"",
    ""stereochemistry"": ""Not obvious""
  ,
  ""general_medicinal_chemistry_notes"": ""This compound has a moderate balance between lipophilicity and polarity, but its size and flexibility may limit its permeability. The presence of a sulfonamide moiety suggests potential for ionizable groups, which could impact its pharmacokinetics. The halogenated alkyl chain may provide some metabolic stability, but it could also introduce potential toxicity concerns.""
"
421,"
  ""basic_identity"": 
    ""core_scaffold"": ""Aliphatic chain with two carboxylic acid groups""
  ,
  ""physicochemical_profile"": 
    ""size"": ""Small"",
    ""lipophilicity"": ""Likely slightly hydrophilic"",
    ""polarity"": ""Polar"",
    ""hydrogen_bonding"": ""Contains one hydrogen bond donor and two acceptors"",
    ""flexibility"": ""Flexible"",
    ""charge_state"": ""Mostly neutral""
  ,
  ""structural_features"": 
    ""rings_and_aromaticity"": ""No rings or aromaticity"",
    ""key_functional_groups"": ""Two carboxylic acid groups"",
    ""substitution_pattern"": ""Terminal substituents"",
    ""stereochemistry"": ""Not obvious""
  ,
  ""general_medicinal_chemistry_notes"": ""This molecule is polar and contains multiple carboxylic acid groups, which may indicate poor oral drug-likeness due to low lipophilicity. The presence of multiple carboxylic acid groups also suggests potential chemical instability.""
"
422,"
  ""basic_identity"": 
    ""core_scaffold"": ""Aliphatic chain with two ethyl groups and a central carbon""
  ,
  ""physicochemical_profile"": 
    ""size"": ""small"",
    ""lipophilicity"": ""moderately lipophilic"",
    ""polarity"": ""low"",
    ""hydrogen_bonding"": ""no hydrogen bond donors or acceptors"",
    ""flexibility"": ""flexible"",
    ""charge_state"": ""mostly neutral""
  ,
  ""structural_features"": 
    ""rings_and_aromaticity"": ""No rings or aromaticity"",
    ""key_functional_groups"": ""None"",
    ""substitution_pattern"": ""Two ethyl groups are attached to the central carbon"",
    ""stereochemistry"": ""Not obvious""
  ,
  ""general_medicinal_chemistry_notes"": ""This molecule is relatively small and moderately lipophilic, which may make it suitable for crossing biological membranes. However, its lack of polar functional groups and hydrogen bond donors/acceptors could limit its solubility and biological activity. The absence of aromatic rings or heteroatoms may also impact its stability and reactivity.""
"
423,"
  ""basic_identity"": 
    ""core_scaffold"": ""Aliphatic amine""
  ,
  ""physicochemical_profile"": 
    ""size"": ""small"",
    ""lipophilicity"": ""moderate"",
    ""polarity"": ""polar"",
    ""hydrogen_bonding"": ""no donor or acceptor groups"",
    ""flexibility"": ""rigid"",
    ""charge_state"": ""mostly neutral""
  ,
  ""structural_features"": 
    ""rings_and_aromaticity"": ""contains one aromatic ring (benzene)"",
    ""key_functional_groups"": ""contains an amine"",
    ""substitution_pattern"": ""substituents are attached to the aromatic ring"",
    ""stereochemistry"": ""not obvious""
  ,
  ""general_medicinal_chemistry_notes"": ""This molecule has a moderate lipophilicity and a polar character, which may balance its ability to penetrate cell membranes and interact with biological targets. The lack of hydrogen bond donors or acceptors could limit its potential for forming stable interactions with proteins. The amine functional group may be susceptible to protonation or deprotonation, depending on the pH. The small size and rigid structure suggest that this molecule could be orally bioavailable, but further analysis is needed to confirm this.""
"
424,"
  ""basic_identity"": 
    ""core_scaffold"": ""Aliphatic amine""
  ,
  ""physicochemical_profile"": 
    ""size"": ""small"",
    ""lipophilicity"": ""moderate"",
    ""polarity"": ""polar"",
    ""hydrogen_bonding"": ""no hydrogen bond donors or acceptors"",
    ""flexibility"": ""flexible"",
    ""charge_state"": ""mostly neutral""
  ,
  ""structural_features"": 
    ""rings_and_aromaticity"": ""No rings or aromaticity"",
    ""key_functional_groups"": ""None"",
    ""substitution_pattern"": ""Not clear from the given information"",
    ""stereochemistry"": ""Not obvious""
  ,
  ""general_medicinal_chemistry_notes"": ""This compound is relatively small and polar, with moderate lipophilicity. It contains two hydrogen bond acceptors and is flexible due to two rotatable bonds. The lack of hydrogen bond donors may limit its interactions with biological targets. The absence of aromatic rings or other common functional groups suggests it may not be a typical small-molecule drug.""
"
425,"
  ""basic_identity"": 
    ""core_scaffold"": ""Aliphatic chain with a tertiary amide""
  ,
  ""physicochemical_profile"": 
    ""size"": ""Medium"",
    ""lipophilicity"": ""Moderately lipophilic"",
    ""polarity"": ""Not polar"",
    ""hydrogen_bonding"": ""No hydrogen bond donors or acceptors"",
    ""flexibility"": ""Rigid"",
    ""charge_state"": ""Mostly neutral""
  ,
  ""structural_features"": 
    ""rings_and_aromaticity"": ""One aromatic ring (benzene)"",
    ""key_functional_groups"": ""Tertiary amide"",
    ""substitution_pattern"": ""Two aliphatic chains attached to the amide nitrogen"",
    ""stereochemistry"": ""Not obvious""
  ,
  ""general_medicinal_chemistry_notes"": ""This molecule has a moderate lipophilicity, which is balanced by its lack of polar features. The tertiary amide may provide some metabolic stability, but the lack of hydrogen bonding donors or acceptors could limit its interactions with biological targets. The size and rigidity of the molecule are typical for small-molecule drugs.""
"
426,"
  ""basic_identity"": 
    ""core_scaffold"": ""Fluorinated amide attached to a cyclohexane ring""
  ,
  ""physicochemical_profile"": 
    ""size"": ""Medium"",
    ""lipophilicity"": ""Likely moderately hydrophilic due to the fluorine substituent and polar amide group"",
    ""polarity"": ""Highly polar due to the amide and TPSA value"",
    ""hydrogen_bonding"": ""Contains two hydrogen bond donors and acceptors"",
    ""flexibility"": ""Rigid due to the cyclohexane ring and lack of rotatable bonds"",
    ""charge_state"": ""Unclear from the given information""
  ,
  ""structural_features"": 
    ""rings_and_aromaticity"": ""One aromatic cyclohexane ring"",
    ""key_functional_groups"": ""Amide, fluorine"",
    ""substitution_pattern"": ""Fluorine is attached to the amide nitrogen"",
    ""stereochemistry"": ""Not obvious from the given information""
  ,
  ""general_medicinal_chemistry_notes"": ""This molecule has a moderate size, high polarity, and moderate hydrogen bonding capacity. The fluorine substituent may improve metabolic stability, but the amide group could potentially be a soft spot for metabolism. The lack of rotatable bonds suggests a rigid structure, which may affect drug-like properties. The high polarity and hydrogen bonding capacity could make this molecule a good candidate for certain biological targets, but it may not be suitable for others.""
"
427,"
  ""basic_identity"": 
    ""core_scaffold"": ""aliphatic chain""
  ,
  ""physicochemical_profile"": 
    ""size"": ""small"",
    ""lipophilicity"": ""low"",
    ""polarity"": ""low"",
    ""hydrogen_bonding"": ""one hydrogen bond donor and acceptor"",
    ""flexibility"": ""rigid"",
    ""charge_state"": ""neutral""
  ,
  ""structural_features"": 
    ""rings_and_aromaticity"": ""no rings or aromaticity"",
    ""key_functional_groups"": ""none"",
    ""substitution_pattern"": ""none"",
    ""stereochemistry"": ""not obvious""
  ,
  ""general_medicinal_chemistry_notes"": ""This molecule is small and relatively non-polar, which may make it difficult to solubilize. The presence of a single hydrogen bond donor and acceptor suggests it could interact with biological targets, but the lack of other functional groups limits its potential diversity of interactions.""
"
428,"
  ""basic_identity"": 
    ""core_scaffold"": ""Biphenyl""
  ,
  ""physicochemical_profile"": 
    ""size"": ""Medium"",
    ""lipophilicity"": ""Highly lipophilic"",
    ""polarity"": ""Not polar"",
    ""hydrogen_bonding"": ""No hydrogen bond donors or acceptors"",
    ""flexibility"": ""Rigid"",
    ""charge_state"": ""Mostly neutral""
  ,
  ""structural_features"": 
    ""rings_and_aromaticity"": ""Two aromatic rings (biphenyl) connected by a single bond"",
    ""key_functional_groups"": ""No functional groups"",
    ""substitution_pattern"": ""Two phenyl rings are substituted by a single carbon atom"",
    ""stereochemistry"": ""Not obvious""
  ,
  ""general_medicinal_chemistry_notes"": ""This molecule is relatively large and highly lipophilic, which may pose challenges for drug-like properties. The lack of polar functional groups and hydrogen bond donors/acceptors suggests poor solubility and potential for poor pharmacokinetics. The rigid structure may limit its ability to bind to complex targets.""
"
429,"
  ""basic_identity"": 
    ""core_scaffold"": ""Biphenyl with two chloro-substituted amides""
  ,
  ""physicochemical_profile"": 
    ""size"": ""Medium"",
    ""lipophilicity"": ""Highly lipophilic"",
    ""polarity"": ""Moderately polar"",
    ""hydrogen_bonding"": ""No hydrogen bond donors or acceptors"",
    ""flexibility"": ""Rigid"",
    ""charge_state"": ""Mostly neutral""
  ,
  ""structural_features"": 
    ""rings_and_aromaticity"": ""Two aromatic rings (biphenyl) with no conjugation"",
    ""key_functional_groups"": ""Two chloro-substituted amides"",
    ""substitution_pattern"": ""Ortho-substitution on both aromatic rings"",
    ""stereochemistry"": ""Not obvious""
  ,
  ""general_medicinal_chemistry_notes"": ""This compound is relatively large and highly lipophilic, which may impact its solubility and permeability. The lack of hydrogen bond donors or acceptors suggests it could be a poor binder to proteins. The presence of chlorine atoms may affect its metabolic stability.""
"
430,"
  ""basic_identity"": 
    ""core_scaffold"": ""Benzene ring with a substituted amide""
  ,
  ""physicochemical_profile"": 
    ""size"": ""medium"",
    ""lipophilicity"": ""high"",
    ""polarity"": ""moderate"",
    ""hydrogen_bonding"": ""no hydrogen bond donors or acceptors"",
    ""flexibility"": ""rigid"",
    ""charge_state"": ""mostly neutral""
  ,
  ""structural_features"": 
    ""rings_and_aromaticity"": ""one aromatic benzene ring"",
    ""key_functional_groups"": ""amide, chlorine"",
    ""substitution_pattern"": ""two chlorine atoms at ortho positions"",
    ""stereochemistry"": ""not obvious""
  ,
  ""general_medicinal_chemistry_notes"": ""This compound has a high lipophilicity and moderate polarity, which may make it challenging to balance drug-like properties. The presence of two chlorine atoms may affect its chemical stability and metabolic behavior. The lack of hydrogen bond donors or acceptors could limit its potential interactions with biological targets.""
"
431,"
  ""basic_identity"": 
    ""core_scaffold"": ""aliphatic amide""
  ,
  ""physicochemical_profile"": 
    ""size"": ""small"",
    ""lipophilicity"": ""slightly lipophilic"",
    ""polarity"": ""polar"",
    ""hydrogen_bonding"": ""no hydrogen bond donors, two hydrogen bond acceptors"",
    ""flexibility"": ""flexible"",
    ""charge_state"": ""mostly neutral""
  ,
  ""structural_features"": 
    ""rings_and_aromaticity"": ""no rings, no aromaticity"",
    ""key_functional_groups"": ""amide"",
    ""substitution_pattern"": ""one substituent on the amide nitrogen"",
    ""stereochemistry"": ""not obvious""
  ,
  ""general_medicinal_chemistry_notes"": ""This molecule has a balance between lipophilicity and polarity, which is common for many drugs. The polar amide group may enhance solubility, but it could also lead to metabolic instability. The lack of hydrogen bond donors might limit its ability to interact with biological targets, but the two acceptors could still facilitate binding. The flexibility of the molecule suggests it may be able to adapt to different binding sites.""
"
432,"
  ""basic_identity"": 
    ""core_scaffold"": ""Tetrafluorobenzoate""
  ,
  ""physicochemical_profile"": 
    ""size"": ""small"",
    ""lipophilicity"": ""high"",
    ""polarity"": ""low"",
    ""hydrogen_bonding"": ""none"",
    ""flexibility"": ""rigid"",
    ""charge_state"": ""uncharged""
  ,
  ""structural_features"": 
    ""rings_and_aromaticity"": ""One aromatic ring (benzene) with four fluorine atoms"",
    ""key_functional_groups"": ""Carboxylate"",
    ""substitution_pattern"": ""All substituents are attached to the benzene ring"",
    ""stereochemistry"": ""Not obvious""
  ,
  ""general_medicinal_chemistry_notes"": ""This compound is highly lipophilic but lacks hydrogen bond donors and acceptors, which may limit its solubility and biological activity. The presence of four fluorine atoms could potentially increase its metabolic stability. The small size and rigid structure suggest it might be suitable for targeting hydrophobic binding sites.""
"
433,"
  ""basic_identity"": 
    ""core_scaffold"": ""Aliphatic ester with a benzene ring""
  ,
  ""physicochemical_profile"": 
    ""size"": ""Medium"",
    ""lipophilicity"": ""Moderately lipophilic"",
    ""polarity"": ""Polar"",
    ""hydrogen_bonding"": ""No hydrogen bond donors or acceptors"",
    ""flexibility"": ""Flexible"",
    ""charge_state"": ""Mostly neutral""
  ,
  ""structural_features"": 
    ""rings_and_aromaticity"": ""Contains one aromatic benzene ring"",
    ""key_functional_groups"": ""Ester"",
    ""substitution_pattern"": ""Two alkyl groups and one ester group attached to the benzene ring"",
    ""stereochemistry"": ""Not obvious""
  ,
  ""general_medicinal_chemistry_notes"": ""This molecule has a moderate balance between lipophilicity and polarity, with a polar ester group and a moderately lipophilic benzene ring. The lack of hydrogen bond donors or acceptors may limit its interactions with biological targets. The aliphatic nature of the molecule suggests potential chemical stability, but the presence of an ester group could make it susceptible to hydrolysis. The size and flexibility of the molecule are typical for a small-molecule drug, but its polarity and lack of hydrogen bonding may affect its oral drug-likeness.""
"
434,"
  ""basic_identity"": 
    ""core_scaffold"": ""Aromatic amide""
  ,
  ""physicochemical_profile"": 
    ""size"": ""Medium"",
    ""lipophilicity"": ""Moderately lipophilic aromatic amide"",
    ""polarity"": ""Polar with high TPSA"",
    ""hydrogen_bonding"": ""One hydrogen bond donor and three acceptors"",
    ""flexibility"": ""One rotatable bond"",
    ""charge_state"": ""Mostly neutral""
  ,
  ""structural_features"": 
    ""rings_and_aromaticity"": ""One aromatic benzene ring"",
    ""key_functional_groups"": ""Amide"",
    ""substitution_pattern"": ""Single substituent on the amide nitrogen"",
    ""stereochemistry"": ""Not obvious""
  ,
  ""general_medicinal_chemistry_notes"": ""The molecule has a balance between lipophilicity and polarity, with a moderately lipophilic aromatic amide and a polar TPSA.The high TPSA suggests potential hydrogen bonding interactions, but the single hydrogen bond donor may limit its ability to form multiple hydrogen bonds.The presence of an aromatic ring and the amide functional group are common features in many bioactive molecules, but the high polarity and the single hydrogen bond donor may affect its oral drug-likeness.""
"
435,"
  ""basic_identity"": 
    ""core_scaffold"": ""Aliphatic chain with a central cyclohexane ring and a terminal carboxylic acid""
  ,
  ""physicochemical_profile"": 
    ""size"": ""Medium"",
    ""lipophilicity"": ""Moderately lipophilic"",
    ""polarity"": ""Moderately polar"",
    ""hydrogen_bonding"": ""One hydrogen bond donor and one acceptor"",
    ""flexibility"": ""Flexible"",
    ""charge_state"": ""Uncertain""
  ,
  ""structural_features"": 
    ""rings_and_aromaticity"": ""One cyclohexane ring, no aromaticity"",
    ""key_functional_groups"": ""Carboxylic acid"",
    ""substitution_pattern"": ""Terminal substitution"",
    ""stereochemistry"": ""Not obvious""
  ,
  ""general_medicinal_chemistry_notes"": ""This molecule has a moderate balance between lipophilicity and polarity, which is common for many drugs. The presence of a carboxylic acid group may affect its chemical stability and potential for ionization. The size and flexibility suggest it could be a candidate for oral administration, but further analysis is needed to confirm drug-like properties.""
"
436,"
  ""basic_identity"": 
    ""core_scaffold"": ""aliphatic chain with a central double bond""
  ,
  ""physicochemical_profile"": 
    ""size"": ""small"",
    ""lipophilicity"": ""moderate"",
    ""polarity"": ""low"",
    ""hydrogen_bonding"": ""none"",
    ""flexibility"": ""flexible"",
    ""charge_state"": ""neutral""
  ,
  ""structural_features"": 
    ""rings_and_aromaticity"": ""no rings or aromaticity"",
    ""key_functional_groups"": ""none"",
    ""substitution_pattern"": ""none"",
    ""stereochemistry"": ""not obvious""
  ,
  ""general_medicinal_chemistry_notes"": ""This molecule is relatively small and moderately lipophilic, which may make it suitable for membrane permeation. However, its low polarity and lack of hydrogen bond donors or acceptors could limit its interactions with biological targets. The presence of a double bond may introduce a potential site for metabolic oxidation.""
"
437,"
  ""basic_identity"": 
    ""core_scaffold"": ""tetra-chloro-methane""
  ,
  ""physicochemical_profile"": 
    ""size"": ""small"",
    ""lipophilicity"": ""high"",
    ""polarity"": ""low"",
    ""hydrogen_bonding"": ""none"",
    ""flexibility"": ""rigid"",
    ""charge_state"": ""uncharged""
  ,
  ""structural_features"": 
    ""rings_and_aromaticity"": ""none"",
    ""key_functional_groups"": ""chloro"",
    ""substitution_pattern"": ""all substituents are identical"",
    ""stereochemistry"": ""not obvious""
  ,
  ""general_medicinal_chemistry_notes"": ""This molecule is highly lipophilic, which may make it difficult to solubilize in aqueous solutions. Its lack of hydrogen bond donors or acceptors suggests it may not interact well with biological targets that rely on hydrogen bonding. The tetra-chloro substitution pattern may affect its reactivity and metabolic stability.""
"
438,"
  ""basic_identity"": 
    ""core_scaffold"": ""Aliphatic amide with a substituted benzene ring""
  ,
  ""physicochemical_profile"": 
    ""size"": ""Medium"",
    ""lipophilicity"": ""Moderately lipophilic due to the aromatic ring and amide group"",
    ""polarity"": ""Moderately polar due to the TPSA value and the presence of an ether oxygen"",
    ""hydrogen_bonding"": ""Contains one hydrogen bond donor (amide nitrogen) and one hydrogen bond acceptor (ether oxygen)"",
    ""flexibility"": ""Flexible with two rotatable bonds"",
    ""charge_state"": ""Mostly neutral""
  ,
  ""structural_features"": 
    ""rings_and_aromaticity"": ""Contains one aromatic benzene ring"",
    ""key_functional_groups"": ""Amide and ether"",
    ""substitution_pattern"": ""The benzene ring is substituted at the ortho position by the amide group"",
    ""stereochemistry"": ""Not obvious from the given SMILES""
  ,
  ""general_medicinal_chemistry_notes"": ""This molecule has a balance between lipophilicity and polarity, which is a desirable property for many drug candidates. The amide group may provide hydrogen bonding interactions with biological targets, while the ether oxygen could potentially increase metabolic stability. The medium size and moderate flexibility suggest that this molecule may be suitable for oral administration, but further evaluation is needed to confirm this.""
"
439,"
  ""basic_identity"": 
    ""core_scaffold"": ""Aliphatic amide with a benzene ring""
  ,
  ""physicochemical_profile"": 
    ""size"": ""Medium"",
    ""lipophilicity"": ""Moderately lipophilic with a XLogP of 1.78"",
    ""polarity"": ""Polar with a TPSA of 32.34"",
    ""hydrogen_bonding"": ""Contains one hydrogen bond donor and one acceptor"",
    ""flexibility"": ""Flexible with one rotatable bond"",
    ""charge_state"": ""Mostly neutral""
  ,
  ""structural_features"": 
    ""rings_and_aromaticity"": ""Contains one aromatic benzene ring"",
    ""key_functional_groups"": ""Amide"",
    ""substitution_pattern"": ""The amide is substituted by an alkyl chain"",
    ""stereochemistry"": ""Not obvious from the given SMILES""
  ,
  ""general_medicinal_chemistry_notes"": ""This molecule has a moderate balance between lipophilicity and polarity, which is common for many drug-like molecules. The amide functional group is a common feature in many drugs, and the benzene ring may provide additional binding interactions. However, the high polarity and TPSA value suggest that this molecule may have poor oral bioavailability. The exact properties would depend on the specific compound and biological context.""
"
440,"
  ""basic_identity"": 
    ""core_scaffold"": ""aliphatic chain with two carboxylic acid groups""
  ,
  ""physicochemical_profile"": 
    ""size"": ""small"",
    ""lipophilicity"": ""moderate"",
    ""polarity"": ""high"",
    ""hydrogen_bonding"": ""two acid groups as potential hydrogen bond donors"",
    ""flexibility"": ""one rotatable bond"",
    ""charge_state"": ""likely negatively charged at physiological pH""
  ,
  ""structural_features"": 
    ""rings_and_aromaticity"": ""no rings or aromaticity"",
    ""key_functional_groups"": ""two carboxylic acids"",
    ""substitution_pattern"": ""two carboxylic acids at the ends of the chain"",
    ""stereochemistry"": ""not obvious""
  ,
  ""general_medicinal_chemistry_notes"": ""The molecule is relatively small and polar, which may be beneficial for solubility and permeability.However, the presence of two carboxylic acid groups could lead to poor stability and potential ionization issues.The balance between lipophilicity and polarity might be challenging for drug-like properties.The lack of aromatic rings or heteroatoms may limit the potential for hydrogen bonding interactions.""
"
441,"
  ""basic_identity"": 
    ""core_scaffold"": ""Aliphatic chain with a chlorinated sulfonamide moiety""
  ,
  ""physicochemical_profile"": 
    ""size"": ""Medium"",
    ""lipophilicity"": ""Highly lipophilic"",
    ""polarity"": ""Polar"",
    ""hydrogen_bonding"": ""No hydrogen bond donors or acceptors"",
    ""flexibility"": ""Flexible"",
    ""charge_state"": ""Uncertain""
  ,
  ""structural_features"": 
    ""rings_and_aromaticity"": ""No rings or aromaticity"",
    ""key_functional_groups"": ""sulfonamide, ester, halogen"",
    ""substitution_pattern"": ""Two chlorine atoms are attached to the sulfur atom of the sulfonamide"",
    ""stereochemistry"": ""Not obvious""
  ,
  ""general_medicinal_chemistry_notes"": ""The molecule is relatively large for a typical small-molecule drug.The high lipophilicity and polar nature may suggest a balance between membrane permeability and solubility.The presence of a sulfonamide moiety could indicate potential for ionization at physiological pH.The chlorine atoms may introduce metabolic soft spots or affect chemical stability.""
"
442,"
  ""basic_identity"": 
    ""core_scaffold"": ""Aliphatic ester with a central amide linker""
  ,
  ""physicochemical_profile"": 
    ""size"": ""Medium"",
    ""lipophilicity"": ""Slightly lipophilic"",
    ""polarity"": ""Polar"",
    ""hydrogen_bonding"": ""No hydrogen bond donors or acceptors"",
    ""flexibility"": ""Flexible"",
    ""charge_state"": ""Mostly neutral""
  ,
  ""structural_features"": 
    ""rings_and_aromaticity"": ""No rings or aromaticity"",
    ""key_functional_groups"": ""ester, amide"",
    ""substitution_pattern"": ""Substituents are attached to the amide and ester groups"",
    ""stereochemistry"": ""Not obvious""
  ,
  ""general_medicinal_chemistry_notes"": ""The molecule has a balance between lipophilicity and polarity, which is a common feature of many drugs.The polar TPSA value suggests that this compound may interact with polar biological targets.The absence of hydrogen bond donors or acceptors could limit its ability to form stable interactions with proteins.The medium size and polar nature may affect its permeability and solubility, which are important factors for oral drug-likeness.""
"
443,"
  ""basic_identity"": 
    ""core_scaffold"": ""Aliphatic diol""
  ,
  ""physicochemical_profile"": 
    ""size"": ""small"",
    ""lipophilicity"": ""low"",
    ""polarity"": ""high"",
    ""hydrogen_bonding"": ""contains hydrogen bond acceptors"",
    ""flexibility"": ""flexible"",
    ""charge_state"": ""uncharged""
  ,
  ""structural_features"": 
    ""rings_and_aromaticity"": ""No rings or aromaticity"",
    ""key_functional_groups"": ""Diol"",
    ""substitution_pattern"": ""Not obvious"",
    ""stereochemistry"": ""Not obvious""
  ,
  ""general_medicinal_chemistry_notes"": ""This molecule is highly polar and flexible, which may affect its solubility and pharmacokinetics. The diol functional group could potentially be a soft spot for metabolism.""
"
444,"
  ""basic_identity"": 
    ""core_scaffold"": ""Aliphatic chain""
  ,
  ""physicochemical_profile"": 
    ""size"": ""small"",
    ""lipophilicity"": ""moderate"",
    ""polarity"": ""low"",
    ""hydrogen_bonding"": ""none"",
    ""flexibility"": ""moderate"",
    ""charge_state"": ""mostly neutral""
  ,
  ""structural_features"": 
    ""rings_and_aromaticity"": ""No rings or aromaticity"",
    ""key_functional_groups"": ""None"",
    ""substitution_pattern"": ""Linear"",
    ""stereochemistry"": ""Not obvious""
  ,
  ""general_medicinal_chemistry_notes"": ""This molecule is a linear alkane, which is generally inert and lacks the necessary functional groups for most biological activity. Its moderate lipophilicity and low polarity suggest it may have limited solubility in aqueous solutions.""
"
445,"
  ""basic_identity"": 
    ""core_scaffold"": ""trichloromethane""
  ,
  ""physicochemical_profile"": 
    ""size"": ""small"",
    ""lipophilicity"": ""high"",
    ""polarity"": ""low"",
    ""hydrogen_bonding"": ""none"",
    ""flexibility"": ""rigid"",
    ""charge_state"": ""uncharged""
  ,
  ""structural_features"": 
    ""rings_and_aromaticity"": ""none"",
    ""key_functional_groups"": ""halogen"",
    ""substitution_pattern"": ""trichloromethane"",
    ""stereochemistry"": ""not obvious""
  ,
  ""general_medicinal_chemistry_notes"": ""This molecule is highly lipophilic, which may be beneficial for membrane permeation but could also lead to poor solubility.The trichloromethane core is relatively small, which could limit its ability to interact with multiple targets.The lack of hydrogen bond donors or acceptors suggests that this molecule may not be very polar or polarizable.The presence of three halogens on the same carbon atom may affect the chemical stability of this molecule.""
"
446,"
  ""basic_identity"": 
    ""core_scaffold"": ""tetrafluorotetraiodoethane""
  ,
  ""physicochemical_profile"": 
    ""size"": ""large"",
    ""lipophilicity"": ""highly lipophilic"",
    ""polarity"": ""not polar"",
    ""hydrogen_bonding"": ""no hydrogen bond donors or acceptors"",
    ""flexibility"": ""rigid"",
    ""charge_state"": ""uncertain""
  ,
  ""structural_features"": 
    ""rings_and_aromaticity"": ""no rings, no aromaticity"",
    ""key_functional_groups"": ""fluorine, iodine"",
    ""substitution_pattern"": ""all substituents are attached to the same carbon"",
    ""stereochemistry"": ""not obvious""
  ,
  ""general_medicinal_chemistry_notes"": ""This molecule is highly lipophilic, which may affect its solubility and permeability.The presence of multiple halogens suggests potential chemical stability, but may also indicate a risk of halogen bonding interactions.The lack of hydrogen bond donors or acceptors may limit its ability to interact with biological targets.The large size and high lipophilicity may make this molecule less suitable as a typical small-molecule drug.""
"
447,"
  ""basic_identity"": 
    ""core_scaffold"": ""Benzene ring with substituted amide""
  ,
  ""physicochemical_profile"": 
    ""size"": ""medium"",
    ""lipophilicity"": ""slightly lipophilic"",
    ""polarity"": ""polar"",
    ""hydrogen_bonding"": ""contains two hydrogen bond donors and acceptors"",
    ""flexibility"": ""rigid"",
    ""charge_state"": ""mostly neutral""
  ,
  ""structural_features"": 
    ""rings_and_aromaticity"": ""contains one aromatic benzene ring"",
    ""key_functional_groups"": ""amide, fluorine atoms"",
    ""substitution_pattern"": ""fluorine atoms are attached to the aromatic ring"",
    ""stereochemistry"": ""not obvious""
  ,
  ""general_medicinal_chemistry_notes"": ""This compound has a moderate size, a polar character, and a balance between lipophilicity and polarity. The presence of fluorine atoms may enhance the compound's metabolic stability. The amide group suggests potential hydrogen bonding interactions, but the high polarity and polar surface area (TPSA) may limit its oral drug-like properties.""
"
448,"
  ""basic_identity"": 
    ""core_scaffold"": ""Aliphatic amine""
  ,
  ""physicochemical_profile"": 
    ""size"": ""Medium"",
    ""lipophilicity"": ""High"",
    ""polarity"": ""Moderate"",
    ""hydrogen_bonding"": ""One hydrogen bond donor and acceptor"",
    ""flexibility"": ""Rigid"",
    ""charge_state"": ""Mostly neutral""
  ,
  ""structural_features"": 
    ""rings_and_aromaticity"": ""One aromatic ring (benzene)"",
    ""key_functional_groups"": ""Amide"",
    ""substitution_pattern"": ""Substituent is directly attached to the amide nitrogen"",
    ""stereochemistry"": ""Not obvious""
  ,
  ""general_medicinal_chemistry_notes"": ""This molecule has a balance between lipophilicity and polarity, with a high XLogP and moderate TPSA. The amide functional group suggests potential hydrogen bonding interactions, but the lack of rotatable bonds indicates a rigid structure. The aromatic ring may contribute to chemical stability, but the amide nitrogen could be a metabolic soft spot. The size is moderate for a small-molecule drug, but the high lipophilicity might pose challenges for drug-likeness.""
"
449,"
  ""basic_identity"": 
    ""core_scaffold"": ""Aliphatic chain with a carboxylic acid and an ether""
  ,
  ""physicochemical_profile"": 
    ""size"": ""Medium"",
    ""lipophilicity"": ""Moderately lipophilic"",
    ""polarity"": ""Moderately polar"",
    ""hydrogen_bonding"": ""No hydrogen bond donors or acceptors"",
    ""flexibility"": ""Flexible"",
    ""charge_state"": ""Mostly neutral""
  ,
  ""structural_features"": 
    ""rings_and_aromaticity"": ""No rings or aromaticity"",
    ""key_functional_groups"": ""Carboxylic acid, Ether"",
    ""substitution_pattern"": ""Two substituents attached to the chain"",
    ""stereochemistry"": ""Not obvious""
  ,
  ""general_medicinal_chemistry_notes"": ""The molecule has a moderate balance between lipophilicity and polarity, which is a common feature of many drugs.The carboxylic acid group may be prone to hydrolysis under certain conditions, which could affect its stability.The ether group may confer some metabolic stability, but further investigation is needed.The molecule's size and polar character might make it less suitable for oral drug delivery, although this is a rough assessment.""
"
450,"
  ""basic_identity"": 
    ""core_scaffold"": ""Biphenyl with a substituted amide""
  ,
  ""physicochemical_profile"": 
    ""size"": ""Medium"",
    ""lipophilicity"": ""Moderately lipophilic"",
    ""polarity"": ""Moderately polar"",
    ""hydrogen_bonding"": ""No hydrogen bond donors or acceptors"",
    ""flexibility"": ""Rigid"",
    ""charge_state"": ""Mostly neutral""
  ,
  ""structural_features"": 
    ""rings_and_aromaticity"": ""Two aromatic rings (biphenyl) with no conjugation"",
    ""key_functional_groups"": ""Amide"",
    ""substitution_pattern"": ""Two substituents on the biphenyl rings"",
    ""stereochemistry"": ""Not obvious""
  ,
  ""general_medicinal_chemistry_notes"": ""This molecule has a moderate balance between lipophilicity and polarity, with a moderately polar TPSA value and a moderately lipophilic XLogP. The lack of hydrogen bond donors or acceptors may limit its interactions with biological targets. The biphenyl scaffold is a common feature in many pharmaceuticals, but the amide group may be prone to hydrolysis in vivo. The medium size and moderate lipophilicity suggest it could be orally bioavailable, but further investigation is needed to confirm this.""
"
451,"
  ""basic_identity"": 
    ""core_scaffold"": ""aliphatic chain with a single carbon-carbon double bond""
  ,
  ""physicochemical_profile"": 
    ""size"": ""small"",
    ""lipophilicity"": ""moderately lipophilic"",
    ""polarity"": ""low"",
    ""hydrogen_bonding"": ""one hydrogen bond donor and acceptor"",
    ""flexibility"": ""rigid"",
    ""charge_state"": ""mostly neutral""
  ,
  ""structural_features"": 
    ""rings_and_aromaticity"": ""no rings or aromaticity"",
    ""key_functional_groups"": ""double bond"",
    ""substitution_pattern"": ""single substituent"",
    ""stereochemistry"": ""not obvious""
  ,
  ""general_medicinal_chemistry_notes"": ""This molecule has a moderate lipophilicity and low polarity, which may make it challenging to balance with other properties for drug-like behavior. The double bond could potentially introduce reactivity or metabolic instability. The small size and lack of hydrogen bond donors or acceptors might limit its ability to interact with biological targets.""
"
452,"
  ""basic_identity"": 
    ""core_scaffold"": ""Aliphatic chain with two double bonds""
  ,
  ""physicochemical_profile"": 
    ""size"": ""Medium"",
    ""lipophilicity"": ""Moderately lipophilic"",
    ""polarity"": ""Not polar"",
    ""hydrogen_bonding"": ""No hydrogen bond donors or acceptors"",
    ""flexibility"": ""Flexible"",
    ""charge_state"": ""Unclear""
  ,
  ""structural_features"": 
    ""rings_and_aromaticity"": ""No rings or aromaticity"",
    ""key_functional_groups"": ""None"",
    ""substitution_pattern"": ""Two substituents at the ends of the chain"",
    ""stereochemistry"": ""Not obvious""
  ,
  ""general_medicinal_chemistry_notes"": ""This molecule has a moderate lipophilicity and is flexible, but it lacks hydrogen bond donors and has no obvious polar groups. The absence of hydrogen bond donors may limit its ability to interact with biological targets. The double bonds may introduce potential sites of chemical reactivity.""
"
453,"
  ""basic_identity"": 
    ""core_scaffold"": ""aliphatic chain with one amide group""
  ,
  ""physicochemical_profile"": 
    ""size"": ""small"",
    ""lipophilicity"": ""moderately lipophilic"",
    ""polarity"": ""low"",
    ""hydrogen_bonding"": ""no hydrogen bond donors or acceptors"",
    ""flexibility"": ""rigid"",
    ""charge_state"": ""mostly neutral""
  ,
  ""structural_features"": 
    ""rings_and_aromaticity"": ""contains one aromatic ring (benzene)"",
    ""key_functional_groups"": ""amide"",
    ""substitution_pattern"": ""single amide group attached to the benzene ring"",
    ""stereochemistry"": ""not obvious""
  ,
  ""general_medicinal_chemistry_notes"": ""This molecule is relatively small and has a moderate lipophilicity, which may aid in cell permeation. However, its low polarity and lack of hydrogen bond donors or acceptors could limit its potential for biological interactions. The presence of an aromatic ring may contribute to its stability, but the absence of rotatable bonds suggests limited conformational flexibility.""
"
454,"
  ""basic_identity"": 
    ""core_scaffold"": ""Biphenyl""
  ,
  ""physicochemical_profile"": 
    ""size"": ""Medium"",
    ""lipophilicity"": ""Highly lipophilic"",
    ""polarity"": ""Not polar"",
    ""hydrogen_bonding"": ""No hydrogen bond donors or acceptors"",
    ""flexibility"": ""Flexible"",
    ""charge_state"": ""Uncertain""
  ,
  ""structural_features"": 
    ""rings_and_aromaticity"": ""Two aromatic rings (biphenyl) connected by a single bond"",
    ""key_functional_groups"": ""None"",
    ""substitution_pattern"": ""Two methyl groups attached to the biphenyl"",
    ""stereochemistry"": ""Not obvious""
  ,
  ""general_medicinal_chemistry_notes"": ""This molecule has a high lipophilicity, which may be beneficial for membrane permeability but could also lead to poor solubility. The lack of hydrogen bond donors or acceptors suggests it may not interact well with biological targets through hydrogen bonding. The absence of polar functional groups could make it more metabolically stable but may also limit its ability to be ionized and distributed in the body.""
"
455,"
  ""basic_identity"": 
    ""core_scaffold"": ""Aliphatic carboxylic acid""
  ,
  ""physicochemical_profile"": 
    ""size"": ""small"",
    ""lipophilicity"": ""moderate"",
    ""polarity"": ""polar"",
    ""hydrogen_bonding"": ""no donor or acceptor groups"",
    ""flexibility"": ""flexible"",
    ""charge_state"": ""mostly neutral""
  ,
  ""structural_features"": 
    ""rings_and_aromaticity"": ""No rings or aromaticity"",
    ""key_functional_groups"": ""Carboxylic acid"",
    ""substitution_pattern"": ""Single substituent at the end of the chain"",
    ""stereochemistry"": ""Not obvious""
  ,
  ""general_medicinal_chemistry_notes"": ""This molecule has a moderate balance between lipophilicity and polarity, which is common for many drugs. However, its polar nature may affect its solubility and permeability. The carboxylic acid group is prone to hydrolysis, which could impact its stability in vivo. The absence of hydrogen bond donors or acceptors might limit its potential interactions with biological targets.""
"
456,"
  ""basic_identity"": 
    ""core_scaffold"": ""Biphenyl with four chlorine atoms""
  ,
  ""physicochemical_profile"": 
    ""size"": ""medium"",
    ""lipophilicity"": ""highly lipophilic"",
    ""polarity"": ""low"",
    ""hydrogen_bonding"": ""no hydrogen bond donors or acceptors"",
    ""flexibility"": ""flexible"",
    ""charge_state"": ""uncertain""
  ,
  ""structural_features"": 
    ""rings_and_aromaticity"": ""Two aromatic rings (biphenyl) with no conjugation"",
    ""key_functional_groups"": ""Four chlorine atoms"",
    ""substitution_pattern"": ""All substituents are ortho to each other"",
    ""stereochemistry"": ""Not obvious""
  ,
  ""general_medicinal_chemistry_notes"": ""This compound is highly lipophilic, which may affect its solubility and permeability. The lack of hydrogen bond donors or acceptors suggests it may not interact well with biological targets that rely on hydrogen bonding. The biphenyl scaffold is a common feature in many drugs, but the high lipophilicity and lack of polar functional groups could make this compound challenging to develop as a drug.""
"
457,"
  ""basic_identity"": 
    ""core_scaffold"": ""Aliphatic amine with a benzene ring and a fluorinated amide""
  ,
  ""physicochemical_profile"": 
    ""size"": ""Medium"",
    ""lipophilicity"": ""Highly lipophilic"",
    ""polarity"": ""Polar"",
    ""hydrogen_bonding"": ""No hydrogen bond donors or acceptors"",
    ""flexibility"": ""Flexible"",
    ""charge_state"": ""Mostly neutral""
  ,
  ""structural_features"": 
    ""rings_and_aromaticity"": ""Contains one aromatic benzene ring"",
    ""key_functional_groups"": ""Fluorinated amide, amine"",
    ""substitution_pattern"": ""Substituents are attached to the benzene ring and the amide"",
    ""stereochemistry"": ""Not obvious""
  ,
  ""general_medicinal_chemistry_notes"": ""This compound has a balance between lipophilicity and polarity, with a high XLogP value and a relatively polar TPSA. The presence of fluorine atoms may improve metabolic stability, but the lack of hydrogen bond donors or acceptors could limit its biological activity. The compound's size and flexibility suggest it may be suitable for oral administration, but further analysis is needed to confirm this.""
"
458,"
  ""basic_identity"": 
    ""core_scaffold"": ""aliphatic carboxylic acid""
  ,
  ""physicochemical_profile"": 
    ""size"": ""small"",
    ""lipophilicity"": ""moderately lipophilic"",
    ""polarity"": ""polar"",
    ""hydrogen_bonding"": ""one hydrogen bond donor and acceptor"",
    ""flexibility"": ""flexible"",
    ""charge_state"": ""mostly neutral""
  ,
  ""structural_features"": 
    ""rings_and_aromaticity"": ""no rings or aromaticity"",
    ""key_functional_groups"": ""carboxylic acid"",
    ""substitution_pattern"": ""none"",
    ""stereochemistry"": ""not obvious""
  ,
  ""general_medicinal_chemistry_notes"": ""This molecule is small and polar, which may make it suitable for certain biological targets. However, its lack of lipophilicity could limit its ability to penetrate cell membranes. The presence of a carboxylic acid group may make it prone to hydrolysis, which could affect its stability in vivo.""
"
459,"
  ""basic_identity"": 
    ""core_scaffold"": ""aliphatic ketone""
  ,
  ""physicochemical_profile"": 
    ""size"": ""small"",
    ""lipophilicity"": ""moderately lipophilic"",
    ""polarity"": ""polar"",
    ""hydrogen_bonding"": ""no hydrogen bond donors or acceptors"",
    ""flexibility"": ""rigid"",
    ""charge_state"": ""uncharged""
  ,
  ""structural_features"": 
    ""rings_and_aromaticity"": ""no rings or aromaticity"",
    ""key_functional_groups"": ""ketone"",
    ""substitution_pattern"": ""none"",
    ""stereochemistry"": ""not obvious""
  ,
  ""general_medicinal_chemistry_notes"": ""This molecule is quite polar and may have limited oral drug-like properties due to its high polarity. The lack of hydrogen bond donors or acceptors could limit its interactions with biological targets.""
"
460,"
  ""basic_identity"": 
    ""core_scaffold"": ""Aliphatic amine""
  ,
  ""physicochemical_profile"": 
    ""size"": ""Medium"",
    ""lipophilicity"": ""Moderately lipophilic"",
    ""polarity"": ""Highly polar"",
    ""hydrogen_bonding"": ""Contains one hydrogen bond donor and three acceptors"",
    ""flexibility"": ""Flexible"",
    ""charge_state"": ""Mostly neutral""
  ,
  ""structural_features"": 
    ""rings_and_aromaticity"": ""Contains one aromatic ring (benzene)"",
    ""key_functional_groups"": ""Amide"",
    ""substitution_pattern"": ""Substituent is attached to the nitrogen atom of the amide"",
    ""stereochemistry"": ""Not obvious""
  ,
  ""general_medicinal_chemistry_notes"": ""This molecule has a balance between lipophilicity and polarity, with a moderately lipophilic character due to the aliphatic chain and amide moiety. The high polarity may be attributed to the amide group and the significant polar surface area (TPSA). The presence of one hydrogen bond donor and three acceptors suggests potential hydrogen bonding interactions. The flexibility of the molecule, as indicated by one rotatable bond, may allow for conformational adaptation. The aromatic ring may contribute to chemical stability, but the amide group could be a potential soft spot for metabolism. The size of the molecule is within the range of typical small-molecule drugs.""
"
461,"
  ""basic_identity"": 
    ""core_scaffold"": ""Aliphatic chain with a terminal ketone""
  ,
  ""physicochemical_profile"": 
    ""size"": ""Small"",
    ""lipophilicity"": ""Moderately lipophilic"",
    ""polarity"": ""Low"",
    ""hydrogen_bonding"": ""No hydrogen bond donors or acceptors"",
    ""flexibility"": ""Flexible"",
    ""charge_state"": ""Mostly neutral""
  ,
  ""structural_features"": 
    ""rings_and_aromaticity"": ""No rings or aromaticity"",
    ""key_functional_groups"": ""Terminal ketone"",
    ""substitution_pattern"": ""Terminal group"",
    ""stereochemistry"": ""Not obvious""
  ,
  ""general_medicinal_chemistry_notes"": ""This molecule is relatively small and moderately lipophilic, which could make it a potential drug candidate. However, the lack of hydrogen bond donors or acceptors may limit its interactions with biological targets. The terminal ketone functional group can be reactive and may be prone to metabolism. The flexibility of the molecule could affect its pharmacokinetic properties.""
"
462,"
  ""basic_identity"": 
    ""core_scaffold"": ""Aliphatic amine with a substituted benzene ring""
  ,
  ""physicochemical_profile"": 
    ""size"": ""Medium"",
    ""lipophilicity"": ""Moderately lipophilic with a XLogP of 1.277"",
    ""polarity"": ""Polar with a TPSA of 35.25"",
    ""hydrogen_bonding"": ""Contains one hydrogen bond donor and two acceptors"",
    ""flexibility"": ""Flexible with one rotatable bond"",
    ""charge_state"": ""Mostly neutral""
  ,
  ""structural_features"": 
    ""rings_and_aromaticity"": ""Contains one aromatic benzene ring"",
    ""key_functional_groups"": ""Amide"",
    ""substitution_pattern"": ""Substituent is attached to the benzene ring"",
    ""stereochemistry"": ""Not obvious""
  ,
  ""general_medicinal_chemistry_notes"": ""This molecule has a balance between lipophilicity and polarity, with a polar amide group and a moderately lipophilic benzene ring. The presence of an amide group suggests potential hydrogen bonding interactions, which could be beneficial for drug-like properties. However, the high polarity and TPSA value may limit its oral bioavailability. The exact chemical stability and metabolic soft spots cannot be determined from the given information.""
"
463,"
  ""basic_identity"": 
    ""core_scaffold"": ""Aliphatic amine""
  ,
  ""physicochemical_profile"": 
    ""size"": ""small"",
    ""lipophilicity"": ""moderate"",
    ""polarity"": ""moderate"",
    ""hydrogen_bonding"": ""one hydrogen bond donor and acceptor"",
    ""flexibility"": ""rigid"",
    ""charge_state"": ""mostly neutral""
  ,
  ""structural_features"": 
    ""rings_and_aromaticity"": ""one aromatic ring (benzene)"",
    ""key_functional_groups"": ""amide"",
    ""substitution_pattern"": ""single substituent on the amide nitrogen"",
    ""stereochemistry"": ""not obvious""
  ,
  ""general_medicinal_chemistry_notes"": ""This compound has a moderate balance between lipophilicity and polarity, with a moderate size. The presence of an amide functional group suggests potential hydrogen bonding interactions. The lack of rotatable bonds indicates a rigid structure, which may affect its ability to bind to targets. The aromatic ring and amide group could potentially introduce metabolic soft spots, requiring careful consideration during drug design.""
"
464,"
  ""basic_identity"": 
    ""core_scaffold"": ""aliphatic chain with nitrogen atom""
  ,
  ""physicochemical_profile"": 
    ""size"": ""small"",
    ""lipophilicity"": ""moderately lipophilic"",
    ""polarity"": ""polar"",
    ""hydrogen_bonding"": ""no hydrogen bond donors or acceptors"",
    ""flexibility"": ""rigid"",
    ""charge_state"": ""mostly neutral""
  ,
  ""structural_features"": 
    ""rings_and_aromaticity"": ""no rings or aromaticity"",
    ""key_functional_groups"": ""none"",
    ""substitution_pattern"": ""single substituent at the end of the chain"",
    ""stereochemistry"": ""not obvious""
  ,
  ""general_medicinal_chemistry_notes"": ""This molecule is relatively small and polar, with a moderate degree of lipophilicity. It has no hydrogen bond donors or acceptors, which may limit its interactions with biological targets. The lack of rotatable bonds suggests that it is rigid, which could affect its ability to fit into binding sites. The presence of a nitrogen atom could potentially provide a site for metabolic modification.""
"
465,"
  ""basic_identity"": 
    ""core_scaffold"": ""Biphenyl with amide substitution""
  ,
  ""physicochemical_profile"": 
    ""size"": ""Medium"",
    ""lipophilicity"": ""Moderately lipophilic"",
    ""polarity"": ""Moderately polar"",
    ""hydrogen_bonding"": ""One hydrogen bond donor and acceptor"",
    ""flexibility"": ""Rigid"",
    ""charge_state"": ""Mostly neutral""
  ,
  ""structural_features"": 
    ""rings_and_aromaticity"": ""Two aromatic rings (biphenyl) with no conjugation"",
    ""key_functional_groups"": ""Amide"",
    ""substitution_pattern"": ""Substituent on one aromatic ring"",
    ""stereochemistry"": ""Not obvious""
  ,
  ""general_medicinal_chemistry_notes"": ""This molecule has a moderate balance between lipophilicity and polarity, with a moderate number of hydrogen bonding sites. The biphenyl scaffold is a common feature in many pharmaceuticals, but the amide group may present a potential soft spot for metabolic degradation. The rigidity of the molecule may limit its ability to bind to flexible protein pockets.""
"
466,"
  ""basic_identity"": 
    ""core_scaffold"": ""Aliphatic chain with a carboxylic acid ester and an ether linkage""
  ,
  ""physicochemical_profile"": 
    ""size"": ""Medium"",
    ""lipophilicity"": ""Moderately lipophilic"",
    ""polarity"": ""Moderately polar"",
    ""hydrogen_bonding"": ""No hydrogen bond donors or acceptors"",
    ""flexibility"": ""Flexible"",
    ""charge_state"": ""Uncertain""
  ,
  ""structural_features"": 
    ""rings_and_aromaticity"": ""No rings or aromaticity"",
    ""key_functional_groups"": ""ester, ether"",
    ""substitution_pattern"": ""Two substituents attached to the same carbon"",
    ""stereochemistry"": ""Not obvious""
  ,
  ""general_medicinal_chemistry_notes"": ""This molecule has a moderate balance between lipophilicity and polarity, but its lack of hydrogen bond donors or acceptors may limit its potential interactions with biological targets. The ester and ether functional groups suggest some metabolic stability, but the absence of aromatic rings or other common drug-like moieties raises questions about its suitability as a drug candidate.""
"
467,"
  ""basic_identity"": 
    ""core_scaffold"": ""Aliphatic amine with a carbonyl-containing side chain""
  ,
  ""physicochemical_profile"": 
    ""size"": ""Medium"",
    ""lipophilicity"": ""Moderately lipophilic"",
    ""polarity"": ""Polar"",
    ""hydrogen_bonding"": ""One hydrogen bond donor and four acceptors"",
    ""flexibility"": ""Flexible"",
    ""charge_state"": ""Mostly neutral""
  ,
  ""structural_features"": 
    ""rings_and_aromaticity"": ""No aromatic rings"",
    ""key_functional_groups"": ""Amide, ester, and sulfonamide"",
    ""substitution_pattern"": ""Substituents are attached to the amide and sulfonamide groups"",
    ""stereochemistry"": ""Not obvious""
  ,
  ""general_medicinal_chemistry_notes"": ""This molecule has a balance between lipophilicity and polarity, with a moderately lipophilic character due to the aliphatic chain and the aromatic-like XLogP value. The polar TPSA value suggests that it may interact with polar biological targets. The presence of an amide and an ester functional group indicates potential hydrogen bonding interactions, while the sulfonamide group may confer some stability. The flexibility of the molecule could allow for conformational adaptation to bind to various targets. However, the large size and polar character may limit its oral drug-like properties.""
"
468,"
  ""basic_identity"": 
    ""core_scaffold"": ""Aliphatic amide""
  ,
  ""physicochemical_profile"": 
    ""size"": ""small"",
    ""lipophilicity"": ""moderately lipophilic"",
    ""polarity"": ""polar"",
    ""hydrogen_bonding"": ""one hydrogen bond donor and acceptor"",
    ""flexibility"": ""rigid"",
    ""charge_state"": ""mostly neutral""
  ,
  ""structural_features"": 
    ""rings_and_aromaticity"": ""contains one aromatic benzene ring"",
    ""key_functional_groups"": ""amide"",
    ""substitution_pattern"": ""substituent is directly attached to the amide nitrogen"",
    ""stereochemistry"": ""not obvious""
  ,
  ""general_medicinal_chemistry_notes"": ""This molecule has a balance between lipophilicity and polarity, with a polar amide group and moderate lipophilicity. The polar nature and the presence of a single rotatable bond suggest that it may be flexible in solution. The aromatic ring and amide group may contribute to its potential for hydrogen bonding interactions. The lack of rotatable bonds and the small size suggest that it may be relatively small for a typical small-molecule drug.""
"
469,"
  ""basic_identity"": 
    ""core_scaffold"": ""Aliphatic ketone""
  ,
  ""physicochemical_profile"": 
    ""size"": ""small"",
    ""lipophilicity"": ""moderately lipophilic"",
    ""polarity"": ""polar"",
    ""hydrogen_bonding"": ""no hydrogen bond donors or acceptors"",
    ""flexibility"": ""flexible"",
    ""charge_state"": ""uncharged""
  ,
  ""structural_features"": 
    ""rings_and_aromaticity"": ""no rings or aromaticity"",
    ""key_functional_groups"": ""ketone"",
    ""substitution_pattern"": ""none"",
    ""stereochemistry"": ""not obvious""
  ,
  ""general_medicinal_chemistry_notes"": ""This molecule is relatively small and polar, which may make it suitable for certain biological targets.However, its lack of hydrogen bond donors or acceptors could limit its interactions with biomolecules.The ketone functional group is susceptible to nucleophilic attack, which could impact its stability in vivo.""
"
470,"
  ""basic_identity"": 
    ""core_scaffold"": ""Aliphatic amine""
  ,
  ""physicochemical_profile"": 
    ""size"": ""small"",
    ""lipophilicity"": ""slightly hydrophilic"",
    ""polarity"": ""polar"",
    ""hydrogen_bonding"": ""contains one hydrogen bond donor and one acceptor"",
    ""flexibility"": ""flexible"",
    ""charge_state"": ""mostly neutral""
  ,
  ""structural_features"": 
    ""rings_and_aromaticity"": ""No rings or aromaticity"",
    ""key_functional_groups"": ""Amide"",
    ""substitution_pattern"": ""Single substituent on the amide nitrogen"",
    ""stereochemistry"": ""Not obvious""
  ,
  ""general_medicinal_chemistry_notes"": ""This compound is relatively small and polar, with a polar amide functional group. The hydrophilic nature may limit its permeability across biological membranes, potentially impacting its drug-like properties. The presence of an amide group suggests the compound may be susceptible to hydrolysis, which could affect its stability in vivo.""
"
471,"
  ""basic_identity"": 
    ""core_scaffold"": ""aliphatic chain with one bromine atom""
  ,
  ""physicochemical_profile"": 
    ""size"": ""medium"",
    ""lipophilicity"": ""moderately lipophilic"",
    ""polarity"": ""low"",
    ""hydrogen_bonding"": ""no donor or acceptor groups"",
    ""flexibility"": ""flexible"",
    ""charge_state"": ""uncertain""
  ,
  ""structural_features"": 
    ""rings_and_aromaticity"": ""no rings or aromaticity"",
    ""key_functional_groups"": ""bromine atom"",
    ""substitution_pattern"": ""single substitution"",
    ""stereochemistry"": ""not obvious""
  ,
  ""general_medicinal_chemistry_notes"": ""This molecule has a moderate lipophilicity and low polarity, which may make it challenging to balance with other properties for drug-like behavior. The bromine atom can potentially introduce reactivity, and the lack of hydrogen bond donors or acceptors may limit its interactions with biological targets. The medium size and flexibility could be beneficial for drug-like properties, but further investigation is needed to confirm.""
"
472,"
  ""basic_identity"": 
    ""core_scaffold"": ""aliphatic chain with chlorine substitution""
  ,
  ""physicochemical_profile"": 
    ""size"": ""small"",
    ""lipophilicity"": ""moderately lipophilic"",
    ""polarity"": ""low"",
    ""hydrogen_bonding"": ""no hydrogen bond donors or acceptors"",
    ""flexibility"": ""rigid"",
    ""charge_state"": ""mostly neutral""
  ,
  ""structural_features"": 
    ""rings_and_aromaticity"": ""no rings or aromaticity"",
    ""key_functional_groups"": ""chlorine"",
    ""substitution_pattern"": ""single substitution at the central carbon"",
    ""stereochemistry"": ""not obvious""
  ,
  ""general_medicinal_chemistry_notes"": ""This molecule has a moderate lipophilicity, which may aid in membrane permeation. However, its low polarity and lack of hydrogen bond donors or acceptors could limit its solubility and biological activity. The chlorine substitution may confer some reactivity, which should be considered when evaluating its potential stability and metabolic fate.""
"
473,"
  ""basic_identity"": 
    ""core_scaffold"": ""aliphatic chain with two chlorine atoms""
  ,
  ""physicochemical_profile"": 
    ""size"": ""medium"",
    ""lipophilicity"": ""high"",
    ""polarity"": ""low"",
    ""hydrogen_bonding"": ""none"",
    ""flexibility"": ""moderate"",
    ""charge_state"": ""uncharged""
  ,
  ""structural_features"": 
    ""rings_and_aromaticity"": ""none"",
    ""key_functional_groups"": ""chlorine"",
    ""substitution_pattern"": ""terminal"",
    ""stereochemistry"": ""not obvious""
  ,
  ""general_medicinal_chemistry_notes"": ""This molecule has a high lipophilicity, which may aid in membrane permeation, but its low polarity and lack of hydrogen bond donors could limit its solubility and biological activity. The presence of chlorine atoms may affect its chemical stability and metabolic clearance.""
"
474,"
  ""basic_identity"": 
    ""core_scaffold"": ""Aliphatic amine with a substituted amide""
  ,
  ""physicochemical_profile"": 
    ""size"": ""Medium"",
    ""lipophilicity"": ""Moderately lipophilic"",
    ""polarity"": ""Polar"",
    ""hydrogen_bonding"": ""One potential hydrogen bond donor and three potential acceptors"",
    ""flexibility"": ""Fairly flexible"",
    ""charge_state"": ""Mostly neutral""
  ,
  ""structural_features"": 
    ""rings_and_aromaticity"": ""One aromatic ring (benzene)"",
    ""key_functional_groups"": ""Amide, tertiary amine"",
    ""substitution_pattern"": ""Single substituent on the benzene ring"",
    ""stereochemistry"": ""Not obvious""
  ,
  ""general_medicinal_chemistry_notes"": ""This molecule exhibits a balance between lipophilicity and polarity, with a moderately lipophilic character and a polar amide group.The presence of an amide and a tertiary amine suggests potential chemical stability, but the exact stability cannot be inferred from the given information.The polar character and the size of the molecule may affect its oral drug-likeness, but it is not extremely large or polar for a typical small-molecule drug.The presence of an aromatic ring and the polar amide group may influence its interactions with biological targets.""
"
475,"
  ""basic_identity"": 
    ""core_scaffold"": ""aliphatic chloroalkane""
  ,
  ""physicochemical_profile"": 
    ""size"": ""medium"",
    ""lipophilicity"": ""relatively lipophilic"",
    ""polarity"": ""low"",
    ""hydrogen_bonding"": ""no hydrogen bond donors or acceptors"",
    ""flexibility"": ""flexible"",
    ""charge_state"": ""neutral""
  ,
  ""structural_features"": 
    ""rings_and_aromaticity"": ""no rings or aromaticity"",
    ""key_functional_groups"": ""chloroalkane"",
    ""substitution_pattern"": ""single chloro substituent at the second carbon"",
    ""stereochemistry"": ""not obvious""
  ,
  ""general_medicinal_chemistry_notes"": ""This molecule is relatively lipophilic, which may aid in drug absorption, but its low polarity and lack of hydrogen bond donors or acceptors could limit its interactions with biological targets. The presence of a halogen may improve chemical stability, but it could also potentially interfere with certain biological processes.""
"
476,"
  ""basic_identity"": 
    ""core_scaffold"": ""Aliphatic amine with a chloroalkane substituent""
  ,
  ""physicochemical_profile"": 
    ""size"": ""Medium"",
    ""lipophilicity"": ""Highly lipophilic"",
    ""polarity"": ""Moderate"",
    ""hydrogen_bonding"": ""One potential hydrogen bond donor and acceptor"",
    ""flexibility"": ""Rigid"",
    ""charge_state"": ""Mostly neutral""
  ,
  ""structural_features"": 
    ""rings_and_aromaticity"": ""One aromatic ring (benzene)"",
    ""key_functional_groups"": ""amide, chloroalkane"",
    ""substitution_pattern"": ""Single substituent on the amide nitrogen"",
    ""stereochemistry"": ""Not obvious""
  ,
  ""general_medicinal_chemistry_notes"": ""The molecule's high lipophilicity may aid in membrane permeation, but its moderate polarity and rigidity could pose challenges for drug-like properties.The presence of an amide and a chloroalkane suggests potential hydrogen bonding interactions and metabolic stability, respectively.The size of the molecule is relatively large for a typical small-molecule drug.""
"
477,"
  ""basic_identity"": 
    ""core_scaffold"": ""Benzene ring with two amides""
  ,
  ""physicochemical_profile"": 
    ""size"": ""Medium"",
    ""lipophilicity"": ""Moderately lipophilic"",
    ""polarity"": ""Polar"",
    ""hydrogen_bonding"": ""One hydrogen bond donor and three acceptors"",
    ""flexibility"": ""Rigid"",
    ""charge_state"": ""Mostly neutral""
  ,
  ""structural_features"": 
    ""rings_and_aromaticity"": ""Two aromatic rings (benzene and pyridine) connected by an aliphatic chain"",
    ""key_functional_groups"": ""Two amides and a carbonyl"",
    ""substitution_pattern"": ""The aromatic rings are substituted at ortho and para positions"",
    ""stereochemistry"": ""Not obvious""
  ,
  ""general_medicinal_chemistry_notes"": ""This compound has a moderate balance between lipophilicity and polarity, with a polar TPSA value and a moderately lipophilic XLogP. The presence of two amides suggests potential hydrogen bonding interactions, which can be beneficial for drug-like properties. However, the compound's size and rigidity may limit its ability to penetrate biological membranes. The presence of multiple carbonyl groups could indicate potential chemical instability or metabolic soft spots.""
"
478,"
  ""basic_identity"": 
    ""core_scaffold"": ""Aliphatic amine""
  ,
  ""physicochemical_profile"": 
    ""size"": ""small"",
    ""lipophilicity"": ""moderately lipophilic"",
    ""polarity"": ""polar"",
    ""hydrogen_bonding"": ""no hydrogen bond donors or acceptors"",
    ""flexibility"": ""rigid"",
    ""charge_state"": ""mostly neutral""
  ,
  ""structural_features"": 
    ""rings_and_aromaticity"": ""contains one aromatic ring (benzene)"",
    ""key_functional_groups"": ""aliphatic amine"",
    ""substitution_pattern"": ""substituent is attached to the aromatic ring"",
    ""stereochemistry"": ""not obvious""
  ,
  ""general_medicinal_chemistry_notes"": ""This molecule has a moderate balance between lipophilicity and polarity, with a polar TPSA value and a moderately lipophilic XLogP. The lack of hydrogen bond donors or acceptors may limit its interactions with biological targets. The aliphatic amine functional group is common in many drugs, but the aromatic ring may introduce potential metabolic soft spots. The small size and rigid structure suggest that this molecule could be orally bioavailable, but further investigation would be needed to confirm this.""
"
479,"
  ""basic_identity"": 
    ""core_scaffold"": ""Aliphatic amide""
  ,
  ""physicochemical_profile"": 
    ""size"": ""small"",
    ""lipophilicity"": ""moderately lipophilic"",
    ""polarity"": ""polar"",
    ""hydrogen_bonding"": ""no hydrogen bond donors or acceptors"",
    ""flexibility"": ""rigid"",
    ""charge_state"": ""mostly neutral""
  ,
  ""structural_features"": 
    ""rings_and_aromaticity"": ""contains one aromatic ring (benzene)"",
    ""key_functional_groups"": ""amide"",
    ""substitution_pattern"": ""substituent is directly attached to the amide nitrogen"",
    ""stereochemistry"": ""not obvious""
  ,
  ""general_medicinal_chemistry_notes"": ""This molecule has a moderate balance between lipophilicity and polarity, with a polar amide group and a moderately lipophilic benzene ring. The lack of hydrogen bond donors or acceptors may limit its interactions with biological targets. The rigid structure may affect its ability to penetrate cell membranes, but further analysis is needed to determine its overall drug-like properties.""
"
480,"
  ""basic_identity"": 
    ""core_scaffold"": ""Aliphatic compound with a central disulfide bond and two sulfonamide groups attached to a carbon""
  ,
  ""physicochemical_profile"": 
    ""size"": ""Medium"",
    ""lipophilicity"": ""Highly lipophilic"",
    ""polarity"": ""Moderately polar"",
    ""hydrogen_bonding"": ""No hydrogen bond donors, 5 hydrogen bond acceptors"",
    ""flexibility"": ""Flexible"",
    ""charge_state"": ""Not clear from the given information""
  ,
  ""structural_features"": 
    ""rings_and_aromaticity"": ""No rings or aromaticity"",
    ""key_functional_groups"": ""Disulfide bond, sulfonamide"",
    ""substitution_pattern"": ""Two sulfonamide groups are attached to the same carbon"",
    ""stereochemistry"": ""Not obvious""
  ,
  ""general_medicinal_chemistry_notes"": ""This compound has a high lipophilicity, which may improve its ability to cross biological membranes. However, the presence of a disulfide bond could potentially make it less stable and more prone to oxidation. The lack of hydrogen bond donors may limit its ability to form stable interactions with biological targets.""
"
481,"
  ""basic_identity"": 
    ""core_scaffold"": ""Aliphatic chain with an ester and a cycloalkane""
  ,
  ""physicochemical_profile"": 
    ""size"": ""Medium"",
    ""lipophilicity"": ""Moderately lipophilic"",
    ""polarity"": ""Moderately polar"",
    ""hydrogen_bonding"": ""No hydrogen bond donors or acceptors"",
    ""flexibility"": ""Flexible"",
    ""charge_state"": ""Mostly neutral""
  ,
  ""structural_features"": 
    ""rings_and_aromaticity"": ""Contains a cyclohexane ring"",
    ""key_functional_groups"": ""ester, aliphatic chain"",
    ""substitution_pattern"": ""Two ester groups are attached to the cyclohexane ring"",
    ""stereochemistry"": ""Not obvious""
  ,
  ""general_medicinal_chemistry_notes"": ""This molecule has a moderate balance between lipophilicity and polarity, which is a common feature of many drugs. However, the cyclohexane ring may introduce some steric hindrance. The ester groups could potentially be metabolically labile, which might affect the molecule's pharmacokinetics.""
"
482,"
  ""basic_identity"": 
    ""core_scaffold"": ""Aliphatic amide""
  ,
  ""physicochemical_profile"": 
    ""size"": ""Medium"",
    ""lipophilicity"": ""High"",
    ""polarity"": ""Moderate"",
    ""hydrogen_bonding"": ""No hydrogen bond donor or acceptor"",
    ""flexibility"": ""Flexible"",
    ""charge_state"": ""Mostly neutral""
  ,
  ""structural_features"": 
    ""rings_and_aromaticity"": ""Contains one aromatic benzene ring"",
    ""key_functional_groups"": ""Amide"",
    ""substitution_pattern"": ""Substituent is attached to the benzene ring"",
    ""stereochemistry"": ""Not obvious""
  ,
  ""general_medicinal_chemistry_notes"": ""This molecule has a moderate polarity and high lipophilicity, which may make it suitable for certain drug-like properties. However, the lack of hydrogen bond donors or acceptors could limit its interactions with biological targets. The amide functional group is a common feature in many drugs, but its position on the aromatic ring might affect its chemical stability or metabolic properties.""
"
483,"
  ""basic_identity"": 
    ""core_scaffold"": ""Aliphatic amide with a benzene ring""
  ,
  ""physicochemical_profile"": 
    ""size"": ""Medium"",
    ""lipophilicity"": ""Moderately lipophilic with a XLogP of 1.28"",
    ""polarity"": ""Moderately polar with a TPSA of 29.96"",
    ""hydrogen_bonding"": ""No hydrogen bond donors or acceptors"",
    ""flexibility"": ""Flexible with 1 rotatable bond"",
    ""charge_state"": ""Mostly neutral""
  ,
  ""structural_features"": 
    ""rings_and_aromaticity"": ""Contains a single aromatic benzene ring"",
    ""key_functional_groups"": ""Amide"",
    ""substitution_pattern"": ""The amide group is directly attached to the benzene ring"",
    ""stereochemistry"": ""Not obvious""
  ,
  ""general_medicinal_chemistry_notes"": ""This molecule has a moderate balance between lipophilicity and polarity, which is common for many drug-like molecules. However, the lack of hydrogen bond donors or acceptors may limit its interactions with biological targets. The amide group can be susceptible to hydrolysis, which could affect its stability in vivo.""
"
484,"
  ""basic_identity"": 
    ""core_scaffold"": ""Biphenyl with two chloro substituents and an ether linker""
  ,
  ""physicochemical_profile"": 
    ""size"": ""Medium"",
    ""lipophilicity"": ""Highly lipophilic"",
    ""polarity"": ""Moderately polar"",
    ""hydrogen_bonding"": ""No hydrogen bond donors or acceptors"",
    ""flexibility"": ""Rigid"",
    ""charge_state"": ""Mostly neutral""
  ,
  ""structural_features"": 
    ""rings_and_aromaticity"": ""Two aromatic rings (biphenyl) with no conjugation"",
    ""key_functional_groups"": ""Ether, chloro"",
    ""substitution_pattern"": ""Two chloro substituents are ortho to each other on each aromatic ring"",
    ""stereochemistry"": ""Not obvious""
  ,
  ""general_medicinal_chemistry_notes"": ""This compound is relatively large and highly lipophilic, which may impact its solubility and permeability. The biphenyl scaffold is a common feature in many pharmaceuticals, but the lack of hydrogen bond donors or acceptors could limit its potential interactions with biological targets. The presence of chloro substituents may affect the compound's reactivity and metabolic stability.""
"
485,"
  ""basic_identity"": 
    ""core_scaffold"": ""aliphatic amide""
  ,
  ""physicochemical_profile"": 
    ""size"": ""small"",
    ""lipophilicity"": ""moderate"",
    ""polarity"": ""moderate"",
    ""hydrogen_bonding"": ""no donor or acceptor"",
    ""flexibility"": ""rigid"",
    ""charge_state"": ""mostly neutral""
  ,
  ""structural_features"": 
    ""rings_and_aromaticity"": ""no rings or aromaticity"",
    ""key_functional_groups"": ""amide"",
    ""substitution_pattern"": ""single substituent on the amide carbon"",
    ""stereochemistry"": ""not obvious""
  ,
  ""general_medicinal_chemistry_notes"": ""This molecule has a moderate balance between lipophilicity and polarity, making it a potential candidate for a variety of applications. The lack of hydrogen bond donors or acceptors may limit its interactions with biological targets, but the amide group can form hydrogen bonds in certain contexts. The small size and rigidity suggest good oral drug-like properties, but the absence of rotatable bonds may limit its ability to conform to targets.""
"
486,"
  ""basic_identity"": 
    ""core_scaffold"": ""aliphatic chain with two methyl groups""
  ,
  ""physicochemical_profile"": 
    ""size"": ""small"",
    ""lipophilicity"": ""moderately lipophilic"",
    ""polarity"": ""low"",
    ""hydrogen_bonding"": ""no hydrogen bond donors or acceptors"",
    ""flexibility"": ""rigid"",
    ""charge_state"": ""mostly neutral""
  ,
  ""structural_features"": 
    ""rings_and_aromaticity"": ""no rings or aromaticity"",
    ""key_functional_groups"": ""none"",
    ""substitution_pattern"": ""two methyl groups attached to the central carbon"",
    ""stereochemistry"": ""not obvious""
  ,
  ""general_medicinal_chemistry_notes"": ""This molecule is relatively small and moderately lipophilic, which may make it suitable for crossing biological membranes. However, its lack of polar functional groups and hydrogen bond donors/acceptors could limit its solubility and potential interactions with biological targets. The rigid structure may also limit its ability to conform to target sites.""
"
487,"
  ""basic_identity"": 
    ""core_scaffold"": ""Biphenyl with four chlorine atoms""
  ,
  ""physicochemical_profile"": 
    ""size"": ""Medium"",
    ""lipophilicity"": ""Highly lipophilic"",
    ""polarity"": ""Non-polar"",
    ""hydrogen_bonding"": ""No hydrogen bond donors or acceptors"",
    ""flexibility"": ""Flexible"",
    ""charge_state"": ""Mostly neutral""
  ,
  ""structural_features"": 
    ""rings_and_aromaticity"": ""Two aromatic rings (biphenyl) with no conjugation"",
    ""key_functional_groups"": ""Four chlorine atoms"",
    ""substitution_pattern"": ""All substituents are ortho to each other"",
    ""stereochemistry"": ""Not obvious""
  ,
  ""general_medicinal_chemistry_notes"": ""This compound is highly lipophilic, which may affect its solubility and permeability. The biphenyl scaffold is a common feature in many pharmaceuticals, but the presence of four chlorine atoms may impact its chemical stability and metabolic properties. The lack of hydrogen bond donors or acceptors suggests it may not interact well with biological targets through hydrogen bonding.""
"
488,"
  ""basic_identity"": 
    ""core_scaffold"": ""Aliphatic chain with an amide group""
  ,
  ""physicochemical_profile"": 
    ""size"": ""Medium"",
    ""lipophilicity"": ""Moderately lipophilic"",
    ""polarity"": ""Moderately polar"",
    ""hydrogen_bonding"": ""No hydrogen bond donors or acceptors"",
    ""flexibility"": ""Flexible"",
    ""charge_state"": ""Mostly neutral""
  ,
  ""structural_features"": 
    ""rings_and_aromaticity"": ""No rings or aromaticity"",
    ""key_functional_groups"": ""Amide"",
    ""substitution_pattern"": ""Two substituents on the chain"",
    ""stereochemistry"": ""Not obvious""
  ,
  ""general_medicinal_chemistry_notes"": ""This molecule has a moderate balance between lipophilicity and polarity, which is common for many drugs. However, its size and flexibility may limit its ability to interact with specific biological targets. The lack of hydrogen bond donors or acceptors could impact its binding affinity to certain proteins. The amide functional group is a common component in many drugs, but its stability and susceptibility to metabolism should be considered.""
"
489,"
  ""basic_identity"": 
    ""core_scaffold"": ""Aliphatic chain with a ketone and two ethyl groups""
  ,
  ""physicochemical_profile"": 
    ""size"": ""Medium"",
    ""lipophilicity"": ""Moderately lipophilic"",
    ""polarity"": ""Moderately polar"",
    ""hydrogen_bonding"": ""No hydrogen bond donors or acceptors"",
    ""flexibility"": ""Flexible"",
    ""charge_state"": ""Mostly neutral""
  ,
  ""structural_features"": 
    ""rings_and_aromaticity"": ""No rings or aromaticity"",
    ""key_functional_groups"": ""Ketone"",
    ""substitution_pattern"": ""Two ethyl groups are attached to the ketone carbon"",
    ""stereochemistry"": ""Not obvious""
  ,
  ""general_medicinal_chemistry_notes"": ""This molecule has a moderate balance between lipophilicity and polarity, but its lack of hydrogen bond donors or acceptors may limit its interactions with biological targets. The ketone functional group can be prone to oxidation, which could affect its stability in vivo. The medium size and flexibility suggest it may be suitable for oral administration, but further optimization may be necessary to improve its pharmacokinetic properties.""
"
490,"
  ""basic_identity"": 
    ""core_scaffold"": ""Aliphatic amide with a benzene ring""
  ,
  ""physicochemical_profile"": 
    ""size"": ""Medium"",
    ""lipophilicity"": ""Moderately lipophilic with a XLogP of 1.2966"",
    ""polarity"": ""Polar with a TPSA of 63.45"",
    ""hydrogen_bonding"": ""No hydrogen bond donors or acceptors"",
    ""flexibility"": ""Flexible with 2 rotatable bonds"",
    ""charge_state"": ""Mostly neutral""
  ,
  ""structural_features"": 
    ""rings_and_aromaticity"": ""Contains one aromatic benzene ring"",
    ""key_functional_groups"": ""Amide and carboxylic acid"",
    ""substitution_pattern"": ""The benzene ring is substituted by the amide and carboxylic acid groups"",
    ""stereochemistry"": ""Not obvious""
  ,
  ""general_medicinal_chemistry_notes"": ""This molecule has a balance between lipophilicity and polarity, with a polar TPSA of 63.45 and a moderately lipophilic XLogP of 1.2966. The presence of an amide and carboxylic acid functional groups may affect its chemical stability and potential metabolic soft spots. The size of the molecule is medium, which is typical for a small-molecule drug. However, the lack of hydrogen bond donors or acceptors may limit its interactions with biological targets.""
"
491,"
  ""basic_identity"": 
    ""core_scaffold"": ""Aliphatic chain with one ketone""
  ,
  ""physicochemical_profile"": 
    ""size"": ""Small"",
    ""lipophilicity"": ""Moderate"",
    ""polarity"": ""Moderate"",
    ""hydrogen_bonding"": ""No hydrogen bond donors or acceptors"",
    ""flexibility"": ""Rigid"",
    ""charge_state"": ""Mostly neutral""
  ,
  ""structural_features"": 
    ""rings_and_aromaticity"": ""No rings or aromaticity"",
    ""key_functional_groups"": ""Ketone"",
    ""substitution_pattern"": ""Single substituent at the end of the chain"",
    ""stereochemistry"": ""Not obvious""
  ,
  ""general_medicinal_chemistry_notes"": ""This molecule has a moderate balance between lipophilicity and polarity, but it lacks hydrogen bond donors or acceptors, which may limit its interactions with biological targets. The ketone functional group can be prone to oxidation, which could affect its stability in vivo.""
"
492,"
  ""basic_identity"": 
    ""core_scaffold"": ""Aliphatic chain""
  ,
  ""physicochemical_profile"": 
    ""size"": ""medium"",
    ""lipophilicity"": ""high"",
    ""polarity"": ""low"",
    ""hydrogen_bonding"": ""none"",
    ""flexibility"": ""moderate"",
    ""charge_state"": ""uncharged""
  ,
  ""structural_features"": 
    ""rings_and_aromaticity"": ""none"",
    ""key_functional_groups"": ""none"",
    ""substitution_pattern"": ""linear"",
    ""stereochemistry"": ""not obvious""
  ,
  ""general_medicinal_chemistry_notes"": ""This molecule is relatively lipophilic, which may aid in membrane permeation, but its low polarity could limit solubility.The absence of hydrogen bond donors or acceptors suggests poor interaction with biological targets that rely on hydrogen bonding.The medium size and linear structure may make it a reasonable candidate for oral drug-like properties, but further investigation is needed.""
"
493,"
  ""basic_identity"": 
    ""core_scaffold"": ""Aliphatic amine with a benzene ring and fluorinated side chain""
  ,
  ""physicochemical_profile"": 
    ""size"": ""Medium"",
    ""lipophilicity"": ""Highly lipophilic"",
    ""polarity"": ""Polar"",
    ""hydrogen_bonding"": ""No hydrogen bond donors or acceptors"",
    ""flexibility"": ""Flexible"",
    ""charge_state"": ""Uncertain""
  ,
  ""structural_features"": 
    ""rings_and_aromaticity"": ""Contains one aromatic benzene ring"",
    ""key_functional_groups"": ""Amide, fluorinated alkyl chain"",
    ""substitution_pattern"": ""The amide and fluorinated alkyl chain are attached to the benzene ring"",
    ""stereochemistry"": ""Not obvious""
  ,
  ""general_medicinal_chemistry_notes"": ""This molecule has a balance between lipophilicity and polarity, with a high XLogP value and a polar TPSA. The presence of a tertiary amide and fluorinated alkyl chain may affect its chemical stability and metabolic properties. The lack of hydrogen bond donors or acceptors could limit its interaction with biological targets.""
"
494,"
  ""basic_identity"": 
    ""core_scaffold"": ""Aliphatic chain with an amide and an ester""
  ,
  ""physicochemical_profile"": 
    ""size"": ""Medium"",
    ""lipophilicity"": ""Highly lipophilic"",
    ""polarity"": ""Moderately polar"",
    ""hydrogen_bonding"": ""No hydrogen bond donors or acceptors"",
    ""flexibility"": ""Flexible"",
    ""charge_state"": ""Mostly neutral""
  ,
  ""structural_features"": 
    ""rings_and_aromaticity"": ""No rings or aromaticity"",
    ""key_functional_groups"": ""amide, ester"",
    ""substitution_pattern"": ""Two substituents on the chain"",
    ""stereochemistry"": ""Not obvious""
  ,
  ""general_medicinal_chemistry_notes"": ""The molecule has a balance between lipophilicity and polarity, which is a common feature of many drugs.The absence of hydrogen bond donors or acceptors may limit its interaction with biological targets.The medium size and high lipophilicity suggest that this molecule could potentially be orally bioavailable, but further investigation is needed.The presence of an ester group may be a soft spot for metabolic degradation.""
"
495,"
  ""basic_identity"": 
    ""core_scaffold"": ""Aliphatic carboxylic acid with an amide and an ether""
  ,
  ""physicochemical_profile"": 
    ""size"": ""Medium"",
    ""lipophilicity"": ""Moderately lipophilic"",
    ""polarity"": ""Highly polar"",
    ""hydrogen_bonding"": ""No hydrogen bond donors, 6 hydrogen bond acceptors"",
    ""flexibility"": ""Flexible"",
    ""charge_state"": ""Unclear""
  ,
  ""structural_features"": 
    ""rings_and_aromaticity"": ""No rings or aromaticity"",
    ""key_functional_groups"": ""Carboxylic acid, amide, ether"",
    ""substitution_pattern"": ""Two substituents attached to the central carbon atom"",
    ""stereochemistry"": ""Not obvious""
  ,
  ""general_medicinal_chemistry_notes"": ""The molecule has a balance between lipophilicity and polarity, which may be beneficial for drug-like properties.The presence of an ether and an amide suggests potential chemical stability, but the carboxylic acid group may be prone to hydrolysis.The high polarity and the presence of multiple hydrogen bond acceptors may limit oral bioavailability.The size of the molecule is relatively large for a typical small-molecule drug.""
"
496,"
  ""basic_identity"": 
    ""core_scaffold"": ""Aliphatic chain with an ester and an ether linkage""
  ,
  ""physicochemical_profile"": 
    ""size"": ""Medium"",
    ""lipophilicity"": ""Moderately lipophilic"",
    ""polarity"": ""Moderately polar"",
    ""hydrogen_bonding"": ""No hydrogen bond donors or acceptors"",
    ""flexibility"": ""Flexible"",
    ""charge_state"": ""Mostly neutral""
  ,
  ""structural_features"": 
    ""rings_and_aromaticity"": ""No rings or aromaticity"",
    ""key_functional_groups"": ""ester, ether"",
    ""substitution_pattern"": ""Two substituents attached to the central carbon"",
    ""stereochemistry"": ""Not obvious""
  ,
  ""general_medicinal_chemistry_notes"": ""This molecule has a moderate balance between lipophilicity and polarity, which is typical for many drug-like compounds. However, the ester and ether functional groups may affect its chemical stability and metabolic fate. The lack of hydrogen bond donors or acceptors could limit its potential interactions with biological targets.""
"
497,"
  ""basic_identity"": 
    ""core_scaffold"": ""Aliphatic chain with a central alkyl group""
  ,
  ""physicochemical_profile"": 
    ""size"": ""small"",
    ""lipophilicity"": ""moderately lipophilic"",
    ""polarity"": ""low"",
    ""hydrogen_bonding"": ""no hydrogen bond donors or acceptors"",
    ""flexibility"": ""flexible"",
    ""charge_state"": ""mostly neutral""
  ,
  ""structural_features"": 
    ""rings_and_aromaticity"": ""No rings or aromaticity"",
    ""key_functional_groups"": ""No functional groups"",
    ""substitution_pattern"": ""Central alkyl group is substituted by an alkyl chain"",
    ""stereochemistry"": ""Not obvious""
  ,
  ""general_medicinal_chemistry_notes"": ""This molecule appears to be relatively small and moderately lipophilic, which may make it suitable for certain drug-like properties. However, the lack of hydrogen bond donors or acceptors could limit its interactions with biological targets. The absence of rings or aromaticity may also affect its pharmacokinetics and drug-like properties.""
"
498,"
  ""basic_identity"": 
    ""core_scaffold"": ""Chloro-substituted benzamide""
  ,
  ""physicochemical_profile"": 
    ""size"": ""Medium"",
    ""lipophilicity"": ""Highly lipophilic"",
    ""polarity"": ""Moderately polar"",
    ""hydrogen_bonding"": ""No hydrogen bond donors or acceptors"",
    ""flexibility"": ""Flexible"",
    ""charge_state"": ""Mostly neutral""
  ,
  ""structural_features"": 
    ""rings_and_aromaticity"": ""Contains one aromatic benzene ring"",
    ""key_functional_groups"": ""Amide, halogens"",
    ""substitution_pattern"": ""Chloro substituents are ortho, meta, and para to the amide"",
    ""stereochemistry"": ""Not obvious""
  ,
  ""general_medicinal_chemistry_notes"": ""This compound has a balance between lipophilicity and polarity, but its high lipophilicity may pose challenges for drug-like properties. The presence of halogens suggests potential chemical reactivity. The lack of hydrogen bond donors or acceptors might limit its interaction with biological targets.""
"
499,"
  ""basic_identity"": 
    ""core_scaffold"": ""Fluorinated alkyl bromide attached to a chlorinated alkyl chain""
  ,
  ""physicochemical_profile"": 
    ""size"": ""Medium"",
    ""lipophilicity"": ""High"",
    ""polarity"": ""Low"",
    ""hydrogen_bonding"": ""No hydrogen bond donors or acceptors"",
    ""flexibility"": ""Rigid"",
    ""charge_state"": ""Uncertain""
  ,
  ""structural_features"": 
    ""rings_and_aromaticity"": ""No rings or aromaticity"",
    ""key_functional_groups"": ""Fluorine, bromine, chlorine"",
    ""substitution_pattern"": ""Single substituents on each carbon"",
    ""stereochemistry"": ""Not obvious""
  ,
  ""general_medicinal_chemistry_notes"": ""This molecule is relatively large for a small-molecule drug, with a high lipophilicity and low polarity. The presence of halogens may affect its chemical stability and metabolic properties. The lack of hydrogen bond donors or acceptors suggests it may not interact well with biological targets via hydrogen bonding.""
"
500,"
  ""basic_identity"": 
    ""core_scaffold"": ""Aliphatic chain with two cyclohexane rings""
  ,
  ""physicochemical_profile"": 
    ""size"": ""Medium"",
    ""lipophilicity"": ""Moderately lipophilic"",
    ""polarity"": ""Moderately polar"",
    ""hydrogen_bonding"": ""No hydrogen bond donors or acceptors"",
    ""flexibility"": ""Flexible with 6 rotatable bonds"",
    ""charge_state"": ""Mostly neutral""
  ,
  ""structural_features"": 
    ""rings_and_aromaticity"": ""Contains two cyclohexane rings, no aromaticity"",
    ""key_functional_groups"": ""None"",
    ""substitution_pattern"": ""Substituents are arranged linearly along the aliphatic chain"",
    ""stereochemistry"": ""Not obvious""
  ,
  ""general_medicinal_chemistry_notes"": ""This molecule has a moderate balance between lipophilicity and polarity, but its flexibility and size may affect its drug-like properties. The lack of hydrogen bond donors or acceptors could limit its interactions with biological targets.""
"
501,"
  ""basic_identity"": 
    ""core_scaffold"": ""Aliphatic chain with two identical phenyl substituents""
  ,
  ""physicochemical_profile"": 
    ""size"": ""Medium"",
    ""lipophilicity"": ""High"",
    ""polarity"": ""Low"",
    ""hydrogen_bonding"": ""No hydrogen bond donors or acceptors"",
    ""flexibility"": ""Flexible"",
    ""charge_state"": ""Mostly neutral""
  ,
  ""structural_features"": 
    ""rings_and_aromaticity"": ""Contains two aromatic phenyl rings"",
    ""key_functional_groups"": ""No functional groups"",
    ""substitution_pattern"": ""Two identical phenyl rings are attached to the central carbon atom"",
    ""stereochemistry"": ""Not obvious""
  ,
  ""general_medicinal_chemistry_notes"": ""This molecule has a high lipophilicity, which may improve its ability to cross biological membranes. However, its lack of polar functional groups and hydrogen bond donors could make it challenging to interact with polar biological targets. The absence of rotatable bonds suggests that it may have limited conformational flexibility. The presence of two aromatic rings may contribute to its stability, but could also make it more susceptible to oxidation.""
"
502,"
  ""basic_identity"": 
    ""core_scaffold"": ""Aliphatic chain with four methyl-substituted ethylene units""
  ,
  ""physicochemical_profile"": 
    ""size"": ""small"",
    ""lipophilicity"": ""moderate"",
    ""polarity"": ""low"",
    ""hydrogen_bonding"": ""none"",
    ""flexibility"": ""moderate"",
    ""charge_state"": ""mostly neutral""
  ,
  ""structural_features"": 
    ""rings_and_aromaticity"": ""No rings or aromaticity"",
    ""key_functional_groups"": ""None"",
    ""substitution_pattern"": ""Alternating methyl groups"",
    ""stereochemistry"": ""Not obvious""
  ,
  ""general_medicinal_chemistry_notes"": ""This molecule has a moderate lipophilicity and low polarity, which may make it challenging to find a suitable target for drug discovery. The absence of hydrogen bond donors or acceptors could limit its interactions with biological targets. The moderate flexibility suggests that it may be able to adopt multiple conformations, potentially increasing its binding affinity. However, the lack of functional groups or aromatic rings could make it more susceptible to metabolism or degradation.""
"
503,"
  ""basic_identity"": 
    ""core_scaffold"": ""Aliphatic amine""
  ,
  ""physicochemical_profile"": 
    ""size"": ""small"",
    ""lipophilicity"": ""moderately lipophilic"",
    ""polarity"": ""moderately polar"",
    ""hydrogen_bonding"": ""no hydrogen bond donors or acceptors"",
    ""flexibility"": ""rigid"",
    ""charge_state"": ""mostly neutral""
  ,
  ""structural_features"": 
    ""rings_and_aromaticity"": ""contains one aromatic ring (benzene)"",
    ""key_functional_groups"": ""amide"",
    ""substitution_pattern"": ""monosubstituted amide"",
    ""stereochemistry"": ""not obvious""
  ,
  ""general_medicinal_chemistry_notes"": ""This molecule has a moderate balance between lipophilicity and polarity, which is a common feature for many drugs. The lack of hydrogen bond donors or acceptors may limit its interactions with biological targets. The amide functional group is a common component in many drugs, but the absence of rotatable bonds suggests limited flexibility. The aromatic ring may contribute to chemical stability, but the exact properties are not clear from the given information.""
"
504,"
  ""basic_identity"": 
    ""core_scaffold"": ""aliphatic ketone""
  ,
  ""physicochemical_profile"": 
    ""size"": ""small"",
    ""lipophilicity"": ""moderate"",
    ""polarity"": ""polar"",
    ""hydrogen_bonding"": ""no donor or acceptor groups"",
    ""flexibility"": ""flexible"",
    ""charge_state"": ""uncharged""
  ,
  ""structural_features"": 
    ""rings_and_aromaticity"": ""no rings or aromaticity"",
    ""key_functional_groups"": ""ketone"",
    ""substitution_pattern"": ""none"",
    ""stereochemistry"": ""not obvious""
  ,
  ""general_medicinal_chemistry_notes"": ""This molecule is relatively small and polar, which may make it suitable for certain applications. However, its lack of hydrogen bond donors or acceptors could limit its interactions with biological targets. Additionally, acetone is a common solvent and may have poor chemical stability in biological systems.""
"
505,"
  ""basic_identity"": 
    ""core_scaffold"": ""Aliphatic chain with a central cycloalkane ring""
  ,
  ""physicochemical_profile"": 
    ""size"": ""Medium"",
    ""lipophilicity"": ""Moderately lipophilic"",
    ""polarity"": ""Low"",
    ""hydrogen_bonding"": ""No hydrogen bond donors or acceptors"",
    ""flexibility"": ""Flexible"",
    ""charge_state"": ""Mostly neutral""
  ,
  ""structural_features"": 
    ""rings_and_aromaticity"": ""Contains a cyclohexane ring"",
    ""key_functional_groups"": ""No functional groups"",
    ""substitution_pattern"": ""Substituents are attached to the cyclohexane ring"",
    ""stereochemistry"": ""Not obvious""
  ,
  ""general_medicinal_chemistry_notes"": ""This molecule has a moderate lipophilicity and low polarity, which may make it challenging to achieve a balance for drug-like properties. The lack of hydrogen bond donors or acceptors could limit its interactions with biological targets. The cyclohexane ring may provide some stability, but the absence of functional groups could limit its specificity towards certain targets.""
"
506,"
  ""basic_identity"": 
    ""core_scaffold"": ""Biphenyl with four chlorine atoms""
  ,
  ""physicochemical_profile"": 
    ""size"": ""Medium"",
    ""lipophilicity"": ""Highly lipophilic"",
    ""polarity"": ""Not polar"",
    ""hydrogen_bonding"": ""No hydrogen bond donors or acceptors"",
    ""flexibility"": ""Flexible"",
    ""charge_state"": ""Mostly neutral""
  ,
  ""structural_features"": 
    ""rings_and_aromaticity"": ""Two aromatic rings (biphenyl) with no conjugation"",
    ""key_functional_groups"": ""Four chlorine atoms"",
    ""substitution_pattern"": ""All four chlorine atoms are ortho to each other"",
    ""stereochemistry"": ""Not obvious""
  ,
  ""general_medicinal_chemistry_notes"": ""This molecule is highly lipophilic, which may be beneficial for membrane permeability but could also lead to poor solubility. The lack of polar functional groups and hydrogen bond donors/acceptors suggests it may not interact well with biological targets. The biphenyl scaffold is a common feature in many drugs, but the high lipophilicity and lack of polar groups could make this molecule challenging to develop as a drug.""
"
507,"
  ""basic_identity"": 
    ""core_scaffold"": ""Aliphatic amine with a fluorinated aromatic ring""
  ,
  ""physicochemical_profile"": 
    ""size"": ""Medium"",
    ""lipophilicity"": ""Moderately lipophilic due to the fluorinated aromatic ring and aliphatic chain"",
    ""polarity"": ""Moderately polar due to the polar oxygen atom"",
    ""hydrogen_bonding"": ""No hydrogen bond donors or acceptors"",
    ""flexibility"": ""Flexible with 3 rotatable bonds"",
    ""charge_state"": ""Mostly neutral""
  ,
  ""structural_features"": 
    ""rings_and_aromaticity"": ""Contains a fluorinated aromatic ring (benzene ring)"",
    ""key_functional_groups"": ""Amide, fluorinated aromatic ring"",
    ""substitution_pattern"": ""The fluorinated aromatic ring is substituted at the para position by the amide group and a fluorine atom"",
    ""stereochemistry"": ""Not obvious""
  ,
  ""general_medicinal_chemistry_notes"": ""This molecule has a balance between lipophilicity and polarity, which is a common feature of many drugs. The presence of a fluorine atom may improve metabolic stability and lipophilicity. However, the lack of hydrogen bond donors or acceptors might limit its potential for binding to biological targets. The medium size and flexibility suggest that it could be orally bioavailable, but further analysis is needed to confirm this.""
"
508,"
  ""basic_identity"": 
    ""core_scaffold"": ""Aliphatic chain with two ethers""
  ,
  ""physicochemical_profile"": 
    ""size"": ""Small"",
    ""lipophilicity"": ""Moderately lipophilic"",
    ""polarity"": ""Polar"",
    ""hydrogen_bonding"": ""No hydrogen bond donors or acceptors"",
    ""flexibility"": ""Flexible"",
    ""charge_state"": ""Neutral""
  ,
  ""structural_features"": 
    ""rings_and_aromaticity"": ""No rings or aromaticity"",
    ""key_functional_groups"": ""Two ethers"",
    ""substitution_pattern"": ""Two ethers are attached to the central carbon"",
    ""stereochemistry"": ""Not obvious""
  ,
  ""general_medicinal_chemistry_notes"": ""This molecule is relatively small and polar, with moderate lipophilicity. The presence of two ethers suggests potential hydrophilicity and metabolic stability. The lack of hydrogen bond donors or acceptors may limit its interactions with biological targets.""
"
509,"
  ""basic_identity"": 
    ""core_scaffold"": ""Aliphatic amine with a benzene ring""
  ,
  ""physicochemical_profile"": 
    ""size"": ""Medium"",
    ""lipophilicity"": ""Highly lipophilic"",
    ""polarity"": ""Not polar"",
    ""hydrogen_bonding"": ""No hydrogen bond donors or acceptors"",
    ""flexibility"": ""Flexible"",
    ""charge_state"": ""Mostly neutral""
  ,
  ""structural_features"": 
    ""rings_and_aromaticity"": ""Contains one aromatic benzene ring"",
    ""key_functional_groups"": ""No key functional groups"",
    ""substitution_pattern"": ""Two alkyl chains and one alkyl group attached to the benzene ring"",
    ""stereochemistry"": ""Not obvious""
  ,
  ""general_medicinal_chemistry_notes"": ""This molecule has a high lipophilicity, which may be beneficial for membrane permeability but could also lead to poor solubility. The lack of polar functional groups and hydrogen bond donors might make it challenging to interact with polar biological targets. The absence of hydrogen bond acceptors could limit its potential for hydrogen bonding interactions.""
"
510,"
  ""basic_identity"": 
    ""core_scaffold"": ""Aliphatic amine with a benzene ring""
  ,
  ""physicochemical_profile"": 
    ""size"": ""Medium"",
    ""lipophilicity"": ""Moderately lipophilic"",
    ""polarity"": ""Moderately polar"",
    ""hydrogen_bonding"": ""One hydrogen bond donor and acceptor"",
    ""flexibility"": ""Flexible"",
    ""charge_state"": ""Mostly neutral""
  ,
  ""structural_features"": 
    ""rings_and_aromaticity"": ""One aromatic benzene ring"",
    ""key_functional_groups"": ""Amide"",
    ""substitution_pattern"": ""Two alkyl substituents on the benzene ring and one alkyl chain attached to the amide nitrogen"",
    ""stereochemistry"": ""Not obvious""
  ,
  ""general_medicinal_chemistry_notes"": ""This molecule has a balance between lipophilicity and polarity, with a moderate XLogP and TPSA values. The presence of an amide functional group suggests potential hydrogen bonding interactions. The benzene ring may provide some chemical stability, but the alkyl chains could be metabolic soft spots. The size and polarity of this molecule are within the range of typical small-molecule drugs.""
"
511,"
  ""basic_identity"": 
    ""core_scaffold"": ""Aromatic amide with a substituted ether""
  ,
  ""physicochemical_profile"": 
    ""size"": ""Medium"",
    ""lipophilicity"": ""Moderately lipophilic with a XLogP of 2.72"",
    ""polarity"": ""Polar with a TPSA of 106.51"",
    ""hydrogen_bonding"": ""One potential hydrogen bond donor and five potential hydrogen bond acceptors"",
    ""flexibility"": ""Flexible with four rotatable bonds"",
    ""charge_state"": ""Uncertain""
  ,
  ""structural_features"": 
    ""rings_and_aromaticity"": ""One aromatic ring (benzene) with no conjugation"",
    ""key_functional_groups"": ""Amide, ether, and five potential hydrogen bond acceptors"",
    ""substitution_pattern"": ""One ether substituent on the aromatic ring"",
    ""stereochemistry"": ""Not obvious""
  ,
  ""general_medicinal_chemistry_notes"": ""This molecule has a balance between lipophilicity and polarity, with a polar ether and a moderately lipophilic amide. The high number of potential hydrogen bond acceptors suggests it may interact with biological targets through hydrogen bonding. The presence of an ether group could potentially make it susceptible to metabolism. The size and polarity may make it challenging for oral absorption.""
"
512,"
  ""basic_identity"": 
    ""core_scaffold"": ""Aliphatic amide with a cyclohexane ring""
  ,
  ""physicochemical_profile"": 
    ""size"": ""Medium"",
    ""lipophilicity"": ""Moderately lipophilic"",
    ""polarity"": ""Polar"",
    ""hydrogen_bonding"": ""No hydrogen bond donors or acceptors"",
    ""flexibility"": ""Flexible"",
    ""charge_state"": ""Mostly neutral""
  ,
  ""structural_features"": 
    ""rings_and_aromaticity"": ""One cyclohexane ring, not aromatic"",
    ""key_functional_groups"": ""Amide"",
    ""substitution_pattern"": ""Substituents are attached to the cyclohexane ring"",
    ""stereochemistry"": ""Not obvious""
  ,
  ""general_medicinal_chemistry_notes"": ""This molecule has a moderate balance between lipophilicity and polarity, with a polar amide group and moderate lipophilicity. The cyclohexane ring provides some flexibility, but the lack of hydrogen bond donors or acceptors may limit its interactions with biological targets. The size and polarity of this molecule are within the range of typical small-molecule drugs, but further optimization may be necessary to improve its properties for a specific application.""
"
513,"
  ""basic_identity"": 
    ""core_scaffold"": ""Aliphatic amine with two chloroalkane substituents""
  ,
  ""physicochemical_profile"": 
    ""size"": ""Medium"",
    ""lipophilicity"": ""Highly lipophilic"",
    ""polarity"": ""Moderately polar"",
    ""hydrogen_bonding"": ""One hydrogen bond donor and acceptor"",
    ""flexibility"": ""Fairly flexible"",
    ""charge_state"": ""Mostly neutral""
  ,
  ""structural_features"": 
    ""rings_and_aromaticity"": ""One aromatic ring (benzene)"",
    ""key_functional_groups"": ""amide, chloroalkane"",
    ""substitution_pattern"": ""Two chloroalkane substituents are attached to the amide nitrogen"",
    ""stereochemistry"": ""Not obvious""
  ,
  ""general_medicinal_chemistry_notes"": ""The molecule's balance between lipophilicity and polarity may be suitable for some drug-like properties.The presence of chloroalkane substituents could potentially affect chemical stability or metabolic soft spots.The size of the molecule is relatively large for a typical small-molecule drug.""
"
514,"
  ""basic_identity"": 
    ""core_scaffold"": ""Aliphatic amine with two aromatic rings""
  ,
  ""physicochemical_profile"": 
    ""size"": ""Medium"",
    ""lipophilicity"": ""Highly lipophilic"",
    ""polarity"": ""Moderately polar"",
    ""hydrogen_bonding"": ""One hydrogen bond donor and two acceptors"",
    ""flexibility"": ""Moderately flexible"",
    ""charge_state"": ""Mostly neutral""
  ,
  ""structural_features"": 
    ""rings_and_aromaticity"": ""Two aromatic rings (phenyl rings) connected by an aliphatic chain"",
    ""key_functional_groups"": ""Amide and ester"",
    ""substitution_pattern"": ""One substituent on each aromatic ring"",
    ""stereochemistry"": ""Not obvious""
  ,
  ""general_medicinal_chemistry_notes"": ""The molecule exhibits a balance between lipophilicity and polarity, which is a common feature of many drugs.The presence of an ester and amide functional groups may affect chemical stability and metabolic clearance.The size and lipophilicity of this molecule suggest it might not be an ideal candidate for oral drug delivery, but further investigation is needed.""
"
515,"
  ""basic_identity"": 
    ""core_scaffold"": ""Perfluorinated alkane with a central tertiary carbon""
  ,
  ""physicochemical_profile"": 
    ""size"": ""small"",
    ""lipophilicity"": ""highly lipophilic"",
    ""polarity"": ""not polar"",
    ""hydrogen_bonding"": ""no hydrogen bond donors or acceptors"",
    ""flexibility"": ""rigid"",
    ""charge_state"": ""mostly neutral""
  ,
  ""structural_features"": 
    ""rings_and_aromaticity"": ""No rings or aromaticity"",
    ""key_functional_groups"": ""Perfluorinated alkane"",
    ""substitution_pattern"": ""All substituents are attached to the central carbon"",
    ""stereochemistry"": ""Not obvious""
  ,
  ""general_medicinal_chemistry_notes"": ""This compound is highly lipophilic, which may be beneficial for membrane permeation but could also lead to poor solubility and metabolic instability. The lack of polar functional groups and hydrogen bond donors/acceptors suggests poor water solubility and potentially weak interactions with biological targets. The rigid structure may limit conformational flexibility, which could impact drug-like properties.""
"
516,"
  ""basic_identity"": 
    ""core_scaffold"": ""Aliphatic chain with an ester and a ketone""
  ,
  ""physicochemical_profile"": 
    ""size"": ""Medium"",
    ""lipophilicity"": ""Moderately lipophilic"",
    ""polarity"": ""Moderately polar"",
    ""hydrogen_bonding"": ""No hydrogen bond donors or acceptors"",
    ""flexibility"": ""Flexible"",
    ""charge_state"": ""Mostly neutral""
  ,
  ""structural_features"": 
    ""rings_and_aromaticity"": ""No rings or aromaticity"",
    ""key_functional_groups"": ""Ester and ketone"",
    ""substitution_pattern"": ""Two substituents on the chain"",
    ""stereochemistry"": ""Not obvious""
  ,
  ""general_medicinal_chemistry_notes"": ""This molecule has a moderate balance between lipophilicity and polarity, with a moderate number of rotatable bonds. The ester and ketone functional groups may affect chemical stability and metabolic clearance. The lack of hydrogen bond donors or acceptors could impact its ability to interact with biological targets.""
"
517,"
  ""basic_identity"": 
    ""core_scaffold"": ""aliphatic chain with chlorine substitution""
  ,
  ""physicochemical_profile"": 
    ""size"": ""medium"",
    ""lipophilicity"": ""high"",
    ""polarity"": ""low"",
    ""hydrogen_bonding"": ""none"",
    ""flexibility"": ""moderate"",
    ""charge_state"": ""mostly neutral""
  ,
  ""structural_features"": 
    ""rings_and_aromaticity"": ""no rings or aromaticity"",
    ""key_functional_groups"": ""chlorine"",
    ""substitution_pattern"": ""terminal substitution"",
    ""stereochemistry"": ""not obvious""
  ,
  ""general_medicinal_chemistry_notes"": ""This molecule is relatively large for a small-molecule drug, with a medium size and high lipophilicity. Its low polarity and lack of hydrogen bond donors or acceptors may limit its interactions with biological targets. The presence of a halogen may improve its metabolic stability, but it could also potentially interfere with some biological processes.""
"
518,"
  ""basic_identity"": 
    ""core_scaffold"": ""Aliphatic chain with an ester and an alcohol""
  ,
  ""physicochemical_profile"": 
    ""size"": ""Small"",
    ""lipophilicity"": ""Moderately lipophilic"",
    ""polarity"": ""Moderately polar"",
    ""hydrogen_bonding"": ""No hydrogen bond donors or acceptors"",
    ""flexibility"": ""Flexible"",
    ""charge_state"": ""Mostly neutral""
  ,
  ""structural_features"": 
    ""rings_and_aromaticity"": ""No rings or aromaticity"",
    ""key_functional_groups"": ""Ester"",
    ""substitution_pattern"": ""Single substituent on the chain"",
    ""stereochemistry"": ""Not obvious""
  ,
  ""general_medicinal_chemistry_notes"": ""This molecule is relatively small and has a moderate balance between lipophilicity and polarity. The ester group may affect its chemical stability and metabolic properties. Without hydrogen bond donors or acceptors, it may not interact strongly with biological targets.""
"
519,"
  ""basic_identity"": 
    ""core_scaffold"": ""Aliphatic chain with a carboxylic acid group""
  ,
  ""physicochemical_profile"": 
    ""size"": ""small"",
    ""lipophilicity"": ""moderately lipophilic"",
    ""polarity"": ""polar"",
    ""hydrogen_bonding"": ""contains one hydrogen bond acceptor"",
    ""flexibility"": ""flexible"",
    ""charge_state"": ""likely neutral""
  ,
  ""structural_features"": 
    ""rings_and_aromaticity"": ""No rings or aromaticity"",
    ""key_functional_groups"": ""carboxylic acid"",
    ""substitution_pattern"": ""terminal carboxylic acid"",
    ""stereochemistry"": ""not obvious""
  ,
  ""general_medicinal_chemistry_notes"": ""This molecule is polar and contains a carboxylic acid group, which may affect its solubility and potential for ionic interactions. The moderate lipophilicity and flexibility suggest it could penetrate cell membranes, but the polar carboxylic acid group may limit its oral drug-likeness. The lack of hydrogen bond donors may impact its ability to form stable complexes with biological targets.""
"
520,"
  ""basic_identity"": 
    ""core_scaffold"": ""Aliphatic amide with a chloroalkyl substituent""
  ,
  ""physicochemical_profile"": 
    ""size"": ""Medium"",
    ""lipophilicity"": ""Highly lipophilic"",
    ""polarity"": ""Moderately polar"",
    ""hydrogen_bonding"": ""One potential hydrogen bond donor and acceptor"",
    ""flexibility"": ""Rigid"",
    ""charge_state"": ""Mostly neutral""
  ,
  ""structural_features"": 
    ""rings_and_aromaticity"": ""One aromatic ring (benzene)"",
    ""key_functional_groups"": ""Amide, chloroalkyl"",
    ""substitution_pattern"": ""Monosubstituted"",
    ""stereochemistry"": ""Not obvious""
  ,
  ""general_medicinal_chemistry_notes"": ""The molecule exhibits a balance between lipophilicity and polarity, which is a common feature of many drug-like molecules.The presence of an aromatic ring and a chloroalkyl substituent may affect its chemical stability and metabolic properties.The molecule's size and polar character suggest it could be a potential lead compound for further optimization.The absence of rotatable bonds indicates that the molecule is likely rigid, which may impact its ability to bind to targets.""
"
521,"
  ""basic_identity"": 
    ""core_scaffold"": ""Aliphatic carboxylic acid""
  ,
  ""physicochemical_profile"": 
    ""size"": ""small"",
    ""lipophilicity"": ""slightly polar"",
    ""polarity"": ""polar"",
    ""hydrogen_bonding"": ""contains one hydrogen bond donor"",
    ""flexibility"": ""rigid"",
    ""charge_state"": ""mostly neutral""
  ,
  ""structural_features"": 
    ""rings_and_aromaticity"": ""No rings or aromaticity"",
    ""key_functional_groups"": ""Carboxylic acid"",
    ""substitution_pattern"": ""Single substitution at the carboxylic acid"",
    ""stereochemistry"": ""Not obvious""
  ,
  ""general_medicinal_chemistry_notes"": ""This molecule is relatively small and polar, with a carboxylic acid functional group. The polar nature may affect its solubility and permeability, while the carboxylic acid group can participate in hydrogen bonding. The lack of rotatable bonds suggests a rigid structure, which could impact its ability to bind to targets.""
"
522,"
  ""basic_identity"": 
    ""core_scaffold"": ""Aliphatic chain with an ester and two ketone functional groups""
  ,
  ""physicochemical_profile"": 
    ""size"": ""Medium"",
    ""lipophilicity"": ""Moderately lipophilic"",
    ""polarity"": ""Moderately polar"",
    ""hydrogen_bonding"": ""No hydrogen bond donors or acceptors"",
    ""flexibility"": ""Flexible"",
    ""charge_state"": ""Uncertain""
  ,
  ""structural_features"": 
    ""rings_and_aromaticity"": ""No rings or aromaticity"",
    ""key_functional_groups"": ""ester, ketone"",
    ""substitution_pattern"": ""Two ketones are attached to the same carbon atom"",
    ""stereochemistry"": ""Not obvious""
  ,
  ""general_medicinal_chemistry_notes"": ""This molecule has a moderate balance between lipophilicity and polarity, but it lacks hydrogen bond donors or acceptors, which may limit its potential for biological interactions. The presence of an ester functional group suggests some metabolic instability, and the ketone groups may make the molecule reactive. The size and flexibility of the molecule are within typical ranges for small-molecule drugs, but the lack of hydrogen bonding sites could be a concern.""
"
523,"
  ""basic_identity"": 
    ""core_scaffold"": ""Aliphatic amine with a substituted amide and a fluorinated aromatic ring""
  ,
  ""physicochemical_profile"": 
    ""size"": ""Medium"",
    ""lipophilicity"": ""Highly lipophilic"",
    ""polarity"": ""Polar"",
    ""hydrogen_bonding"": ""No hydrogen bond donors or acceptors"",
    ""flexibility"": ""Flexible"",
    ""charge_state"": ""Mostly neutral""
  ,
  ""structural_features"": 
    ""rings_and_aromaticity"": ""Contains one aromatic ring (fluorinated benzene) and one aliphatic ring"",
    ""key_functional_groups"": ""Amide, tertiary amine, fluorinated alkane"",
    ""substitution_pattern"": ""The aromatic ring is substituted with an amide and a tertiary amine, while the aliphatic ring is substituted with a fluorinated alkane"",
    ""stereochemistry"": ""Not obvious""
  ,
  ""general_medicinal_chemistry_notes"": ""This compound exhibits a balance between lipophilicity and polarity, with a high XLogP value and a relatively high TPSA. The presence of fluorine atoms may enhance lipophilicity and metabolic stability. The absence of hydrogen bond donors or acceptors could limit its interaction with biological targets. The size and flexibility of the molecule suggest it may be suitable for oral administration, but further analysis is needed to confirm this.""
"
524,"
  ""basic_identity"": 
    ""core_scaffold"": ""aliphatic amine""
  ,
  ""physicochemical_profile"": 
    ""size"": ""small"",
    ""lipophilicity"": ""moderate"",
    ""polarity"": ""low"",
    ""hydrogen_bonding"": ""one hydrogen bond donor and acceptor"",
    ""flexibility"": ""rigid"",
    ""charge_state"": ""mostly neutral""
  ,
  ""structural_features"": 
    ""rings_and_aromaticity"": ""no rings or aromaticity"",
    ""key_functional_groups"": ""amine"",
    ""substitution_pattern"": ""single substituent at the nitrogen atom"",
    ""stereochemistry"": ""not obvious""
  ,
  ""general_medicinal_chemistry_notes"": ""This compound is a small, moderately lipophilic aliphatic amine with one hydrogen bond donor and acceptor. Its rigidity and lack of polar surface area may limit its solubility and permeability. The presence of an amine group suggests potential chemical reactivity, and the compound may be susceptible to hydrolysis under certain conditions.""
"
525,"
  ""basic_identity"": 
    ""core_scaffold"": ""Aliphatic chloro-amide with two chloro-substituted benzyl groups""
  ,
  ""physicochemical_profile"": 
    ""size"": ""Medium"",
    ""lipophilicity"": ""High"",
    ""polarity"": ""Moderate"",
    ""hydrogen_bonding"": ""No donor or acceptor groups"",
    ""flexibility"": ""Rigid"",
    ""charge_state"": ""Mostly neutral""
  ,
  ""structural_features"": 
    ""rings_and_aromaticity"": ""No rings or aromaticity"",
    ""key_functional_groups"": ""chloro-amide, chloro-benzyl"",
    ""substitution_pattern"": ""Two chloro-benzyl groups are ortho to each other"",
    ""stereochemistry"": ""Not obvious""
  ,
  ""general_medicinal_chemistry_notes"": ""This molecule exhibits a balance between lipophilicity and polarity, with a high XLogP and moderate TPSA.The presence of multiple chlorine atoms may suggest potential chemical stability, but the absence of hydrogen bond donors could limit its biological activity.The size and lipophilicity of this molecule are within the range of typical small-molecule drugs, but its lack of hydrogen bond donors may be a concern for drug-likeness.""
"
526,"
  ""basic_identity"": 
    ""core_scaffold"": ""Aliphatic amide with a substituted benzene ring""
  ,
  ""physicochemical_profile"": 
    ""size"": ""Medium"",
    ""lipophilicity"": ""Highly lipophilic"",
    ""polarity"": ""Moderately polar"",
    ""hydrogen_bonding"": ""No hydrogen bond donors or acceptors"",
    ""flexibility"": ""Fairly flexible"",
    ""charge_state"": ""Mostly neutral""
  ,
  ""structural_features"": 
    ""rings_and_aromaticity"": ""One aromatic benzene ring"",
    ""key_functional_groups"": ""Amide"",
    ""substitution_pattern"": ""Substituent on the benzene ring"",
    ""stereochemistry"": ""Not obvious""
  ,
  ""general_medicinal_chemistry_notes"": ""This compound has a balance between lipophilicity and polarity, with a high XLogP and moderate TPSA. The lack of hydrogen bond donors or acceptors may limit its interactions with biological targets. The aliphatic amide and aromatic ring suggest potential chemical stability, but the high lipophilicity and large size could pose challenges for oral drug-like properties.""
"
527,"
  ""basic_identity"": 
    ""core_scaffold"": ""Aliphatic chain with a ketone and an amide""
  ,
  ""physicochemical_profile"": 
    ""size"": ""small"",
    ""lipophilicity"": ""moderate"",
    ""polarity"": ""moderate"",
    ""hydrogen_bonding"": ""one hydrogen bond donor and acceptor"",
    ""flexibility"": ""one rotatable bond"",
    ""charge_state"": ""mostly neutral""
  ,
  ""structural_features"": 
    ""rings_and_aromaticity"": ""No rings or aromaticity"",
    ""key_functional_groups"": ""ketone, amide"",
    ""substitution_pattern"": ""One substituent at the end of the chain"",
    ""stereochemistry"": ""Not obvious""
  ,
  ""general_medicinal_chemistry_notes"": ""This molecule has a moderate balance between lipophilicity and polarity, with a moderate number of rotatable bonds. The presence of an amide and a ketone suggests potential hydrogen bonding interactions, but the overall polarity may be limiting for oral drug-likeness. The ketone group could be a soft spot for metabolic oxidation.""
"
528,"
  ""basic_identity"": 
    ""core_scaffold"": ""aliphatic chain with one carbon substituent""
  ,
  ""physicochemical_profile"": 
    ""size"": ""small"",
    ""lipophilicity"": ""moderate"",
    ""polarity"": ""low"",
    ""hydrogen_bonding"": ""no hydrogen bond donors or acceptors"",
    ""flexibility"": ""flexible"",
    ""charge_state"": ""mostly neutral""
  ,
  ""structural_features"": 
    ""rings_and_aromaticity"": ""no rings or aromaticity"",
    ""key_functional_groups"": ""none"",
    ""substitution_pattern"": ""single substituent on the chain"",
    ""stereochemistry"": ""not obvious""
  ,
  ""general_medicinal_chemistry_notes"": ""This molecule is relatively small and moderately lipophilic, which may allow for good membrane permeability. However, its lack of hydrogen bond donors or acceptors suggests it may not interact well with biological targets. The absence of aromatic rings or other electron-rich moieties could impact its chemical stability.""
"
529,"
  ""basic_identity"": 
    ""core_scaffold"": ""Aliphatic chain with a carboxylic acid ester and a ketone""
  ,
  ""physicochemical_profile"": 
    ""size"": ""Medium"",
    ""lipophilicity"": ""Moderately lipophilic"",
    ""polarity"": ""Polar"",
    ""hydrogen_bonding"": ""No hydrogen bond donors, two hydrogen bond acceptors"",
    ""flexibility"": ""Flexible"",
    ""charge_state"": ""Unclear""
  ,
  ""structural_features"": 
    ""rings_and_aromaticity"": ""No rings or aromaticity"",
    ""key_functional_groups"": ""carboxylic acid ester, ketone"",
    ""substitution_pattern"": ""Two substituents on the chain"",
    ""stereochemistry"": ""Not obvious""
  ,
  ""general_medicinal_chemistry_notes"": ""This molecule has a moderate balance between lipophilicity and polarity, with a polar carboxylic acid ester and a moderately lipophilic ketone. The presence of the ester and ketone functional groups may affect its chemical stability and metabolic fate. The lack of hydrogen bond donors could potentially limit its ability to interact with biological targets. The medium size and flexibility suggest it may be orally bioavailable, but further analysis is needed to confirm this.""
"
530,"
  ""basic_identity"": 
    ""core_scaffold"": ""Chloro-substituted benzene ring""
  ,
  ""physicochemical_profile"": 
    ""size"": ""Medium"",
    ""lipophilicity"": ""Highly lipophilic"",
    ""polarity"": ""Non-polar"",
    ""hydrogen_bonding"": ""No hydrogen bond donors or acceptors"",
    ""flexibility"": ""Rigid"",
    ""charge_state"": ""Mostly neutral""
  ,
  ""structural_features"": 
    ""rings_and_aromaticity"": ""Aromatic benzene ring"",
    ""key_functional_groups"": ""Chloro substituents"",
    ""substitution_pattern"": ""Two chloro substituents ortho to each other"",
    ""stereochemistry"": ""Not obvious""
  ,
  ""general_medicinal_chemistry_notes"": ""This compound is highly lipophilic, which may affect its solubility and permeability. The lack of hydrogen bond donors or acceptors suggests it may not interact well with biological targets that rely on hydrogen bonding. The chloro substituents may affect its metabolic stability.""
"
531,"
  ""basic_identity"": 
    ""core_scaffold"": ""Aliphatic amide with a benzene ring""
  ,
  ""physicochemical_profile"": 
    ""size"": ""Medium"",
    ""lipophilicity"": ""Moderately lipophilic"",
    ""polarity"": ""Moderately polar"",
    ""hydrogen_bonding"": ""No hydrogen bond donors or acceptors"",
    ""flexibility"": ""Flexible with one rotatable bond"",
    ""charge_state"": ""Mostly neutral""
  ,
  ""structural_features"": 
    ""rings_and_aromaticity"": ""One aromatic benzene ring"",
    ""key_functional_groups"": ""Amide"",
    ""substitution_pattern"": ""Single substituent on the benzene ring"",
    ""stereochemistry"": ""Not obvious""
  ,
  ""general_medicinal_chemistry_notes"": ""This molecule has a moderate balance between lipophilicity and polarity, which is common for many drug-like molecules. The amide functional group suggests potential hydrogen bonding interactions, but the lack of hydrogen bond donors or acceptors may limit its biological activity. The benzene ring provides aromaticity and stability, but the presence of a single substituent may affect its metabolic stability. The overall size and lipophilicity are within the range of typical small-molecule drugs.""
"
532,"
  ""basic_identity"": 
    ""core_scaffold"": ""aliphatic chain with two chlorine atoms""
  ,
  ""physicochemical_profile"": 
    ""size"": ""small"",
    ""lipophilicity"": ""moderately lipophilic"",
    ""polarity"": ""low"",
    ""hydrogen_bonding"": ""no hydrogen bond donors or acceptors"",
    ""flexibility"": ""rigid"",
    ""charge_state"": ""mostly neutral""
  ,
  ""structural_features"": 
    ""rings_and_aromaticity"": ""no rings or aromaticity"",
    ""key_functional_groups"": ""two chlorine atoms"",
    ""substitution_pattern"": ""two chlorine atoms are directly attached to the carbon chain"",
    ""stereochemistry"": ""not obvious""
  ,
  ""general_medicinal_chemistry_notes"": ""This molecule is relatively small and lipophilic, which may make it suitable for crossing biological membranes. However, the lack of polar functional groups and hydrogen bond donors could potentially limit its solubility and biological activity. The presence of chlorine atoms may affect its chemical stability and reactivity.""
"
533,"
  ""basic_identity"": 
    ""core_scaffold"": ""Aliphatic chain with two ethylene groups""
  ,
  ""physicochemical_profile"": 
    ""size"": ""Medium"",
    ""lipophilicity"": ""Highly lipophilic"",
    ""polarity"": ""Not polar"",
    ""hydrogen_bonding"": ""No hydrogen bond donors or acceptors"",
    ""flexibility"": ""Flexible"",
    ""charge_state"": ""Mostly neutral""
  ,
  ""structural_features"": 
    ""rings_and_aromaticity"": ""No rings or aromaticity"",
    ""key_functional_groups"": ""None"",
    ""substitution_pattern"": ""Two ethylene groups are attached to the central carbon"",
    ""stereochemistry"": ""Not obvious""
  ,
  ""general_medicinal_chemistry_notes"": ""This molecule has a high lipophilicity, which may make it difficult to solubilize in aqueous solutions. The lack of hydrogen bond donors or acceptors suggests it may not interact well with biological targets that rely on hydrogen bonding. The absence of aromatic rings or other electron-rich moieties may affect its chemical stability and metabolic fate.""
"
534,"
  ""basic_identity"": 
    ""core_scaffold"": ""Chloro-substituted dichloro-benzene""
  ,
  ""physicochemical_profile"": 
    ""size"": ""Medium"",
    ""lipophilicity"": ""Highly lipophilic"",
    ""polarity"": ""Not polar"",
    ""hydrogen_bonding"": ""No hydrogen bond donors or acceptors"",
    ""flexibility"": ""Rigid"",
    ""charge_state"": ""Mostly neutral""
  ,
  ""structural_features"": 
    ""rings_and_aromaticity"": ""One aromatic benzene ring"",
    ""key_functional_groups"": ""Chloro substituents"",
    ""substitution_pattern"": ""Two chloro substituents at ortho positions"",
    ""stereochemistry"": ""Not obvious""
  ,
  ""general_medicinal_chemistry_notes"": ""This molecule is relatively large and highly lipophilic, which may affect its solubility and permeability. The lack of hydrogen bond donors or acceptors suggests it may not interact well with biological targets via hydrogen bonding. The presence of chloro substituents may affect its chemical stability and metabolic clearance.""
"
535,"
  ""basic_identity"": 
    ""core_scaffold"": ""Aliphatic amide with a substituted benzene ring""
  ,
  ""physicochemical_profile"": 
    ""size"": ""Medium"",
    ""lipophilicity"": ""Moderately lipophilic"",
    ""polarity"": ""Polar"",
    ""hydrogen_bonding"": ""One hydrogen bond donor and three acceptors"",
    ""flexibility"": ""Flexible"",
    ""charge_state"": ""Mostly neutral""
  ,
  ""structural_features"": 
    ""rings_and_aromaticity"": ""One aromatic benzene ring"",
    ""key_functional_groups"": ""Amide, benzene ring"",
    ""substitution_pattern"": ""Substituents are attached to the benzene ring"",
    ""stereochemistry"": ""Not obvious""
  ,
  ""general_medicinal_chemistry_notes"": ""This molecule has a balance between lipophilicity and polarity, with a polar amide group and a moderately lipophilic benzene ring. The polar nature and the presence of three hydrogen bond acceptors suggest it may interact with biological targets. The flexibility of the molecule could potentially allow for conformational adaptation to various targets. The presence of an aromatic ring may contribute to chemical stability, but the ester linkage could be a potential soft spot for metabolism.""
"
536,"
  ""basic_identity"": 
    ""core_scaffold"": ""Chloroacetamide""
  ,
  ""physicochemical_profile"": 
    ""size"": ""medium"",
    ""lipophilicity"": ""moderately lipophilic"",
    ""polarity"": ""moderately polar"",
    ""hydrogen_bonding"": ""one potential hydrogen bond donor and acceptor"",
    ""flexibility"": ""rigid"",
    ""charge_state"": ""mostly neutral""
  ,
  ""structural_features"": 
    ""rings_and_aromaticity"": ""one aromatic ring (benzene)"",
    ""key_functional_groups"": ""amide, chloro"",
    ""substitution_pattern"": ""chloro substituent at the amide nitrogen"",
    ""stereochemistry"": ""not obvious""
  ,
  ""general_medicinal_chemistry_notes"": ""This compound has a moderate balance between lipophilicity and polarity, with a moderate number of hydrogen bonding sites. The chloro substituent may affect its reactivity and metabolic stability. The rigid structure may limit its ability to bind to complex targets.""
"
537,"
  ""basic_identity"": 
    ""core_scaffold"": ""Aliphatic chain with a central ketone and two ethyl groups""
  ,
  ""physicochemical_profile"": 
    ""size"": ""Medium"",
    ""lipophilicity"": ""Moderately lipophilic"",
    ""polarity"": ""Moderately polar"",
    ""hydrogen_bonding"": ""One hydrogen bond donor and acceptor"",
    ""flexibility"": ""Fairly flexible"",
    ""charge_state"": ""Mostly neutral""
  ,
  ""structural_features"": 
    ""rings_and_aromaticity"": ""No rings or aromaticity"",
    ""key_functional_groups"": ""Ketone"",
    ""substitution_pattern"": ""Two ethyl groups are attached to the central carbon"",
    ""stereochemistry"": ""Not obvious""
  ,
  ""general_medicinal_chemistry_notes"": ""This molecule has a moderate balance between lipophilicity and polarity, with a moderate number of rotatable bonds. The presence of a ketone functional group may affect its chemical stability and metabolic properties. The size and polarity of this molecule suggest it could be a potential lead compound for certain targets, but further optimization may be necessary for optimal drug-like properties.""
"
538,"
  ""basic_identity"": 
    ""core_scaffold"": ""Aliphatic chain with one amide and one amine""
  ,
  ""physicochemical_profile"": 
    ""size"": ""Medium"",
    ""lipophilicity"": ""Moderately lipophilic"",
    ""polarity"": ""Moderately polar"",
    ""hydrogen_bonding"": ""One potential hydrogen bond donor and acceptor"",
    ""flexibility"": ""Flexible"",
    ""charge_state"": ""Mostly neutral""
  ,
  ""structural_features"": 
    ""rings_and_aromaticity"": ""No rings or aromaticity"",
    ""key_functional_groups"": ""Amide and amine"",
    ""substitution_pattern"": ""Single substituents at each end"",
    ""stereochemistry"": ""Not obvious""
  ,
  ""general_medicinal_chemistry_notes"": ""This molecule has a balance between lipophilicity and polarity, with moderate lipophilicity and polarity. The presence of an amide and an amine suggests potential hydrogen bonding interactions. The moderate size and flexibility may make it suitable for some drug-like properties, but the lack of aromatic rings or other common drug-like features could limit its potential as a drug candidate.""
"
539,"
  ""basic_identity"": 
    ""core_scaffold"": ""Aliphatic amide with a halogenated aromatic ring""
  ,
  ""physicochemical_profile"": 
    ""size"": ""Medium"",
    ""lipophilicity"": ""Moderately lipophilic due to the aromatic ring and alkyl chain"",
    ""polarity"": ""Polar due to the amide and ether groups"",
    ""hydrogen_bonding"": ""One potential hydrogen bond donor and three potential acceptors"",
    ""flexibility"": ""Rigid due to the aromatic ring and lack of rotatable bonds"",
    ""charge_state"": ""Uncertain""
  ,
  ""structural_features"": 
    ""rings_and_aromaticity"": ""One aromatic ring (benzene) with one chlorine substituent"",
    ""key_functional_groups"": ""Amide, ether, and halogen"",
    ""substitution_pattern"": ""The chlorine is attached to the aromatic ring"",
    ""stereochemistry"": ""Not obvious from the given SMILES""
  ,
  ""general_medicinal_chemistry_notes"": ""The balance between lipophilicity and polarity may be suitable for some targets, but the polar amide and ether groups could affect solubility and permeability.The aromatic ring and alkyl chain may provide some stability, but the chlorine substituent could potentially be a metabolic soft spot.The lack of rotatable bonds suggests a rigid molecule, which may affect its ability to bind to targets.""
"
540,"
  ""basic_identity"": 
    ""core_scaffold"": ""Aliphatic chain with a central cycloalkane ring""
  ,
  ""physicochemical_profile"": 
    ""size"": ""Medium"",
    ""lipophilicity"": ""Highly lipophilic"",
    ""polarity"": ""Not polar"",
    ""hydrogen_bonding"": ""No hydrogen bond donors or acceptors"",
    ""flexibility"": ""Flexible"",
    ""charge_state"": ""Uncertain""
  ,
  ""structural_features"": 
    ""rings_and_aromaticity"": ""Contains a cyclohexane ring"",
    ""key_functional_groups"": ""None"",
    ""substitution_pattern"": ""Substituents are attached to the cyclohexane ring"",
    ""stereochemistry"": ""Not obvious""
  ,
  ""general_medicinal_chemistry_notes"": ""This molecule is relatively large for a small-molecule drug, and its high lipophilicity may pose challenges for drug-like properties. The lack of hydrogen bond donors or acceptors could limit its interactions with biological targets, and the absence of aromatic rings might affect its stability or pharmacokinetics.""
"
541,"
  ""basic_identity"": 
    ""core_scaffold"": ""Aliphatic chain with two ethers and an amide""
  ,
  ""physicochemical_profile"": 
    ""size"": ""Medium"",
    ""lipophilicity"": ""Moderate"",
    ""polarity"": ""Moderate to high"",
    ""hydrogen_bonding"": ""One hydrogen bond donor and two acceptors"",
    ""flexibility"": ""Flexible"",
    ""charge_state"": ""Mostly neutral""
  ,
  ""structural_features"": 
    ""rings_and_aromaticity"": ""No rings or aromaticity"",
    ""key_functional_groups"": ""amide, ether"",
    ""substitution_pattern"": ""Two ethers and an amide are attached to a central carbon"",
    ""stereochemistry"": ""Not obvious""
  ,
  ""general_medicinal_chemistry_notes"": ""The molecule has a moderate balance between lipophilicity and polarity, which is common for many drug-like molecules.The presence of an amide and ethers suggests potential hydrogen bonding interactions with biological targets.The molecule's size and polar character may affect its absorption, distribution, metabolism, and excretion (ADME) properties.The absence of aromatic rings or other electron-rich moieties may impact its chemical stability.""
"
542,"
  ""basic_identity"": 
    ""core_scaffold"": ""Aliphatic chloroalkane with a chloroaromatic substituent""
  ,
  ""physicochemical_profile"": 
    ""size"": ""Medium"",
    ""lipophilicity"": ""Highly lipophilic"",
    ""polarity"": ""Moderately polar"",
    ""hydrogen_bonding"": ""No hydrogen bond donors or acceptors"",
    ""flexibility"": ""Rigid"",
    ""charge_state"": ""Mostly neutral""
  ,
  ""structural_features"": 
    ""rings_and_aromaticity"": ""No rings, no aromaticity"",
    ""key_functional_groups"": ""Chloroaromatic, chloroalkane"",
    ""substitution_pattern"": ""Two chloroaromatic substituents at ortho positions"",
    ""stereochemistry"": ""Not obvious""
  ,
  ""general_medicinal_chemistry_notes"": ""The molecule is relatively large and lipophilic, which may impact its solubility and permeability.The presence of chloroaromatic and chloroalkane functional groups suggests potential chemical stability, but also raises questions about metabolic soft spots.The lack of hydrogen bond donors or acceptors may limit its interaction with biological targets.""
"
543,"
  ""basic_identity"": 
    ""core_scaffold"": ""Aliphatic amide""
  ,
  ""physicochemical_profile"": 
    ""size"": ""Medium"",
    ""lipophilicity"": ""Moderately lipophilic"",
    ""polarity"": ""Moderately polar"",
    ""hydrogen_bonding"": ""Contains one hydrogen bond donor and acceptor"",
    ""flexibility"": ""Flexible"",
    ""charge_state"": ""Mostly neutral""
  ,
  ""structural_features"": 
    ""rings_and_aromaticity"": ""Contains one aromatic ring (benzene)"",
    ""key_functional_groups"": ""Amide"",
    ""substitution_pattern"": ""Substituent is attached to the amide nitrogen"",
    ""stereochemistry"": ""Not obvious""
  ,
  ""general_medicinal_chemistry_notes"": ""This molecule has a moderate balance between lipophilicity and polarity, with a polar amide group and a moderately lipophilic benzene ring. The presence of a single rotatable bond suggests some flexibility. The compound's size and polarity may make it suitable for certain biological targets, but further investigation is needed to assess its potential as a drug candidate.""
"
544,"
  ""basic_identity"": 
    ""core_scaffold"": ""Aliphatic amine""
  ,
  ""physicochemical_profile"": 
    ""size"": ""Small"",
    ""lipophilicity"": ""Moderate"",
    ""polarity"": ""Moderate"",
    ""hydrogen_bonding"": ""No hydrogen bond donors or acceptors"",
    ""flexibility"": ""Flexible"",
    ""charge_state"": ""Mostly neutral""
  ,
  ""structural_features"": 
    ""rings_and_aromaticity"": ""No rings or aromaticity"",
    ""key_functional_groups"": ""Amide"",
    ""substitution_pattern"": ""Single substituent on nitrogen"",
    ""stereochemistry"": ""Not obvious""
  ,
  ""general_medicinal_chemistry_notes"": ""This molecule has a moderate balance between lipophilicity and polarity, with a moderate size. The presence of an amide functional group suggests potential hydrogen bonding interactions. The lack of hydrogen bond donors or acceptors may limit its biological activity. The flexibility of the molecule could affect its pharmacokinetic properties.""
"
545,"
  ""basic_identity"": 
    ""core_scaffold"": ""Carboxylic acid ester""
  ,
  ""physicochemical_profile"": 
    ""size"": ""small"",
    ""lipophilicity"": ""moderately polar"",
    ""polarity"": ""polar"",
    ""hydrogen_bonding"": ""contains 3 potential hydrogen bond donors and acceptors"",
    ""flexibility"": ""flexible"",
    ""charge_state"": ""uncertain""
  ,
  ""structural_features"": 
    ""rings_and_aromaticity"": ""no rings or aromaticity"",
    ""key_functional_groups"": ""carboxylic acid ester"",
    ""substitution_pattern"": ""esters are typically substituted at the carbonyl carbon"",
    ""stereochemistry"": ""not obvious""
  ,
  ""general_medicinal_chemistry_notes"": ""This molecule is relatively polar and contains multiple potential hydrogen bond donors and acceptors, which may make it a good candidate for binding to polar targets. However, its moderate lipophilicity and flexibility suggest that it may not be very stable or easily absorbed. The carboxylic acid ester functional group is common in many biologically active molecules, but its reactivity can vary depending on the specific compound.""
"
546,"
  ""basic_identity"": 
    ""core_scaffold"": ""aliphatic chain with iodine atom""
  ,
  ""physicochemical_profile"": 
    ""size"": ""medium"",
    ""lipophilicity"": ""high due to iodine substitution"",
    ""polarity"": ""low due to lack of polar functional groups"",
    ""hydrogen_bonding"": ""no hydrogen bond donors or acceptors"",
    ""flexibility"": ""flexible with one rotatable bond"",
    ""charge_state"": ""uncertain""
  ,
  ""structural_features"": 
    ""rings_and_aromaticity"": ""no rings or aromaticity"",
    ""key_functional_groups"": ""iodine atom"",
    ""substitution_pattern"": ""single iodine atom at the end of the chain"",
    ""stereochemistry"": ""not obvious""
  ,
  ""general_medicinal_chemistry_notes"": ""This molecule is relatively large and lipophilic, which may impact its solubility and permeability. The iodine atom could potentially be a soft spot for metabolic degradation. The lack of polar functional groups and hydrogen bond donors/acceptors suggests it may not interact well with biological targets.""
"
547,"
  ""basic_identity"": 
    ""core_scaffold"": ""Aliphatic chain with an amide and an ether""
  ,
  ""physicochemical_profile"": 
    ""size"": ""Small"",
    ""lipophilicity"": ""Likely hydrophilic"",
    ""polarity"": ""Polar"",
    ""hydrogen_bonding"": ""One hydrogen bond donor and two acceptors"",
    ""flexibility"": ""Flexible"",
    ""charge_state"": ""Mostly neutral""
  ,
  ""structural_features"": 
    ""rings_and_aromaticity"": ""No rings or aromaticity"",
    ""key_functional_groups"": ""Amide, Ether"",
    ""substitution_pattern"": ""Two substituents at the ends of the chain"",
    ""stereochemistry"": ""Not obvious""
  ,
  ""general_medicinal_chemistry_notes"": ""This molecule has a polar character due to the presence of an amide and an ether. The ether group may provide some metabolic stability, but the lack of lipophilicity could pose challenges for drug-like properties. The flexibility of the molecule might allow for conformational adaptation, which could be beneficial for binding to a target.""
"
548,"
  ""basic_identity"": 
    ""core_scaffold"": ""tetrafluorobenzyl chloride""
  ,
  ""physicochemical_profile"": 
    ""size"": ""medium"",
    ""lipophilicity"": ""highly lipophilic"",
    ""polarity"": ""low"",
    ""hydrogen_bonding"": ""no hydrogen bond donors or acceptors"",
    ""flexibility"": ""rigid"",
    ""charge_state"": ""likely positively charged""
  ,
  ""structural_features"": 
    ""rings_and_aromaticity"": ""no rings, no aromaticity"",
    ""key_functional_groups"": ""halogens"",
    ""substitution_pattern"": ""all substituents are at the para position"",
    ""stereochemistry"": ""not obvious""
  ,
  ""general_medicinal_chemistry_notes"": ""This compound is highly lipophilic, which may be beneficial for membrane permeability but could also lead to poor solubility and metabolic instability. The lack of hydrogen bond donors or acceptors suggests it may not interact well with biological targets. The presence of four fluorine atoms and a chlorine atom may increase its reactivity.""
"
549,"
  ""basic_identity"": 
    ""core_scaffold"": ""aliphatic ketone with two ester-like groups""
  ,
  ""physicochemical_profile"": 
    ""size"": ""small"",
    ""lipophilicity"": ""moderate"",
    ""polarity"": ""moderate"",
    ""hydrogen_bonding"": ""no donor or acceptor groups"",
    ""flexibility"": ""low"",
    ""charge_state"": ""mostly neutral""
  ,
  ""structural_features"": 
    ""rings_and_aromaticity"": ""no rings or aromaticity"",
    ""key_functional_groups"": ""ester-like, ketone"",
    ""substitution_pattern"": ""two ester-like groups attached to the same carbon"",
    ""stereochemistry"": ""not obvious""
  ,
  ""general_medicinal_chemistry_notes"": ""This compound has a moderate balance between lipophilicity and polarity, which is common for many bioactive molecules. However, the presence of two ester-like groups may suggest potential hydrolytic instability. The small size and low flexibility could make it a good candidate for targeting intracellular targets.""
"
550,"
  ""basic_identity"": 
    ""core_scaffold"": ""aliphatic hydrocarbon""
  ,
  ""physicochemical_profile"": 
    ""size"": ""small"",
    ""lipophilicity"": ""low"",
    ""polarity"": ""low"",
    ""hydrogen_bonding"": ""none"",
    ""flexibility"": ""rigid"",
    ""charge_state"": ""uncharged""
  ,
  ""structural_features"": 
    ""rings_and_aromaticity"": ""none"",
    ""key_functional_groups"": ""none"",
    ""substitution_pattern"": ""none"",
    ""stereochemistry"": ""not obvious""
  ,
  ""general_medicinal_chemistry_notes"": ""This molecule is a simple alkane with no polar functional groups or hydrogen bond donors/acceptors, making it likely hydrophobic. Its small size and lack of rotatable bonds suggest it may be relatively rigid, which could impact its ability to interact with biological targets. However, the absence of any polar features may limit its potential as a drug candidate.""
"
551,"
  ""basic_identity"": 
    ""core_scaffold"": ""Aliphatic amine with a cyclohexane ring""
  ,
  ""physicochemical_profile"": 
    ""size"": ""Medium"",
    ""lipophilicity"": ""Moderately lipophilic"",
    ""polarity"": ""Moderately polar"",
    ""hydrogen_bonding"": ""No hydrogen bond donors or acceptors"",
    ""flexibility"": ""Flexible with one rotatable bond"",
    ""charge_state"": ""Mostly neutral""
  ,
  ""structural_features"": 
    ""rings_and_aromaticity"": ""Contains one cyclohexane ring, no aromaticity"",
    ""key_functional_groups"": ""Amine"",
    ""substitution_pattern"": ""Substituents are attached to the cyclohexane ring"",
    ""stereochemistry"": ""Not obvious""
  ,
  ""general_medicinal_chemistry_notes"": ""This molecule has a moderate balance between lipophilicity and polarity, which is common for many drug-like compounds. However, the lack of hydrogen bond donors or acceptors may limit its potential interactions with biological targets. The cyclohexane ring and amine functional group suggest some chemical stability, but the absence of stereochemistry makes it difficult to predict its behavior in vivo.""
"
552,"
  ""basic_identity"": 
    ""core_scaffold"": ""Aliphatic amine""
  ,
  ""physicochemical_profile"": 
    ""size"": ""small"",
    ""lipophilicity"": ""moderately lipophilic"",
    ""polarity"": ""polar"",
    ""hydrogen_bonding"": ""no hydrogen bond donors or acceptors"",
    ""flexibility"": ""rigid"",
    ""charge_state"": ""mostly neutral""
  ,
  ""structural_features"": 
    ""rings_and_aromaticity"": ""contains one aromatic ring (benzene)"",
    ""key_functional_groups"": ""contains an amide"",
    ""substitution_pattern"": ""substituent is attached to the amide nitrogen"",
    ""stereochemistry"": ""not obvious""
  ,
  ""general_medicinal_chemistry_notes"": ""This molecule has a moderate balance between lipophilicity and polarity, which is a common feature of many drugs. The polar amide group may affect its solubility and interactions with biological targets. The lack of rotatable bonds suggests that the molecule is rigid, which could affect its ability to bind to targets. The absence of hydrogen bond donors or acceptors may limit its ability to form stable interactions with biological targets.""
"
553,"
  ""basic_identity"": 
    ""core_scaffold"": ""Aliphatic diol""
  ,
  ""physicochemical_profile"": 
    ""size"": ""Small"",
    ""lipophilicity"": ""Not clear from the given information"",
    ""polarity"": ""High"",
    ""hydrogen_bonding"": ""Contains one hydrogen bond donor and two acceptors"",
    ""flexibility"": ""Flexible"",
    ""charge_state"": ""Not clear from the given information""
  ,
  ""structural_features"": 
    ""rings_and_aromaticity"": ""No rings or aromaticity"",
    ""key_functional_groups"": ""Two alcohols"",
    ""substitution_pattern"": ""Not clear from the given information"",
    ""stereochemistry"": ""Not obvious""
  ,
  ""general_medicinal_chemistry_notes"": ""This molecule is relatively small and polar, with a high degree of hydrogen bonding capacity. Its flexibility and lack of aromaticity may affect its overall pharmacokinetic properties. The presence of two alcohols suggests potential chemical instability, especially under acidic conditions.""
"
554,"
  ""basic_identity"": 
    ""core_scaffold"": ""aliphatic amide""
  ,
  ""physicochemical_profile"": 
    ""size"": ""small"",
    ""lipophilicity"": ""slightly hydrophilic"",
    ""polarity"": ""polar"",
    ""hydrogen_bonding"": ""no hydrogen bond donors or acceptors"",
    ""flexibility"": ""flexible"",
    ""charge_state"": ""mostly neutral""
  ,
  ""structural_features"": 
    ""rings_and_aromaticity"": ""no rings or aromaticity"",
    ""key_functional_groups"": ""amide"",
    ""substitution_pattern"": ""single substituent on the amide nitrogen"",
    ""stereochemistry"": ""not obvious""
  ,
  ""general_medicinal_chemistry_notes"": ""This compound is relatively small and polar, which may make it suitable for certain biological targets. However, the lack of hydrogen bond donors or acceptors could limit its interaction potential. The amide functional group is a common component in many drugs, but it can also be prone to hydrolysis under certain conditions.""
"
555,"
  ""basic_identity"": 
    ""core_scaffold"": ""Bicyclic amide""
  ,
  ""physicochemical_profile"": 
    ""size"": ""Medium"",
    ""lipophilicity"": ""Moderately lipophilic"",
    ""polarity"": ""Moderately polar"",
    ""hydrogen_bonding"": ""Contains one hydrogen bond donor and acceptor"",
    ""flexibility"": ""Rigid"",
    ""charge_state"": ""Mostly neutral""
  ,
  ""structural_features"": 
    ""rings_and_aromaticity"": ""Two aromatic rings (bicyclic) with aliphatic bridges"",
    ""key_functional_groups"": ""Amide"",
    ""substitution_pattern"": ""Two aliphatic chains attached to the aromatic rings"",
    ""stereochemistry"": ""Not obvious""
  ,
  ""general_medicinal_chemistry_notes"": ""This compound has a moderate balance between lipophilicity and polarity, which is common for many drug-like molecules. The bicyclic structure may provide some rigidity, potentially improving pharmacophore matching. The presence of an amide functional group suggests a polar character, which could affect its solubility and permeability. The lack of rotatable bonds indicates a rigid molecule, which may limit its ability to adapt to different binding sites. The exact chemical stability and metabolic soft spots cannot be inferred from the given information.""
"
556,"
  ""basic_identity"": 
    ""core_scaffold"": ""Aliphatic amine""
  ,
  ""physicochemical_profile"": 
    ""size"": ""small"",
    ""lipophilicity"": ""moderate"",
    ""polarity"": ""moderate"",
    ""hydrogen_bonding"": ""one donor and one acceptor group"",
    ""flexibility"": ""rigid"",
    ""charge_state"": ""mostly neutral""
  ,
  ""structural_features"": 
    ""rings_and_aromaticity"": ""one aromatic ring (benzene)"",
    ""key_functional_groups"": ""amide"",
    ""substitution_pattern"": ""monosubstituted"",
    ""stereochemistry"": ""not obvious""
  ,
  ""general_medicinal_chemistry_notes"": ""This compound is a small, moderately lipophilic and polar molecule with one amide functional group. It contains a single aromatic ring and is monosubstituted. The rigidity of the molecule suggests limited flexibility, which may impact its ability to bind to targets. The balance between lipophilicity and polarity is reasonable for a small molecule, but the exact properties would need to be evaluated in a specific context to determine its potential as a drug candidate.""
"
557,"
  ""basic_identity"": 
    ""core_scaffold"": ""Aliphatic amide""
  ,
  ""physicochemical_profile"": 
    ""size"": ""Medium"",
    ""lipophilicity"": ""High"",
    ""polarity"": ""Moderate"",
    ""hydrogen_bonding"": ""No hydrogen bond donors or acceptors"",
    ""flexibility"": ""Flexible"",
    ""charge_state"": ""Mostly neutral""
  ,
  ""structural_features"": 
    ""rings_and_aromaticity"": ""Contains one aromatic benzene ring"",
    ""key_functional_groups"": ""Amide"",
    ""substitution_pattern"": ""Substituent is directly attached to the amide nitrogen"",
    ""stereochemistry"": ""Not obvious""
  ,
  ""general_medicinal_chemistry_notes"": ""This molecule has a moderate polarity and high lipophilicity, which may make it a good candidate for membrane permeation. However, the lack of hydrogen bond donors or acceptors could limit its interactions with biological targets. The amide functional group is a common feature in many drugs, but its reactivity may need to be considered in terms of chemical stability and metabolic soft spots.""
"
558,"
  ""basic_identity"": 
    ""core_scaffold"": ""trichloromethane with two ethyl groups""
  ,
  ""physicochemical_profile"": 
    ""size"": ""medium"",
    ""lipophilicity"": ""moderately lipophilic"",
    ""polarity"": ""low"",
    ""hydrogen_bonding"": ""no hydrogen bond donors or acceptors"",
    ""flexibility"": ""flexible"",
    ""charge_state"": ""uncharged""
  ,
  ""structural_features"": 
    ""rings_and_aromaticity"": ""no rings or aromaticity"",
    ""key_functional_groups"": ""chloroalkane"",
    ""substitution_pattern"": ""two ethyl groups attached to the trichloromethane"",
    ""stereochemistry"": ""not obvious""
  ,
  ""general_medicinal_chemistry_notes"": ""This compound is likely to have moderate lipophilicity and low polarity, which may affect its solubility and permeability. The presence of chlorine atoms may impact its chemical stability and reactivity. The lack of hydrogen bond donors or acceptors suggests it may not interact strongly with biological targets via hydrogen bonding.""
"
559,"
  ""basic_identity"": 
    ""core_scaffold"": ""Aliphatic carboxylic acid with an amide and an ether""
  ,
  ""physicochemical_profile"": 
    ""size"": ""Medium"",
    ""lipophilicity"": ""Slightly polar"",
    ""polarity"": ""High"",
    ""hydrogen_bonding"": ""No hydrogen bond donors or acceptors"",
    ""flexibility"": ""Flexible"",
    ""charge_state"": ""Mostly neutral""
  ,
  ""structural_features"": 
    ""rings_and_aromaticity"": ""No rings or aromaticity"",
    ""key_functional_groups"": ""Carboxylic acid, Amide, Ether"",
    ""substitution_pattern"": ""The carboxylic acid and amide are directly attached to the central carbon"",
    ""stereochemistry"": ""Not obvious""
  ,
  ""general_medicinal_chemistry_notes"": ""This molecule has a balance between lipophilicity and polarity, which is important for drug-like properties.The ether group may affect chemical stability, and the carboxylic acid could be a potential soft spot for metabolism.The lack of hydrogen bond donors or acceptors might limit its interactions with biological targets.The medium size and flexibility suggest it could potentially be orally bioavailable, but further investigation is needed.""
"
560,"
  ""basic_identity"": 
    ""core_scaffold"": ""Aliphatic chain with a benzene ring""
  ,
  ""physicochemical_profile"": 
    ""size"": ""small"",
    ""lipophilicity"": ""high"",
    ""polarity"": ""low"",
    ""hydrogen_bonding"": ""none"",
    ""flexibility"": ""rigid"",
    ""charge_state"": ""mostly neutral""
  ,
  ""structural_features"": 
    ""rings_and_aromaticity"": ""contains one aromatic benzene ring"",
    ""key_functional_groups"": ""none"",
    ""substitution_pattern"": ""substituents are attached to the benzene ring"",
    ""stereochemistry"": ""not obvious""
  ,
  ""general_medicinal_chemistry_notes"": ""This molecule is relatively small and lipophilic, which may aid in membrane permeability. However, its lack of polar functional groups and hydrogen bond donors/acceptors could limit its solubility and biological activity. The rigid structure may also affect its ability to bind to targets.""
"
561,"
  ""basic_identity"": 
    ""core_scaffold"": ""Aliphatic chain with an ester and a ketone""
  ,
  ""physicochemical_profile"": 
    ""size"": ""Medium"",
    ""lipophilicity"": ""Moderately lipophilic"",
    ""polarity"": ""Polar"",
    ""hydrogen_bonding"": ""No hydrogen bond donors or acceptors"",
    ""flexibility"": ""Flexible"",
    ""charge_state"": ""Mostly neutral""
  ,
  ""structural_features"": 
    ""rings_and_aromaticity"": ""No rings or aromaticity"",
    ""key_functional_groups"": ""Ester, ketone"",
    ""substitution_pattern"": ""Linear"",
    ""stereochemistry"": ""Not obvious""
  ,
  ""general_medicinal_chemistry_notes"": ""This molecule has a moderate balance between lipophilicity and polarity, with a polar ester and a moderately lipophilic ketone. The lack of hydrogen bond donors or acceptors may limit its interactions with biological targets. The flexibility of the molecule could potentially allow for conformational adaptation, but the absence of aromatic rings may reduce its stability. The size of the molecule is within the range of typical small-molecule drugs, but its polarity and lack of hydrogen bonding may impact its oral drug-likeness.""
"
562,"
  ""basic_identity"": 
    ""core_scaffold"": ""Aliphatic ether with fluorinated aromatic substituents""
  ,
  ""physicochemical_profile"": 
    ""size"": ""Medium"",
    ""lipophilicity"": ""Moderately lipophilic due to the aromatic fluorinated substituents"",
    ""polarity"": ""Moderately polar due to the ether oxygen"",
    ""hydrogen_bonding"": ""One hydrogen bond donor and acceptor"",
    ""flexibility"": ""Rigid"",
    ""charge_state"": ""Neutral""
  ,
  ""structural_features"": 
    ""rings_and_aromaticity"": ""No rings, no aromaticity"",
    ""key_functional_groups"": ""Ether, aromatic fluorinated substituents"",
    ""substitution_pattern"": ""Two fluorinated aromatic groups attached to the ether oxygen"",
    ""stereochemistry"": ""Not obvious""
  ,
  ""general_medicinal_chemistry_notes"": ""This molecule has a moderate balance between lipophilicity and polarity, with the fluorinated aromatic substituents contributing to lipophilicity and the ether oxygen contributing to polarity. The ether group may provide some metabolic stability, but the fluorinated aromatic substituents could potentially be metabolically labile. The lack of rotatable bonds suggests that this molecule may have limited flexibility, which could impact its ability to bind to targets. The hydrogen bond donor and acceptor suggest that this molecule may interact with biological targets through hydrogen bonding.""
"
563,"
  ""basic_identity"": 
    ""core_scaffold"": ""aliphatic chain with bromine substituent""
  ,
  ""physicochemical_profile"": 
    ""size"": ""medium"",
    ""lipophilicity"": ""high"",
    ""polarity"": ""low"",
    ""hydrogen_bonding"": ""none"",
    ""flexibility"": ""moderate"",
    ""charge_state"": ""mostly neutral""
  ,
  ""structural_features"": 
    ""rings_and_aromaticity"": ""no rings or aromaticity"",
    ""key_functional_groups"": ""bromine"",
    ""substitution_pattern"": ""single substituent"",
    ""stereochemistry"": ""not obvious""
  ,
  ""general_medicinal_chemistry_notes"": ""This molecule is relatively large for a small-molecule drug, with a medium size and high lipophilicity. The low polarity and lack of hydrogen bonding donors or acceptors may limit its solubility and biological activity. The bromine substituent can potentially increase lipophilicity and metabolic stability, but it may also introduce reactivity issues.""
"
564,"
  ""basic_identity"": 
    ""core_scaffold"": ""Aliphatic chain with a terminal alkene""
  ,
  ""physicochemical_profile"": 
    ""size"": ""Medium"",
    ""lipophilicity"": ""Highly lipophilic"",
    ""polarity"": ""Not polar"",
    ""hydrogen_bonding"": ""No hydrogen bond donors or acceptors"",
    ""flexibility"": ""Flexible"",
    ""charge_state"": ""Mostly neutral""
  ,
  ""structural_features"": 
    ""rings_and_aromaticity"": ""No rings or aromaticity"",
    ""key_functional_groups"": ""None"",
    ""substitution_pattern"": ""Terminal alkene"",
    ""stereochemistry"": ""Not obvious""
  ,
  ""general_medicinal_chemistry_notes"": ""This molecule is relatively large and highly lipophilic, which may pose challenges for drug-likeness. The lack of polar functional groups and hydrogen bonding donors/acceptors suggests poor solubility and potential for poor pharmacokinetics. The terminal alkene may be susceptible to oxidation, which could impact stability.""
"
565,"
  ""basic_identity"": 
    ""core_scaffold"": ""Aliphatic chain with an ester and an amide""
  ,
  ""physicochemical_profile"": 
    ""size"": ""Medium"",
    ""lipophilicity"": ""Moderately lipophilic"",
    ""polarity"": ""Moderately polar"",
    ""hydrogen_bonding"": ""No hydrogen bond donors or acceptors"",
    ""flexibility"": ""Flexible"",
    ""charge_state"": ""Mostly neutral""
  ,
  ""structural_features"": 
    ""rings_and_aromaticity"": ""No rings or aromaticity"",
    ""key_functional_groups"": ""ester, amide"",
    ""substitution_pattern"": ""Single substituent on the amide"",
    ""stereochemistry"": ""Not obvious""
  ,
  ""general_medicinal_chemistry_notes"": ""This molecule has a moderate balance between lipophilicity and polarity, with a polar ester and a lipophilic amide. The lack of hydrogen bond donors or acceptors may limit its interactions with biological targets. The presence of an ester suggests potential chemical instability in aqueous solutions.""
"
566,"
  ""basic_identity"": 
    ""core_scaffold"": ""aliphatic amide""
  ,
  ""physicochemical_profile"": 
    ""size"": ""small"",
    ""lipophilicity"": ""moderately lipophilic"",
    ""polarity"": ""polar"",
    ""hydrogen_bonding"": ""contains one hydrogen bond donor and acceptor"",
    ""flexibility"": ""rigid"",
    ""charge_state"": ""mostly neutral""
  ,
  ""structural_features"": 
    ""rings_and_aromaticity"": ""no rings or aromaticity"",
    ""key_functional_groups"": ""amide"",
    ""substitution_pattern"": ""single substituent on the amide carbon"",
    ""stereochemistry"": ""not obvious""
  ,
  ""general_medicinal_chemistry_notes"": ""This molecule has a balance between lipophilicity and polarity, which is common for many drug-like molecules. The presence of an amide group may affect its chemical stability and metabolic properties. The polar nature of this molecule suggests it may interact with biological targets through hydrogen bonding.""
"
567,"
  ""basic_identity"": 
    ""core_scaffold"": ""Aliphatic chain with a central amide""
  ,
  ""physicochemical_profile"": 
    ""size"": ""Medium"",
    ""lipophilicity"": ""Moderately lipophilic"",
    ""polarity"": ""Moderately polar"",
    ""hydrogen_bonding"": ""One hydrogen bond donor and acceptor"",
    ""flexibility"": ""Flexible"",
    ""charge_state"": ""Mostly neutral""
  ,
  ""structural_features"": 
    ""rings_and_aromaticity"": ""No rings or aromaticity"",
    ""key_functional_groups"": ""Amide"",
    ""substitution_pattern"": ""Two methyl groups and one nitrogen atom attached to the amide carbon"",
    ""stereochemistry"": ""Not obvious""
  ,
  ""general_medicinal_chemistry_notes"": ""This molecule has a moderate balance between lipophilicity and polarity, with a moderately polar amide group. The presence of four rotatable bonds suggests some flexibility, which may impact its pharmacokinetic properties. The lack of aromatic rings or other electron-rich moieties suggests it may be relatively chemically stable. However, the exact properties would depend on the specific context and biological target.""
"
568,"
  ""basic_identity"": 
    ""core_scaffold"": ""Dicarboxylic acid with two amide groups""
  ,
  ""physicochemical_profile"": 
    ""size"": ""Medium"",
    ""lipophilicity"": ""Polar"",
    ""polarity"": ""High"",
    ""hydrogen_bonding"": ""No hydrogen bond donors or acceptors"",
    ""flexibility"": ""Flexible"",
    ""charge_state"": ""Mostly neutral""
  ,
  ""structural_features"": 
    ""rings_and_aromaticity"": ""No rings or aromaticity"",
    ""key_functional_groups"": ""Two amide groups, Two carboxylic acid groups"",
    ""substitution_pattern"": ""Two carboxylic acid groups are attached to the same carbon atom"",
    ""stereochemistry"": ""Not obvious""
  ,
  ""general_medicinal_chemistry_notes"": ""This molecule has a high polar surface area, which may affect its solubility and permeability.The presence of multiple carboxylic acid groups suggests potential acid-base properties and ionization at physiological pH.The lack of hydrogen bond donors or acceptors might limit its interactions with biological targets.The medium size and polar nature could make it a challenging candidate for oral drug delivery.""
"
569,"
  ""basic_identity"": 
    ""core_scaffold"": ""Aliphatic amide with a benzene ring""
  ,
  ""physicochemical_profile"": 
    ""size"": ""Medium"",
    ""lipophilicity"": ""Moderately lipophilic"",
    ""polarity"": ""Moderately polar"",
    ""hydrogen_bonding"": ""One hydrogen bond donor and acceptor"",
    ""flexibility"": ""Rigid"",
    ""charge_state"": ""Mostly neutral""
  ,
  ""structural_features"": 
    ""rings_and_aromaticity"": ""One aromatic benzene ring"",
    ""key_functional_groups"": ""Amide"",
    ""substitution_pattern"": ""Single substituent on the benzene ring"",
    ""stereochemistry"": ""Not obvious""
  ,
  ""general_medicinal_chemistry_notes"": ""This molecule has a moderate balance between lipophilicity and polarity, with a moderately polar amide group and a moderately lipophilic benzene ring. The molecule is relatively rigid due to the absence of rotatable bonds. The presence of an aromatic ring and amide group suggests potential chemical stability, but the exact stability and metabolic soft spots cannot be inferred from the given information.""
"
570,"
  ""basic_identity"": 
    ""core_scaffold"": ""Aliphatic chain with a central ether and two terminal methyl groups""
  ,
  ""physicochemical_profile"": 
    ""size"": ""medium"",
    ""lipophilicity"": ""moderate"",
    ""polarity"": ""moderate"",
    ""hydrogen_bonding"": ""one hydrogen bond donor and one acceptor"",
    ""flexibility"": ""flexible"",
    ""charge_state"": ""mostly neutral""
  ,
  ""structural_features"": 
    ""rings_and_aromaticity"": ""No rings or aromaticity"",
    ""key_functional_groups"": ""Ether"",
    ""substitution_pattern"": ""Terminal substitution"",
    ""stereochemistry"": ""Not obvious""
  ,
  ""general_medicinal_chemistry_notes"": ""This molecule has a moderate balance between lipophilicity and polarity, with a moderate number of rotatable bonds. The ether functional group may affect its chemical stability. The size and lipophilicity are within the range of typical small-molecule drugs, but more information is needed to assess its potential as a drug candidate.""
"
571,"
  ""basic_identity"": 
    ""core_scaffold"": ""Aliphatic chain with an ester and an amide""
  ,
  ""physicochemical_profile"": 
    ""size"": ""Medium"",
    ""lipophilicity"": ""Moderately lipophilic"",
    ""polarity"": ""Moderately polar"",
    ""hydrogen_bonding"": ""One hydrogen bond donor and acceptor"",
    ""flexibility"": ""Fairly flexible"",
    ""charge_state"": ""Mostly neutral""
  ,
  ""structural_features"": 
    ""rings_and_aromaticity"": ""No rings or aromaticity"",
    ""key_functional_groups"": ""Ester and amide"",
    ""substitution_pattern"": ""Single substituent on the amide"",
    ""stereochemistry"": ""Not obvious""
  ,
  ""general_medicinal_chemistry_notes"": ""This molecule has a moderate balance between lipophilicity and polarity, with a moderate number of rotatable bonds. The ester and amide functional groups may impact its chemical stability and metabolic fate. The size and polarity suggest it could be a potential lead compound, but further optimization may be necessary for drug-like properties.""
"
572,"
  ""basic_identity"": 
    ""core_scaffold"": ""Aliphatic chain with a central tertiary carbon""
  ,
  ""physicochemical_profile"": 
    ""size"": ""Medium"",
    ""lipophilicity"": ""High"",
    ""polarity"": ""Low"",
    ""hydrogen_bonding"": ""No hydrogen bond donors or acceptors"",
    ""flexibility"": ""Flexible"",
    ""charge_state"": ""Mostly neutral""
  ,
  ""structural_features"": 
    ""rings_and_aromaticity"": ""No rings or aromaticity"",
    ""key_functional_groups"": ""No functional groups"",
    ""substitution_pattern"": ""Aliphatic chain with a single central substituent"",
    ""stereochemistry"": ""Not obvious""
  ,
  ""general_medicinal_chemistry_notes"": ""This molecule has a moderate size and high lipophilicity, which may make it suitable for membrane permeation. However, the lack of polar functional groups and hydrogen bond donors could limit its solubility and interaction with biological targets. The absence of aromatic rings or heteroatoms suggests that this molecule may be relatively chemically stable. The presence of a tertiary carbon may make this molecule more resistant to metabolic degradation, but it could also make the molecule more challenging to synthesize.""
"
573,"
  ""basic_identity"": 
    ""core_scaffold"": ""Aliphatic amine with a benzene ring and a substituted amide""
  ,
  ""physicochemical_profile"": 
    ""size"": ""Medium"",
    ""lipophilicity"": ""Highly lipophilic"",
    ""polarity"": ""Moderately polar"",
    ""hydrogen_bonding"": ""Contains one hydrogen bond donor and acceptor"",
    ""flexibility"": ""Flexible"",
    ""charge_state"": ""Mostly neutral""
  ,
  ""structural_features"": 
    ""rings_and_aromaticity"": ""Contains one aromatic benzene ring"",
    ""key_functional_groups"": ""Amide, ester, and tertiary amine"",
    ""substitution_pattern"": ""Substituents are attached to the benzene ring and the amide"",
    ""stereochemistry"": ""Not obvious""
  ,
  ""general_medicinal_chemistry_notes"": ""This compound has a balance between lipophilicity and polarity, which is common for many drug-like molecules. However, its high lipophilicity may pose challenges in drug discovery, such as solubility issues. The presence of multiple functional groups suggests potential chemical reactivity, which should be considered during lead optimization. The size of the molecule is moderate, which is generally suitable for a small-molecule drug.""
"
574,"
  ""basic_identity"": 
    ""core_scaffold"": ""Aliphatic compound with an amide and a thiol ester""
  ,
  ""physicochemical_profile"": 
    ""size"": ""Medium"",
    ""lipophilicity"": ""Moderately lipophilic"",
    ""polarity"": ""Polar"",
    ""hydrogen_bonding"": ""No hydrogen bond donors or acceptors"",
    ""flexibility"": ""Flexible"",
    ""charge_state"": ""Mostly neutral""
  ,
  ""structural_features"": 
    ""rings_and_aromaticity"": ""No rings or aromaticity"",
    ""key_functional_groups"": ""amide, thiol ester"",
    ""substitution_pattern"": ""The amide and thiol ester are attached to the central carbon"",
    ""stereochemistry"": ""Not obvious""
  ,
  ""general_medicinal_chemistry_notes"": ""This compound has a moderate balance between lipophilicity and polarity, with a polar thiol ester and a moderately lipophilic amide. The lack of hydrogen bond donors or acceptors may limit its interaction with biological targets. The presence of a thiol ester suggests potential metabolic soft spots, as thiol esters are prone to hydrolysis. The compound's size and flexibility may make it suitable for oral administration, but further evaluation is needed to confirm its drug-like properties.""
"
575,"
  ""basic_identity"": 
    ""core_scaffold"": ""Aliphatic amine""
  ,
  ""physicochemical_profile"": 
    ""size"": ""Medium"",
    ""lipophilicity"": ""Moderately lipophilic"",
    ""polarity"": ""Moderately polar"",
    ""hydrogen_bonding"": ""Contains one hydrogen bond donor and acceptor"",
    ""flexibility"": ""Rigid"",
    ""charge_state"": ""Mostly neutral""
  ,
  ""structural_features"": 
    ""rings_and_aromaticity"": ""Contains one aromatic ring (benzene)"",
    ""key_functional_groups"": ""Amide"",
    ""substitution_pattern"": ""Single substituent on the amide nitrogen"",
    ""stereochemistry"": ""Not obvious""
  ,
  ""general_medicinal_chemistry_notes"": ""This molecule has a moderate balance between lipophilicity and polarity, which is common for many drug-like compounds. The presence of an amide functional group suggests potential hydrogen bonding interactions with biological targets. The lack of rotatable bonds indicates a rigid structure, which may affect its ability to bind to targets. The size and polarity of this molecule are within typical ranges for small-molecule drugs, but further analysis is needed to assess its chemical stability, metabolic soft spots, and potential as a drug candidate.""
"
576,"
  ""basic_identity"": 
    ""core_scaffold"": ""Aliphatic amine with a chloroalkyl substituent""
  ,
  ""physicochemical_profile"": 
    ""size"": ""Medium"",
    ""lipophilicity"": ""Moderately lipophilic"",
    ""polarity"": ""Moderately polar"",
    ""hydrogen_bonding"": ""One potential hydrogen bond donor and acceptor"",
    ""flexibility"": ""Rigid"",
    ""charge_state"": ""Mostly neutral""
  ,
  ""structural_features"": 
    ""rings_and_aromaticity"": ""One aromatic ring (benzene)"",
    ""key_functional_groups"": ""Amine, chloroalkyl"",
    ""substitution_pattern"": ""Monosubstituted benzene ring"",
    ""stereochemistry"": ""Not obvious""
  ,
  ""general_medicinal_chemistry_notes"": ""This molecule has a moderate balance between lipophilicity and polarity, with a moderate number of hydrogen bonding sites. The presence of a chloroalkyl substituent may affect its chemical stability and metabolic properties. The size and polarity of this molecule are within the range expected for a typical small-molecule drug.""
"
577,"
  ""basic_identity"": 
    ""core_scaffold"": ""Aliphatic chain with a terminal alkene and two ethyl groups""
  ,
  ""physicochemical_profile"": 
    ""size"": ""medium"",
    ""lipophilicity"": ""moderately lipophilic"",
    ""polarity"": ""low"",
    ""hydrogen_bonding"": ""no hydrogen bond donors or acceptors"",
    ""flexibility"": ""flexible"",
    ""charge_state"": ""mostly neutral""
  ,
  ""structural_features"": 
    ""rings_and_aromaticity"": ""no rings or aromaticity"",
    ""key_functional_groups"": ""terminal alkene"",
    ""substitution_pattern"": ""ethyl groups are attached to the terminal carbon"",
    ""stereochemistry"": ""not obvious""
  ,
  ""general_medicinal_chemistry_notes"": ""This molecule has a moderate lipophilicity, but its polarity is low due to the lack of polar functional groups. The presence of a terminal alkene may introduce reactivity or metabolic soft spots. The medium size and flexibility suggest it could be a potential lead compound, but further optimization may be necessary to improve drug-like properties.""
"
578,"
  ""basic_identity"": 
    ""core_scaffold"": ""Aliphatic chain with four carbon atoms and a central carbon atom bonded to three carbons""
  ,
  ""physicochemical_profile"": 
    ""size"": ""Medium"",
    ""lipophilicity"": ""Moderately lipophilic"",
    ""polarity"": ""Moderately polar"",
    ""hydrogen_bonding"": ""No hydrogen bond donors or acceptors"",
    ""flexibility"": ""Flexible"",
    ""charge_state"": ""Mostly neutral""
  ,
  ""structural_features"": 
    ""rings_and_aromaticity"": ""No rings or aromaticity"",
    ""key_functional_groups"": ""None"",
    ""substitution_pattern"": ""Linear"",
    ""stereochemistry"": ""Not obvious""
  ,
  ""general_medicinal_chemistry_notes"": ""This molecule has a moderate balance between lipophilicity and polarity, with a moderate number of rotatable bonds. The lack of hydrogen bond donors or acceptors may limit its interactions with biological targets. The absence of aromatic rings or heteroatoms suggests it may be less stable than molecules containing these features.""
"
579,"
  ""basic_identity"": 
    ""core_scaffold"": ""Aliphatic amine""
  ,
  ""physicochemical_profile"": 
    ""size"": ""Medium"",
    ""lipophilicity"": ""Moderately lipophilic"",
    ""polarity"": ""Moderately polar"",
    ""hydrogen_bonding"": ""Contains one hydrogen bond donor and acceptor"",
    ""flexibility"": ""Flexible"",
    ""charge_state"": ""Mostly neutral""
  ,
  ""structural_features"": 
    ""rings_and_aromaticity"": ""No rings or aromaticity"",
    ""key_functional_groups"": ""Amide"",
    ""substitution_pattern"": ""Single substituent at a carbon atom"",
    ""stereochemistry"": ""Not obvious""
  ,
  ""general_medicinal_chemistry_notes"": ""This molecule has a moderate balance between lipophilicity and polarity, which is common for many drug-like molecules. The amide functional group is a common feature in many bioactive compounds. The presence of a single rotatable bond suggests some flexibility, which can be beneficial for binding to targets. However, the exact chemical stability and metabolic properties are not clear from the given information.""
"
580,"
  ""basic_identity"": 
    ""core_scaffold"": ""Aliphatic amine with a substituted amide and a cyclic ether""
  ,
  ""physicochemical_profile"": 
    ""size"": ""Medium"",
    ""lipophilicity"": ""Moderately lipophilic with a XLogP of 2.236"",
    ""polarity"": ""Polar with a TPSA of 62.73"",
    ""hydrogen_bonding"": ""Contains 2 potential hydrogen bond donors and 6 potential acceptors"",
    ""flexibility"": ""Flexible with 4 rotatable bonds"",
    ""charge_state"": ""Unclear from the given information""
  ,
  ""structural_features"": 
    ""rings_and_aromaticity"": ""Contains 1 aromatic ring (benzene), no conjugated systems"",
    ""key_functional_groups"": ""Amide, ether, tertiary amine"",
    ""substitution_pattern"": ""Substituents are attached to the aromatic ring and the amide"",
    ""stereochemistry"": ""Not obvious from the given information""
  ,
  ""general_medicinal_chemistry_notes"": ""This molecule has a balance between lipophilicity and polarity, with a polar ether and a moderately lipophilic amide. The presence of multiple potential hydrogen bond donors and acceptors suggests it may interact with biological targets. The tertiary amine may provide a soft spot for metabolic degradation. The size and flexibility are within the range of typical small-molecule drugs.""
"
581,"
  ""basic_identity"": 
    ""core_scaffold"": ""Aliphatic chain with a central branched alkyl group""
  ,
  ""physicochemical_profile"": 
    ""size"": ""Medium"",
    ""lipophilicity"": ""High"",
    ""polarity"": ""Low"",
    ""hydrogen_bonding"": ""No donor or acceptor groups"",
    ""flexibility"": ""Flexible"",
    ""charge_state"": ""Mostly neutral""
  ,
  ""structural_features"": 
    ""rings_and_aromaticity"": ""No rings or aromaticity"",
    ""key_functional_groups"": ""No functional groups"",
    ""substitution_pattern"": ""Branched alkyl group is substituted at the central carbon"",
    ""stereochemistry"": ""Not obvious""
  ,
  ""general_medicinal_chemistry_notes"": ""This molecule has a high lipophilicity, which may be beneficial for membrane permeation but could also lead to poor solubility. The lack of polar functional groups and hydrogen bond donors/acceptors may limit its interaction with biological targets. The branched alkyl group suggests a potential for branching stereoisomers, which could impact its pharmacokinetics.""
"
582,"
  ""basic_identity"": 
    ""core_scaffold"": ""Aliphatic chain with a carboxylic acid ester""
  ,
  ""physicochemical_profile"": 
    ""size"": ""Medium"",
    ""lipophilicity"": ""High"",
    ""polarity"": ""Moderate"",
    ""hydrogen_bonding"": ""No hydrogen bond donor or acceptor"",
    ""flexibility"": ""Flexible"",
    ""charge_state"": ""Mostly neutral""
  ,
  ""structural_features"": 
    ""rings_and_aromaticity"": ""No rings or aromaticity"",
    ""key_functional_groups"": ""Carboxylic acid ester"",
    ""substitution_pattern"": ""Single ester substituent"",
    ""stereochemistry"": ""Not obvious""
  ,
  ""general_medicinal_chemistry_notes"": ""This molecule has a moderate polarity and high lipophilicity, which may make it challenging to balance drug-like properties. The ester group could potentially be metabolically labile. The lack of hydrogen bond donors or acceptors may limit its interactions with biological targets.""
"
583,"
  ""basic_identity"": 
    ""core_scaffold"": ""Aliphatic chain with an amide group""
  ,
  ""physicochemical_profile"": 
    ""size"": ""Medium"",
    ""lipophilicity"": ""Highly lipophilic"",
    ""polarity"": ""Moderately polar"",
    ""hydrogen_bonding"": ""No hydrogen bond donors or acceptors"",
    ""flexibility"": ""Flexible"",
    ""charge_state"": ""Mostly neutral""
  ,
  ""structural_features"": 
    ""rings_and_aromaticity"": ""No rings or aromaticity"",
    ""key_functional_groups"": ""Amide"",
    ""substitution_pattern"": ""Substituents are attached to the chain"",
    ""stereochemistry"": ""Not obvious""
  ,
  ""general_medicinal_chemistry_notes"": ""This molecule has a moderate balance between lipophilicity and polarity, but its size and flexibility may limit its potential as a drug candidate. The lack of hydrogen bond donors or acceptors could impact its interactions with biological targets.""
"
584,"
  ""basic_identity"": 
    ""core_scaffold"": ""Aliphatic chain with a terminal alkene""
  ,
  ""physicochemical_profile"": 
    ""size"": ""small"",
    ""lipophilicity"": ""moderately lipophilic"",
    ""polarity"": ""low"",
    ""hydrogen_bonding"": ""no hydrogen bond donors or acceptors"",
    ""flexibility"": ""flexible"",
    ""charge_state"": ""mostly neutral""
  ,
  ""structural_features"": 
    ""rings_and_aromaticity"": ""No rings or aromaticity"",
    ""key_functional_groups"": ""None"",
    ""substitution_pattern"": ""Terminal alkene"",
    ""stereochemistry"": ""Not obvious""
  ,
  ""general_medicinal_chemistry_notes"": ""This molecule is relatively small and moderately lipophilic, which may make it suitable for some drug-like properties. However, the lack of hydrogen bond donors or acceptors could limit its interactions with biological targets. The terminal alkene may be prone to oxidation, which could impact its stability.""
"
585,"
  ""basic_identity"": 
    ""core_scaffold"": ""Aliphatic ketone with two ester groups""
  ,
  ""physicochemical_profile"": 
    ""size"": ""small"",
    ""lipophilicity"": ""moderate"",
    ""polarity"": ""moderate"",
    ""hydrogen_bonding"": ""no donor or acceptor groups"",
    ""flexibility"": ""flexible"",
    ""charge_state"": ""mostly neutral""
  ,
  ""structural_features"": 
    ""rings_and_aromaticity"": ""No rings or aromaticity"",
    ""key_functional_groups"": ""ester, ketone"",
    ""substitution_pattern"": ""Two ester groups are attached to the carbonyl carbon"",
    ""stereochemistry"": ""Not obvious""
  ,
  ""general_medicinal_chemistry_notes"": ""The balance between lipophilicity and polarity may be suitable for some targets, but the lack of hydrogen bond donors could limit binding affinity.The ester groups may be susceptible to hydrolysis, which could affect stability and bioavailability.The small size and moderate lipophilicity suggest potential for oral drug-like properties, but further optimization may be necessary.""
"
586,"
  ""basic_identity"": 
    ""core_scaffold"": ""Aliphatic ester with two carbonyl groups""
  ,
  ""physicochemical_profile"": 
    ""size"": ""Medium"",
    ""lipophilicity"": ""Moderately lipophilic"",
    ""polarity"": ""Polar"",
    ""hydrogen_bonding"": ""No hydrogen bond donors or acceptors"",
    ""flexibility"": ""Flexible"",
    ""charge_state"": ""Mostly neutral""
  ,
  ""structural_features"": 
    ""rings_and_aromaticity"": ""No rings or aromaticity"",
    ""key_functional_groups"": ""Ester, ester"",
    ""substitution_pattern"": ""Two ester groups are attached to the same carbon"",
    ""stereochemistry"": ""Not obvious""
  ,
  ""general_medicinal_chemistry_notes"": ""This molecule has a moderate balance between lipophilicity and polarity, but its high polar surface area (52.6) may affect its solubility and permeability. The lack of hydrogen bond donors or acceptors could limit its interactions with biological targets. The presence of two ester groups suggests potential metabolic soft spots.""
"
587,"
  ""basic_identity"": 
    ""core_scaffold"": ""Aliphatic amide with chlorine substituent""
  ,
  ""physicochemical_profile"": 
    ""size"": ""Medium"",
    ""lipophilicity"": ""Slightly hydrophilic"",
    ""polarity"": ""High"",
    ""hydrogen_bonding"": ""Has two potential hydrogen bond donors and acceptors"",
    ""flexibility"": ""Rigid"",
    ""charge_state"": ""Mostly neutral""
  ,
  ""structural_features"": 
    ""rings_and_aromaticity"": ""Contains one aromatic ring (benzene)"",
    ""key_functional_groups"": ""Amide and chlorine"",
    ""substitution_pattern"": ""Chlorine is attached to the amide nitrogen"",
    ""stereochemistry"": ""Not obvious""
  ,
  ""general_medicinal_chemistry_notes"": ""This molecule has a moderate size, high polarity, and a balance between lipophilicity and polarity. The amide functional group suggests potential hydrogen bonding interactions, while the chlorine substituent may affect its reactivity. The rigid structure and lack of rotatable bonds indicate limited flexibility. The presence of an aromatic ring and a halogen may impact its metabolic stability.""
"
588,"
  ""basic_identity"": 
    ""core_scaffold"": ""Aliphatic amine""
  ,
  ""physicochemical_profile"": 
    ""size"": ""small"",
    ""lipophilicity"": ""moderately lipophilic"",
    ""polarity"": ""low"",
    ""hydrogen_bonding"": ""no hydrogen bond donors or acceptors"",
    ""flexibility"": ""flexible"",
    ""charge_state"": ""mostly neutral""
  ,
  ""structural_features"": 
    ""rings_and_aromaticity"": ""contains one aromatic benzene ring"",
    ""key_functional_groups"": ""none"",
    ""substitution_pattern"": ""one aliphatic chain substituted at the para position"",
    ""stereochemistry"": ""not obvious""
  ,
  ""general_medicinal_chemistry_notes"": ""This molecule is relatively small and moderately lipophilic, which may make it suitable for crossing biological membranes. However, its lack of polar functional groups and hydrogen bond donors/acceptors could limit its solubility and potential interactions with biological targets. The presence of an aromatic ring suggests some degree of chemical stability, but the absence of any obvious metabolic soft spots cannot be inferred from the given information.""
"
589,"
  ""basic_identity"": 
    ""core_scaffold"": ""Aliphatic chain with a central alkyl group""
  ,
  ""physicochemical_profile"": 
    ""size"": ""small"",
    ""lipophilicity"": ""moderately lipophilic"",
    ""polarity"": ""low"",
    ""hydrogen_bonding"": ""no hydrogen bond donors or acceptors"",
    ""flexibility"": ""flexible"",
    ""charge_state"": ""mostly neutral""
  ,
  ""structural_features"": 
    ""rings_and_aromaticity"": ""No rings or aromaticity"",
    ""key_functional_groups"": ""None"",
    ""substitution_pattern"": ""A single alkyl group is attached to the central carbon"",
    ""stereochemistry"": ""Not obvious""
  ,
  ""general_medicinal_chemistry_notes"": ""This molecule is relatively small and moderately lipophilic, which may make it suitable for crossing biological membranes. However, its lack of hydrogen bond donors or acceptors and the absence of aromatic rings could limit its potential interactions with biological targets. The presence of only one rotatable bond suggests that it may be flexible enough to adopt various conformations.""
"
590,"
  ""basic_identity"": 
    ""core_scaffold"": ""Aliphatic chain with a carboxylic acid and an amide""
  ,
  ""physicochemical_profile"": 
    ""size"": ""Medium"",
    ""lipophilicity"": ""Moderately lipophilic"",
    ""polarity"": ""Polar"",
    ""hydrogen_bonding"": ""No hydrogen bond donors or acceptors"",
    ""flexibility"": ""Flexible"",
    ""charge_state"": ""Mostly neutral""
  ,
  ""structural_features"": 
    ""rings_and_aromaticity"": ""No rings or aromaticity"",
    ""key_functional_groups"": ""Carboxylic acid, Amide"",
    ""substitution_pattern"": ""The carboxylic acid and amide are directly attached to the central carbon chain"",
    ""stereochemistry"": ""Not obvious""
  ,
  ""general_medicinal_chemistry_notes"": ""This molecule has a moderate balance between lipophilicity and polarity, which is common for many drug-like compounds. The presence of a carboxylic acid and an amide suggests potential hydrogen bonding interactions with biological targets. The polar nature of the molecule may affect its absorption, distribution, metabolism, and excretion (ADME) properties. The flexibility of the molecule, as indicated by the number of rotatable bonds, may affect its pharmacokinetics.""
"
591,"
  ""basic_identity"": 
    ""core_scaffold"": ""bromobenzene""
  ,
  ""physicochemical_profile"": 
    ""size"": ""medium"",
    ""lipophilicity"": ""highly lipophilic"",
    ""polarity"": ""low"",
    ""hydrogen_bonding"": ""no hydrogen bond donors or acceptors"",
    ""flexibility"": ""rigid"",
    ""charge_state"": ""uncharged""
  ,
  ""structural_features"": 
    ""rings_and_aromaticity"": ""one aromatic ring (benzene)"",
    ""key_functional_groups"": ""halogen (bromine)"",
    ""substitution_pattern"": ""single substituent at ortho position"",
    ""stereochemistry"": ""not obvious""
  ,
  ""general_medicinal_chemistry_notes"": ""This molecule is relatively large for a small-molecule drug, and its high lipophilicity may pose challenges for drug-like properties. The lack of hydrogen bond donors or acceptors suggests it may not interact well with biological targets that rely on hydrogen bonding. The bromine substituent may affect chemical stability and metabolic clearance.""
"
592,"
  ""basic_identity"": 
    ""core_scaffold"": ""trichloromethane""
  ,
  ""physicochemical_profile"": 
    ""size"": ""small"",
    ""lipophilicity"": ""high"",
    ""polarity"": ""low"",
    ""hydrogen_bonding"": ""none"",
    ""flexibility"": ""rigid"",
    ""charge_state"": ""uncharged""
  ,
  ""structural_features"": 
    ""rings_and_aromaticity"": ""no rings, no aromaticity"",
    ""key_functional_groups"": ""chlorine"",
    ""substitution_pattern"": ""two chlorines at ortho positions"",
    ""stereochemistry"": ""not obvious""
  ,
  ""general_medicinal_chemistry_notes"": ""This molecule is highly lipophilic, which may affect its solubility and permeability. The lack of hydrogen bond donors or acceptors suggests poor interaction with biological targets. The trichloromethane core is relatively small, but the high lipophilicity may make it challenging to balance with sufficient polar groups for drug-like properties.""
"
593,"
  ""basic_identity"": 
    ""core_scaffold"": ""Aliphatic amide with a single substituent""
  ,
  ""physicochemical_profile"": 
    ""size"": ""Medium"",
    ""lipophilicity"": ""Moderately lipophilic"",
    ""polarity"": ""Moderately polar"",
    ""hydrogen_bonding"": ""No hydrogen bond donors or acceptors"",
    ""flexibility"": ""Fairly flexible"",
    ""charge_state"": ""Mostly neutral""
  ,
  ""structural_features"": 
    ""rings_and_aromaticity"": ""No rings or aromaticity"",
    ""key_functional_groups"": ""Amide"",
    ""substitution_pattern"": ""Single substituent attached to the amide nitrogen"",
    ""stereochemistry"": ""Not obvious""
  ,
  ""general_medicinal_chemistry_notes"": ""This molecule has a moderate balance between lipophilicity and polarity, with a moderate size. The amide functional group is common in many bioactive molecules, but the lack of hydrogen bond donors or acceptors may limit its interactions with biological targets. The flexibility of the molecule could potentially allow for conformational adaptation to various targets, but further analysis is needed to confirm this.""
"
594,"
  ""basic_identity"": 
    ""core_scaffold"": ""Aliphatic amide""
  ,
  ""physicochemical_profile"": 
    ""size"": ""Medium"",
    ""lipophilicity"": ""High"",
    ""polarity"": ""Moderate"",
    ""hydrogen_bonding"": ""No hydrogen bond donors or acceptors"",
    ""flexibility"": ""Flexible"",
    ""charge_state"": ""Mostly neutral""
  ,
  ""structural_features"": 
    ""rings_and_aromaticity"": ""Contains one aromatic benzene ring"",
    ""key_functional_groups"": ""Amide"",
    ""substitution_pattern"": ""Substituent is directly attached to the amide nitrogen"",
    ""stereochemistry"": ""Not obvious""
  ,
  ""general_medicinal_chemistry_notes"": ""This molecule has a moderate polarity and high lipophilicity, which may make it suitable for certain pharmacological targets. However, the lack of hydrogen bond donors or acceptors could limit its interactions with biological systems. The presence of an aromatic ring and an amide functional group are common features in many drugs, but the exact balance between lipophilicity and polarity will depend on the specific molecule and its intended use.""
"
595,"
  ""basic_identity"": 
    ""core_scaffold"": ""Aliphatic chain""
  ,
  ""physicochemical_profile"": 
    ""size"": ""Medium"",
    ""lipophilicity"": ""High"",
    ""polarity"": ""Low"",
    ""hydrogen_bonding"": ""None"",
    ""flexibility"": ""Moderate"",
    ""charge_state"": ""Mostly neutral""
  ,
  ""structural_features"": 
    ""rings_and_aromaticity"": ""No rings or aromaticity"",
    ""key_functional_groups"": ""None"",
    ""substitution_pattern"": ""Linear"",
    ""stereochemistry"": ""Not obvious""
  ,
  ""general_medicinal_chemistry_notes"": ""This molecule is relatively large for a typical small-molecule drug.The high lipophilicity may improve membrane permeability, but could also lead to poor solubility.The lack of polar functional groups and hydrogen bond donors/acceptors may limit its interactions with biological targets.""
"
596,"
  ""basic_identity"": 
    ""core_scaffold"": ""Tetra-substituted benzene ring""
  ,
  ""physicochemical_profile"": 
    ""size"": ""small"",
    ""lipophilicity"": ""high"",
    ""polarity"": ""low"",
    ""hydrogen_bonding"": ""none"",
    ""flexibility"": ""rigid"",
    ""charge_state"": ""mostly neutral""
  ,
  ""structural_features"": 
    ""rings_and_aromaticity"": ""Four aromatic rings, all benzene rings are substituted"",
    ""key_functional_groups"": ""No functional groups"",
    ""substitution_pattern"": ""All substituents are attached to the benzene rings"",
    ""stereochemistry"": ""Not obvious""
  ,
  ""general_medicinal_chemistry_notes"": ""This compound is relatively small and lipophilic, which may aid in cellular permeation. However, the lack of polar functional groups and hydrogen bond donors/acceptors could limit its solubility and biological activity. The rigid structure may also hinder its ability to bind to protein targets. The presence of multiple aromatic rings suggests potential chemical stability, but the absence of functional groups also means there are no obvious metabolic soft spots.""
"
597,"
  ""basic_identity"": 
    ""core_scaffold"": ""aliphatic chain with chlorine substituent""
  ,
  ""physicochemical_profile"": 
    ""size"": ""small"",
    ""lipophilicity"": ""moderately lipophilic"",
    ""polarity"": ""low"",
    ""hydrogen_bonding"": ""no hydrogen bond donors or acceptors"",
    ""flexibility"": ""flexible"",
    ""charge_state"": ""mostly neutral""
  ,
  ""structural_features"": 
    ""rings_and_aromaticity"": ""no rings or aromaticity"",
    ""key_functional_groups"": ""chlorine"",
    ""substitution_pattern"": ""single chlorine substituent at the end of the chain"",
    ""stereochemistry"": ""not obvious""
  ,
  ""general_medicinal_chemistry_notes"": ""This molecule has a moderate lipophilicity, which may aid in cell permeability, but its low polarity and lack of hydrogen bond donors or acceptors could limit its solubility and biological activity. The chlorine substituent may introduce some reactivity, potentially affecting chemical stability. The absence of aromatic rings or other complex structures suggests a relatively simple molecule, which could be beneficial for drug-likeness, but more complex features would be desirable for increased potency.""
"
598,"
  ""basic_identity"": 
    ""core_scaffold"": ""Aliphatic carboxylic acid ester""
  ,
  ""physicochemical_profile"": 
    ""size"": ""Medium"",
    ""lipophilicity"": ""Moderately lipophilic"",
    ""polarity"": ""Moderately polar"",
    ""hydrogen_bonding"": ""No hydrogen bond donors or acceptors"",
    ""flexibility"": ""Flexible"",
    ""charge_state"": ""Mostly neutral""
  ,
  ""structural_features"": 
    ""rings_and_aromaticity"": ""No rings or aromaticity"",
    ""key_functional_groups"": ""Carboxylic acid ester"",
    ""substitution_pattern"": ""Two substituents on the ester carbon"",
    ""stereochemistry"": ""Not obvious""
  ,
  ""general_medicinal_chemistry_notes"": ""This molecule has a moderate balance between lipophilicity and polarity, which is common for many drugs. However, the lack of hydrogen bond donors may limit its interactions with biological targets. The ester group is prone to hydrolysis, which could affect its stability in vivo.""
"
599,"
  ""basic_identity"": 
    ""core_scaffold"": ""Aliphatic chain with five carbon atoms""
  ,
  ""physicochemical_profile"": 
    ""size"": ""small"",
    ""lipophilicity"": ""moderately lipophilic"",
    ""polarity"": ""low"",
    ""hydrogen_bonding"": ""no hydrogen bond donors or acceptors"",
    ""flexibility"": ""rigid"",
    ""charge_state"": ""neutral""
  ,
  ""structural_features"": 
    ""rings_and_aromaticity"": ""no rings or aromaticity"",
    ""key_functional_groups"": ""none"",
    ""substitution_pattern"": ""no substituents"",
    ""stereochemistry"": ""not obvious""
  ,
  ""general_medicinal_chemistry_notes"": ""This molecule is relatively small and moderately lipophilic, which could make it suitable for membrane permeation. However, its lack of polar functional groups and hydrogen bond donors/acceptors may limit its solubility and biological activity. The rigid structure might also affect its ability to bind to targets.""
"
600,"
  ""basic_identity"": 
    ""core_scaffold"": ""Aliphatic amide""
  ,
  ""physicochemical_profile"": 
    ""size"": ""Medium"",
    ""lipophilicity"": ""Moderately lipophilic"",
    ""polarity"": ""Polar"",
    ""hydrogen_bonding"": ""One hydrogen bond donor and three acceptors"",
    ""flexibility"": ""Flexible"",
    ""charge_state"": ""Mostly neutral""
  ,
  ""structural_features"": 
    ""rings_and_aromaticity"": ""One aromatic ring (benzene)"",
    ""key_functional_groups"": ""Amide, ester (implicitly present due to carbonyl and amide groups)"",
    ""substitution_pattern"": ""Single substituent on the amide nitrogen"",
    ""stereochemistry"": ""Not obvious""
  ,
  ""general_medicinal_chemistry_notes"": ""This molecule has a moderate balance between lipophilicity and polarity, with a polar amide group and a moderately lipophilic ester moiety. The high polar surface area (TPSA) suggests it may interact well with biological targets, but its flexibility and multiple hydrogen bond acceptors could potentially lead to poor metabolic stability. The large size and high number of rotatable bonds may also impact its pharmacokinetic properties.""
"
601,"
  ""basic_identity"": 
    ""core_scaffold"": ""Aliphatic amide""
  ,
  ""physicochemical_profile"": 
    ""size"": ""small"",
    ""lipophilicity"": ""slightly lipophilic"",
    ""polarity"": ""polar"",
    ""hydrogen_bonding"": ""no hydrogen bond donors or acceptors"",
    ""flexibility"": ""flexible"",
    ""charge_state"": ""mostly neutral""
  ,
  ""structural_features"": 
    ""rings_and_aromaticity"": ""No rings or aromaticity"",
    ""key_functional_groups"": ""Amide"",
    ""substitution_pattern"": ""One substituent on the amide nitrogen"",
    ""stereochemistry"": ""Not obvious""
  ,
  ""general_medicinal_chemistry_notes"": ""This molecule has a polar amide functional group, which may affect its solubility and biological activity. The small size and moderate lipophilicity suggest it could potentially be orally bioavailable, but further investigation is needed to confirm this.""
"
602,"
  ""basic_identity"": 
    ""core_scaffold"": ""Aliphatic amine with a substituted amide and an aromatic ring""
  ,
  ""physicochemical_profile"": 
    ""size"": ""Medium"",
    ""lipophilicity"": ""Moderately lipophilic due to the alkyl chain and aromatic ring"",
    ""polarity"": ""Polar due to the amide and nitrogen atom"",
    ""hydrogen_bonding"": ""Contains one hydrogen bond donor (amide nitrogen) and two hydrogen bond acceptors (amide nitrogen and aromatic ring)"",
    ""flexibility"": ""Flexible with one rotatable bond"",
    ""charge_state"": ""Mostly neutral""
  ,
  ""structural_features"": 
    ""rings_and_aromaticity"": ""Contains one aromatic ring (benzene) with one substituent"",
    ""key_functional_groups"": ""Amide and alkyl amine"",
    ""substitution_pattern"": ""The amide is substituted at the para position of the aromatic ring"",
    ""stereochemistry"": ""Not obvious""
  ,
  ""general_medicinal_chemistry_notes"": ""This molecule has a balance between lipophilicity and polarity, which is beneficial for drug-like properties. However, the amide group may be prone to hydrolysis, which could affect its stability. The size and polarity might make it less suitable for oral drug administration, but this is a rough assessment without specific rules or datasets.""
"
603,"
  ""basic_identity"": 
    ""core_scaffold"": ""Aliphatic chain with a benzene ring""
  ,
  ""physicochemical_profile"": 
    ""size"": ""Medium"",
    ""lipophilicity"": ""Moderately lipophilic"",
    ""polarity"": ""Not polar"",
    ""hydrogen_bonding"": ""No hydrogen bond donors or acceptors"",
    ""flexibility"": ""Flexible"",
    ""charge_state"": ""Mostly neutral""
  ,
  ""structural_features"": 
    ""rings_and_aromaticity"": ""One aromatic benzene ring"",
    ""key_functional_groups"": ""No key functional groups"",
    ""substitution_pattern"": ""Two aliphatic chains substituted at ortho positions"",
    ""stereochemistry"": ""Not obvious""
  ,
  ""general_medicinal_chemistry_notes"": ""This molecule has a moderate balance between lipophilicity and polarity, but lacks hydrogen bond donors or acceptors, which may limit its potential for binding to biological targets. The presence of an aromatic ring suggests some degree of chemical stability, but the aliphatic chains could be susceptible to oxidation. The medium size and moderate lipophilicity are generally consistent with a small-molecule drug, but further optimization may be necessary to improve drug-like properties.""
"
604,"
  ""basic_identity"": 
    ""core_scaffold"": ""Biphenyl with two chloro-substituted amides""
  ,
  ""physicochemical_profile"": 
    ""size"": ""Medium"",
    ""lipophilicity"": ""Highly lipophilic"",
    ""polarity"": ""Not polar"",
    ""hydrogen_bonding"": ""No hydrogen bond donors or acceptors"",
    ""flexibility"": ""Flexible"",
    ""charge_state"": ""Mostly neutral""
  ,
  ""structural_features"": 
    ""rings_and_aromaticity"": ""Two aromatic rings (biphenyl) with no conjugation"",
    ""key_functional_groups"": ""Two chloro-substituted amides"",
    ""substitution_pattern"": ""Ortho-substitution on both aromatic rings"",
    ""stereochemistry"": ""Not obvious""
  ,
  ""general_medicinal_chemistry_notes"": ""The high lipophilicity and lack of polar functional groups may make this compound difficult to solubilize.The presence of two chloro-substituted amides suggests potential hydrolytic instability.The size and lipophilicity are not ideal for oral drug-like properties, but it's not possible to make definitive conclusions without further information.""
"
605,"
  ""basic_identity"": 
    ""core_scaffold"": ""aliphatic amine""
  ,
  ""physicochemical_profile"": 
    ""size"": ""small"",
    ""lipophilicity"": ""low"",
    ""polarity"": ""high"",
    ""hydrogen_bonding"": ""contains one hydrogen bond donor and acceptor"",
    ""flexibility"": ""rigid"",
    ""charge_state"": ""mostly neutral""
  ,
  ""structural_features"": 
    ""rings_and_aromaticity"": ""no rings or aromaticity"",
    ""key_functional_groups"": ""amine"",
    ""substitution_pattern"": ""monosubstituted at nitrogen"",
    ""stereochemistry"": ""not obvious""
  ,
  ""general_medicinal_chemistry_notes"": ""This small molecule is highly polar with a low lipophilicity, which may limit its ability to cross cell membranes. The presence of an amine functional group suggests potential basicity and ionizable character. The rigid structure and lack of rotatable bonds imply limited conformational flexibility. The high polarity and presence of a single hydrogen bond donor and acceptor suggest this molecule may be involved in hydrogen bonding interactions.""
"
606,"
  ""basic_identity"": 
    ""core_scaffold"": ""Chloroacetamide""
  ,
  ""physicochemical_profile"": 
    ""size"": ""medium"",
    ""lipophilicity"": ""moderately lipophilic"",
    ""polarity"": ""moderately polar"",
    ""hydrogen_bonding"": ""one hydrogen bond donor and acceptor"",
    ""flexibility"": ""rigid"",
    ""charge_state"": ""mostly neutral""
  ,
  ""structural_features"": 
    ""rings_and_aromaticity"": ""contains one aromatic ring (benzene)"",
    ""key_functional_groups"": ""amide, chloro"",
    ""substitution_pattern"": ""chloro substituent at the amide nitrogen"",
    ""stereochemistry"": ""not obvious""
  ,
  ""general_medicinal_chemistry_notes"": ""This compound has a moderate balance between lipophilicity and polarity, with a chloro substituent on an amide. The chloro group may impact chemical stability or metabolic clearance. The compound's size and polarity suggest it could be a potential drug candidate, but further evaluation is needed to assess oral drug-likeness and other properties.""
"
607,"
  ""basic_identity"": 
    ""core_scaffold"": ""Benzene ring with two amides""
  ,
  ""physicochemical_profile"": 
    ""size"": ""Medium"",
    ""lipophilicity"": ""Moderately lipophilic"",
    ""polarity"": ""Polar"",
    ""hydrogen_bonding"": ""One hydrogen bond donor and three acceptors"",
    ""flexibility"": ""Rigid"",
    ""charge_state"": ""Mostly neutral""
  ,
  ""structural_features"": 
    ""rings_and_aromaticity"": ""Two aromatic rings (benzene rings) with no conjugation"",
    ""key_functional_groups"": ""Two amides and a carbonyl"",
    ""substitution_pattern"": ""Two amides are attached to the benzene rings"",
    ""stereochemistry"": ""Not obvious""
  ,
  ""general_medicinal_chemistry_notes"": ""This compound is moderately lipophilic and polar, with a balance between hydrophobic and hydrophilic properties. The presence of multiple amide groups suggests potential hydrogen bonding interactions. The compound is rigid due to the absence of rotatable bonds. The carbonyl group may be a site of metabolic instability. The size and polarity of the compound may make it challenging for oral absorption.""
"
608,"
  ""basic_identity"": 
    ""core_scaffold"": ""aliphatic chain with two chlorine atoms""
  ,
  ""physicochemical_profile"": 
    ""size"": ""small"",
    ""lipophilicity"": ""highly lipophilic"",
    ""polarity"": ""low"",
    ""hydrogen_bonding"": ""no hydrogen bond donors or acceptors"",
    ""flexibility"": ""rigid"",
    ""charge_state"": ""mostly neutral""
  ,
  ""structural_features"": 
    ""rings_and_aromaticity"": ""no rings or aromaticity"",
    ""key_functional_groups"": ""two chlorine atoms"",
    ""substitution_pattern"": ""terminal substituents"",
    ""stereochemistry"": ""not obvious""
  ,
  ""general_medicinal_chemistry_notes"": ""This molecule is highly lipophilic, which may be beneficial for membrane permeability but could also lead to poor solubility. The lack of hydrogen bond donors or acceptors suggests limited interaction with biological targets. The presence of two chlorine atoms may improve metabolic stability but could also affect reactivity with other molecules.""
"
609,"
  ""basic_identity"": 
    ""core_scaffold"": ""Aliphatic chain with a carboxylic acid group""
  ,
  ""physicochemical_profile"": 
    ""size"": ""small"",
    ""lipophilicity"": ""moderately lipophilic"",
    ""polarity"": ""polar"",
    ""hydrogen_bonding"": ""no hydrogen bond donors or acceptors"",
    ""flexibility"": ""flexible"",
    ""charge_state"": ""mostly neutral""
  ,
  ""structural_features"": 
    ""rings_and_aromaticity"": ""No rings or aromaticity"",
    ""key_functional_groups"": ""Carboxylic acid"",
    ""substitution_pattern"": ""Single substitution at the end of the chain"",
    ""stereochemistry"": ""Not obvious""
  ,
  ""general_medicinal_chemistry_notes"": ""This molecule is relatively small and polar, with a moderate degree of lipophilicity. The carboxylic acid group may provide a site for ionic interactions, but the lack of hydrogen bond donors or acceptors suggests limited hydrogen bonding capacity. The presence of only one hydrogen bond acceptor could potentially limit its binding affinity to proteins. The flexibility of the molecule may allow for conformational adaptation, but the absence of aromatic rings or other stabilizing features could impact its overall stability.""
"
610,"
  ""basic_identity"": 
    ""core_scaffold"": ""Dicarboxylic acid with two amide groups""
  ,
  ""physicochemical_profile"": 
    ""size"": ""Medium"",
    ""lipophilicity"": ""Moderately polar"",
    ""polarity"": ""High"",
    ""hydrogen_bonding"": ""No hydrogen bond donors or acceptors"",
    ""flexibility"": ""Flexible"",
    ""charge_state"": ""Mostly neutral""
  ,
  ""structural_features"": 
    ""rings_and_aromaticity"": ""No rings or aromaticity"",
    ""key_functional_groups"": ""Two amide groups"",
    ""substitution_pattern"": ""Two amide groups are attached to the same carbon"",
    ""stereochemistry"": ""Not obvious""
  ,
  ""general_medicinal_chemistry_notes"": ""This molecule has a relatively high polar surface area (TPSA = 104.74), which may affect its permeability and solubility.The lack of hydrogen bond donors or acceptors could limit its ability to interact with biological targets.The moderate lipophilicity (XLogP = -0.597) and high polar surface area suggest a balance between hydrophilicity and lipophilicity, which is generally desirable for drug-like molecules.The absence of aromatic rings or other electron-rich moieties may impact its chemical stability and reactivity.""
"
611,"
  ""basic_identity"": 
    ""core_scaffold"": ""Aliphatic amide with a fluorine substituent""
  ,
  ""physicochemical_profile"": 
    ""size"": ""Medium"",
    ""lipophilicity"": ""Moderately lipophilic"",
    ""polarity"": ""Moderately polar"",
    ""hydrogen_bonding"": ""One hydrogen bond donor and acceptor"",
    ""flexibility"": ""Rigid"",
    ""charge_state"": ""Mostly neutral""
  ,
  ""structural_features"": 
    ""rings_and_aromaticity"": ""One aromatic ring (benzene)"",
    ""key_functional_groups"": ""Amide"",
    ""substitution_pattern"": ""Single fluorine substituent at the amide nitrogen"",
    ""stereochemistry"": ""Not obvious""
  ,
  ""general_medicinal_chemistry_notes"": ""This compound has a moderate balance between lipophilicity and polarity, with a moderate number of hydrogen bond donors and acceptors. The fluorine substituent may improve metabolic stability, but the amide group could be a potential soft spot for metabolism. The compound's size and polarity might make it less suitable for oral drug-like properties.""
"
612,"
  ""basic_identity"": 
    ""core_scaffold"": ""Aliphatic amine with a benzene ring and amide substituent""
  ,
  ""physicochemical_profile"": 
    ""size"": ""Medium"",
    ""lipophilicity"": ""Moderately lipophilic due to the aliphatic chain and aromatic ring"",
    ""polarity"": ""Polar due to the amide and ether groups"",
    ""hydrogen_bonding"": ""No hydrogen bond donors, 5 hydrogen bond acceptors"",
    ""flexibility"": ""Flexible with 2 rotatable bonds"",
    ""charge_state"": ""Mostly neutral""
  ,
  ""structural_features"": 
    ""rings_and_aromaticity"": ""Contains one aromatic benzene ring"",
    ""key_functional_groups"": ""Amide, ether, and aliphatic amine"",
    ""substitution_pattern"": ""The amide and ether groups are attached to the benzene ring"",
    ""stereochemistry"": ""Not obvious from the given SMILES""
  ,
  ""general_medicinal_chemistry_notes"": ""This molecule has a balance between lipophilicity and polarity, which is a common feature of many drugs. The amide and ether groups may contribute to chemical stability, but the aliphatic amine could be a potential metabolic soft spot. The size and polarity might make this molecule less suitable for oral drug-like properties.""
"
613,"
  ""basic_identity"": 
    ""core_scaffold"": ""Aliphatic chain with a substituted benzene ring""
  ,
  ""physicochemical_profile"": 
    ""size"": ""Medium"",
    ""lipophilicity"": ""Moderately lipophilic"",
    ""polarity"": ""Not polar"",
    ""hydrogen_bonding"": ""No hydrogen bond donors or acceptors"",
    ""flexibility"": ""Flexible"",
    ""charge_state"": ""Mostly neutral""
  ,
  ""structural_features"": 
    ""rings_and_aromaticity"": ""One aromatic benzene ring"",
    ""key_functional_groups"": ""No functional groups"",
    ""substitution_pattern"": ""One aliphatic chain attached to the benzene ring"",
    ""stereochemistry"": ""Not obvious""
  ,
  ""general_medicinal_chemistry_notes"": ""This molecule has a moderate lipophilicity and a flexible structure, which may make it suitable for some drug-like properties. However, the lack of polar functional groups and hydrogen bond donors could limit its solubility and interaction with biological targets. The absence of hydrogen bond acceptors suggests that it may not be a good inhibitor or ligand for proteins with hydrogen bonding sites.""
"
614,"
  ""basic_identity"": 
    ""core_scaffold"": ""Aliphatic carboxylic acid with two ethyl groups and an amide""
  ,
  ""physicochemical_profile"": 
    ""size"": ""Medium"",
    ""lipophilicity"": ""Moderately lipophilic"",
    ""polarity"": ""Moderately polar"",
    ""hydrogen_bonding"": ""No hydrogen bond donors or acceptors"",
    ""flexibility"": ""Flexible"",
    ""charge_state"": ""Mostly neutral""
  ,
  ""structural_features"": 
    ""rings_and_aromaticity"": ""No rings or aromaticity"",
    ""key_functional_groups"": ""Carboxylic acid, Amide"",
    ""substitution_pattern"": ""Two ethyl groups are attached to the carboxylic acid"",
    ""stereochemistry"": ""Not obvious""
  ,
  ""general_medicinal_chemistry_notes"": ""This molecule has a balance between lipophilicity and polarity, which is important for drug-like properties.The presence of a carboxylic acid may affect its chemical stability and potential for ionization.The size and polarity of this molecule suggest it may not be an ideal oral drug candidate, but further analysis is needed.""
"
615,"
  ""basic_identity"": 
    ""core_scaffold"": ""Aliphatic ether with trifluoromethyl groups""
  ,
  ""physicochemical_profile"": 
    ""size"": ""small"",
    ""lipophilicity"": ""moderate"",
    ""polarity"": ""moderate"",
    ""hydrogen_bonding"": ""one hydrogen bond donor and acceptor"",
    ""flexibility"": ""rigid"",
    ""charge_state"": ""mostly neutral""
  ,
  ""structural_features"": 
    ""rings_and_aromaticity"": ""No rings or aromaticity"",
    ""key_functional_groups"": ""Ether"",
    ""substitution_pattern"": ""Trifluoromethyl groups are attached to the ether oxygen and one carbon"",
    ""stereochemistry"": ""Not obvious""
  ,
  ""general_medicinal_chemistry_notes"": ""This molecule has a moderate balance between lipophilicity and polarity, with a moderate TPSA and XLogP. The presence of trifluoromethyl groups may improve metabolic stability. The ether functional group can be polar and may affect solubility and permeability. The lack of rotatable bonds suggests a rigid structure, which could limit flexibility in binding to biological targets.""
"
616,"
  ""basic_identity"": 
    ""core_scaffold"": ""Aliphatic chain with an amide and an ether""
  ,
  ""physicochemical_profile"": 
    ""size"": ""Medium"",
    ""lipophilicity"": ""Moderately lipophilic"",
    ""polarity"": ""Moderately polar"",
    ""hydrogen_bonding"": ""One hydrogen bond donor and two acceptors"",
    ""flexibility"": ""Flexible"",
    ""charge_state"": ""Mostly neutral""
  ,
  ""structural_features"": 
    ""rings_and_aromaticity"": ""No rings or aromaticity"",
    ""key_functional_groups"": ""Amide and ether"",
    ""substitution_pattern"": ""Single substituent on the amide"",
    ""stereochemistry"": ""Not obvious""
  ,
  ""general_medicinal_chemistry_notes"": ""This molecule has a moderate balance between lipophilicity and polarity, with a moderately polar ether and a moderately lipophilic amide. The presence of the amide may suggest some chemical stability, but the ether could potentially be a metabolic soft spot. The size and flexibility of the molecule are within typical ranges for small-molecule drugs, but the polarity and lipophilicity values are not extreme.""
"
617,"
  ""basic_identity"": 
    ""core_scaffold"": ""Aliphatic chain with a single ether and an amide""
  ,
  ""physicochemical_profile"": 
    ""size"": ""Medium"",
    ""lipophilicity"": ""Moderately lipophilic"",
    ""polarity"": ""Moderately polar"",
    ""hydrogen_bonding"": ""Contains one hydrogen bond donor and one acceptor"",
    ""flexibility"": ""Flexible"",
    ""charge_state"": ""Mostly neutral""
  ,
  ""structural_features"": 
    ""rings_and_aromaticity"": ""No rings or aromaticity"",
    ""key_functional_groups"": ""Ether and amide"",
    ""substitution_pattern"": ""Single substituents on the chain"",
    ""stereochemistry"": ""Not obvious""
  ,
  ""general_medicinal_chemistry_notes"": ""This molecule has a moderate balance between lipophilicity and polarity, which is suitable for many drug-like properties. The ether and amide functional groups may affect chemical stability and metabolic behavior. The moderate size and flexibility suggest it could potentially interact with various targets.""
"
618,"
  ""basic_identity"": 
    ""core_scaffold"": ""Aliphatic chain with a cyclohexane ring and a terminal amide""
  ,
  ""physicochemical_profile"": 
    ""size"": ""small"",
    ""lipophilicity"": ""moderately lipophilic"",
    ""polarity"": ""low"",
    ""hydrogen_bonding"": ""no hydrogen bond donors or acceptors"",
    ""flexibility"": ""rigid"",
    ""charge_state"": ""mostly neutral""
  ,
  ""structural_features"": 
    ""rings_and_aromaticity"": ""contains one cyclohexane ring, which is not aromatic"",
    ""key_functional_groups"": ""terminal amide"",
    ""substitution_pattern"": ""terminal amide is directly attached to the cyclohexane ring"",
    ""stereochemistry"": ""not obvious""
  ,
  ""general_medicinal_chemistry_notes"": ""This molecule is relatively small and moderately lipophilic, which could make it suitable for membrane permeation. However, the lack of hydrogen bond donors or acceptors and the rigid structure may limit its potential for binding to biological targets. The terminal amide functional group is a common feature in many drugs, but its position on the cyclohexane ring might affect its reactivity and metabolic stability.""
"
619,"
  ""basic_identity"": 
    ""core_scaffold"": ""Aliphatic chain with four carbon atoms""
  ,
  ""physicochemical_profile"": 
    ""size"": ""Small"",
    ""lipophilicity"": ""Moderately lipophilic"",
    ""polarity"": ""Not polar"",
    ""hydrogen_bonding"": ""No hydrogen bond donors or acceptors"",
    ""flexibility"": ""Rigid"",
    ""charge_state"": ""Neutral""
  ,
  ""structural_features"": 
    ""rings_and_aromaticity"": ""No rings or aromaticity"",
    ""key_functional_groups"": ""None"",
    ""substitution_pattern"": ""No substituents"",
    ""stereochemistry"": ""Not obvious""
  ,
  ""general_medicinal_chemistry_notes"": ""This molecule is small and moderately lipophilic, which may make it suitable for some drug-like properties. However, its lack of polar functional groups and hydrogen bond donors/acceptors could limit its potential for interacting with biological targets. Its rigidity and absence of substituents or stereochemistry suggest it may not be easily modified for optimization.""
"
620,"
  ""basic_identity"": 
    ""core_scaffold"": ""Aliphatic chain with a terminal carbonyl""
  ,
  ""physicochemical_profile"": 
    ""size"": ""small"",
    ""lipophilicity"": ""moderately lipophilic"",
    ""polarity"": ""low"",
    ""hydrogen_bonding"": ""no hydrogen bond donors or acceptors"",
    ""flexibility"": ""flexible"",
    ""charge_state"": ""mostly neutral""
  ,
  ""structural_features"": 
    ""rings_and_aromaticity"": ""No rings or aromaticity"",
    ""key_functional_groups"": ""Carbonyl"",
    ""substitution_pattern"": ""Terminal substitution"",
    ""stereochemistry"": ""Not obvious""
  ,
  ""general_medicinal_chemistry_notes"": ""This molecule has a moderate lipophilicity and low polarity, which may make it difficult to solubilize. The carbonyl group suggests potential chemical reactivity, and the lack of hydrogen bond donors or acceptors may limit its biological interactions. The small size and flexibility could make it a candidate for oral drug-like properties, but further investigation is needed.""
"
621,"
  ""basic_identity"": 
    ""core_scaffold"": ""Aliphatic amide with a substituted benzene ring""
  ,
  ""physicochemical_profile"": 
    ""size"": ""Medium"",
    ""lipophilicity"": ""Moderately lipophilic due to the aromatic ring and amide"",
    ""polarity"": ""Polar due to the amide and TPSA value"",
    ""hydrogen_bonding"": ""Contains one hydrogen bond donor (amide NH) and two hydrogen bond acceptors (amide carbonyl and ester carbonyl)"",
    ""flexibility"": ""Rigid due to the absence of rotatable bonds"",
    ""charge_state"": ""Mostly neutral""
  ,
  ""structural_features"": 
    ""rings_and_aromaticity"": ""Contains one aromatic benzene ring"",
    ""key_functional_groups"": ""Amide and ester"",
    ""substitution_pattern"": ""The benzene ring is substituted at the para position by the amide and ester groups"",
    ""stereochemistry"": ""Not obvious from the given SMILES""
  ,
  ""general_medicinal_chemistry_notes"": ""This molecule has a moderate balance between lipophilicity and polarity, which is suitable for many drug-like compounds. The amide and ester functional groups suggest potential hydrogen bonding interactions with biological targets. The absence of rotatable bonds indicates a rigid structure, which may affect its pharmacokinetic properties. The high TPSA value suggests a polar molecule, which could impact its solubility and permeability. The aromatic ring and ester group may introduce metabolic soft spots, requiring careful consideration during drug design.""
"
622,"
  ""basic_identity"": 
    ""core_scaffold"": ""Aliphatic chain with a central cyclopentane ring""
  ,
  ""physicochemical_profile"": 
    ""size"": ""Medium"",
    ""lipophilicity"": ""Moderately lipophilic"",
    ""polarity"": ""Not polar"",
    ""hydrogen_bonding"": ""No hydrogen bond donors or acceptors"",
    ""flexibility"": ""Flexible"",
    ""charge_state"": ""Mostly neutral""
  ,
  ""structural_features"": 
    ""rings_and_aromaticity"": ""Contains a cyclopentane ring, no aromaticity"",
    ""key_functional_groups"": ""None"",
    ""substitution_pattern"": ""Substituents are attached to the cyclopentane ring"",
    ""stereochemistry"": ""Not obvious""
  ,
  ""general_medicinal_chemistry_notes"": ""This molecule has a moderate size and lipophilicity, but lacks hydrogen bonding donors or acceptors, which may limit its potential for binding to biological targets. The presence of a cyclopentane ring suggests some structural complexity, which could impact chemical stability or metabolic clearance. Further investigation is needed to assess its suitability as a drug candidate.""
"
623,"
  ""basic_identity"": 
    ""core_scaffold"": ""Aliphatic amine""
  ,
  ""physicochemical_profile"": 
    ""size"": ""small"",
    ""lipophilicity"": ""moderately lipophilic"",
    ""polarity"": ""moderately polar"",
    ""hydrogen_bonding"": ""contains one hydrogen bond donor and acceptor"",
    ""flexibility"": ""rigid"",
    ""charge_state"": ""mostly neutral""
  ,
  ""structural_features"": 
    ""rings_and_aromaticity"": ""contains one aromatic ring (benzene)"",
    ""key_functional_groups"": ""amide"",
    ""substitution_pattern"": ""substituent is attached to the amide nitrogen"",
    ""stereochemistry"": ""not obvious""
  ,
  ""general_medicinal_chemistry_notes"": ""This molecule has a moderate balance between lipophilicity and polarity, which is a common feature for many drugs. The presence of an amide group suggests potential hydrogen bonding interactions with biological targets. The lack of rotatable bonds indicates a rigid structure, which may affect its pharmacokinetic properties. The polar TPSA value suggests this molecule could be soluble in polar solvents. However, the exact solubility and other physicochemical properties would require further computational or experimental analysis.""
"
624,"
  ""basic_identity"": 
    ""core_scaffold"": ""aliphatic chain with iodine atom""
  ,
  ""physicochemical_profile"": 
    ""size"": ""medium"",
    ""lipophilicity"": ""high"",
    ""polarity"": ""low"",
    ""hydrogen_bonding"": ""none"",
    ""flexibility"": ""rigid"",
    ""charge_state"": ""neutral""
  ,
  ""structural_features"": 
    ""rings_and_aromaticity"": ""none"",
    ""key_functional_groups"": ""iodine"",
    ""substitution_pattern"": ""single substituent"",
    ""stereochemistry"": ""not obvious""
  ,
  ""general_medicinal_chemistry_notes"": ""This molecule is relatively large and lipophilic, which may impact its solubility and permeability. The iodine atom can potentially be a metabolic soft spot due to its reactivity. The lack of hydrogen bond donors or acceptors might limit its interactions with biological targets.""
"
625,"
  ""basic_identity"": 
    ""core_scaffold"": ""Aliphatic amine""
  ,
  ""physicochemical_profile"": 
    ""size"": ""Medium"",
    ""lipophilicity"": ""Moderately lipophilic"",
    ""polarity"": ""Polar"",
    ""hydrogen_bonding"": ""One hydrogen bond donor and two acceptors"",
    ""flexibility"": ""Fairly flexible"",
    ""charge_state"": ""Mostly neutral""
  ,
  ""structural_features"": 
    ""rings_and_aromaticity"": ""One aromatic ring (benzene)"",
    ""key_functional_groups"": ""Amide"",
    ""substitution_pattern"": ""One substituent on the amide nitrogen"",
    ""stereochemistry"": ""Not obvious""
  ,
  ""general_medicinal_chemistry_notes"": ""This molecule has a moderate balance between lipophilicity and polarity, with a polar amide group and a moderately lipophilic benzene ring. The polar nature and the presence of an amide group suggest potential hydrogen bonding interactions. The molecule is flexible due to the rotatable bond between the benzene ring and the amide group. The exact charge state at physiological pH is uncertain, but it is likely to be mostly neutral. The molecule's size and polar nature may make it less suitable for oral drug-like properties, but this is a rough assessment and further investigation would be needed.""
"
626,"
  ""basic_identity"": 
    ""core_scaffold"": ""aliphatic diene""
  ,
  ""physicochemical_profile"": 
    ""size"": ""small"",
    ""lipophilicity"": ""moderate"",
    ""polarity"": ""low"",
    ""hydrogen_bonding"": ""none"",
    ""flexibility"": ""rigid"",
    ""charge_state"": ""uncharged""
  ,
  ""structural_features"": 
    ""rings_and_aromaticity"": ""none"",
    ""key_functional_groups"": ""none"",
    ""substitution_pattern"": ""none"",
    ""stereochemistry"": ""not obvious""
  ,
  ""general_medicinal_chemistry_notes"": ""This molecule is small and relatively non-polar, which may make it difficult to solubilize in aqueous solutions. The lack of hydrogen bond donors or acceptors suggests it may not interact strongly with biological targets. The absence of aromatic rings or functional groups implies limited chemical reactivity, but the lack of rotatable bonds suggests it may be rigid, potentially limiting its ability to bind to complex targets.""
"
627,"
  ""basic_identity"": 
    ""core_scaffold"": ""Aliphatic carboxylic acid with two fluorine atoms on the alpha carbon""
  ,
  ""physicochemical_profile"": 
    ""size"": ""Medium"",
    ""lipophilicity"": ""Moderately lipophilic due to the presence of alkyl and halogen substituents"",
    ""polarity"": ""Polar due to the carboxylic acid group"",
    ""hydrogen_bonding"": ""One hydrogen bond donor (carboxylic acid) and one hydrogen bond acceptor (carbonyl)"",
    ""flexibility"": ""Rigid"",
    ""charge_state"": ""Mostly neutral""
  ,
  ""structural_features"": 
    ""rings_and_aromaticity"": ""No rings or aromaticity"",
    ""key_functional_groups"": ""Carboxylic acid"",
    ""substitution_pattern"": ""Two fluorine atoms are attached to the alpha carbon of the carboxylic acid"",
    ""stereochemistry"": ""Not obvious""
  ,
  ""general_medicinal_chemistry_notes"": ""This molecule has a moderate balance between lipophilicity and polarity, which is a common feature of many drugs. The presence of fluorine atoms may improve metabolic stability, but the carboxylic acid group could make the molecule prone to hydrolysis. The lack of rotatable bonds suggests that the molecule may have limited conformational flexibility, which could affect its binding to biological targets.""
"
628,"
  ""basic_identity"": 
    ""core_scaffold"": ""aliphatic chain with two methylene groups and one amide""
  ,
  ""physicochemical_profile"": 
    ""size"": ""small"",
    ""lipophilicity"": ""moderate"",
    ""polarity"": ""moderate"",
    ""hydrogen_bonding"": ""one hydrogen bond donor and acceptor"",
    ""flexibility"": ""one rotatable bond"",
    ""charge_state"": ""mostly neutral""
  ,
  ""structural_features"": 
    ""rings_and_aromaticity"": ""no rings or aromaticity"",
    ""key_functional_groups"": ""amide"",
    ""substitution_pattern"": ""two methylene groups attached to the amide"",
    ""stereochemistry"": ""not obvious""
  ,
  ""general_medicinal_chemistry_notes"": ""This molecule has a moderate balance between lipophilicity and polarity, with a moderate number of rotatable bonds. The amide functional group suggests potential hydrogen bonding interactions, but the overall polarity may limit its oral drug-like properties. The lack of aromatic rings or other electron-rich moieties may affect its chemical stability.""
"
629,"
  ""basic_identity"": 
    ""core_scaffold"": ""Aliphatic amine""
  ,
  ""physicochemical_profile"": 
    ""size"": ""Medium"",
    ""lipophilicity"": ""Moderately lipophilic"",
    ""polarity"": ""Polar"",
    ""hydrogen_bonding"": ""One hydrogen bond donor and three acceptors"",
    ""flexibility"": ""Flexible"",
    ""charge_state"": ""Mostly neutral""
  ,
  ""structural_features"": 
    ""rings_and_aromaticity"": ""One aromatic ring (benzene)"",
    ""key_functional_groups"": ""Amide"",
    ""substitution_pattern"": ""Single substituent on the amide nitrogen"",
    ""stereochemistry"": ""Not obvious""
  ,
  ""general_medicinal_chemistry_notes"": ""This molecule has a balance between lipophilicity and polarity, with a polar amide group and moderate lipophilicity.The presence of an aromatic ring and multiple hydrogen bond acceptors suggests potential for hydrophobic-hydrophilic interactions.The polar amide group may be susceptible to hydrolysis, which could affect chemical stability.The moderate size and balance of properties make this molecule a candidate for further exploration.""
"
630,"
  ""basic_identity"": 
    ""core_scaffold"": ""Biphenyl""
  ,
  ""physicochemical_profile"": 
    ""size"": ""small"",
    ""lipophilicity"": ""high"",
    ""polarity"": ""low"",
    ""hydrogen_bonding"": ""none"",
    ""flexibility"": ""rigid"",
    ""charge_state"": ""neutral""
  ,
  ""structural_features"": 
    ""rings_and_aromaticity"": ""Two aromatic rings connected through a single bond (biphenyl)"",
    ""key_functional_groups"": ""None"",
    ""substitution_pattern"": ""Two methylene bridges between the rings"",
    ""stereochemistry"": ""Not obvious""
  ,
  ""general_medicinal_chemistry_notes"": ""This molecule is relatively small and lipophilic, which may aid in membrane permeation. However, the lack of polar functional groups and hydrogen bond donors/acceptors could limit its solubility and biological activity. The biphenyl scaffold is a common feature in many pharmaceuticals, but its metabolic stability and drug-likeness depend on the specific substitution pattern.""
"
631,"
  ""basic_identity"": 
    ""core_scaffold"": ""Tetrafluorobenzenesulfonate""
  ,
  ""physicochemical_profile"": 
    ""size"": ""medium"",
    ""lipophilicity"": ""high"",
    ""polarity"": ""low"",
    ""hydrogen_bonding"": ""none"",
    ""flexibility"": ""rigid"",
    ""charge_state"": ""mostly neutral""
  ,
  ""structural_features"": 
    ""rings_and_aromaticity"": ""One aromatic benzene ring with four fluorine substituents"",
    ""key_functional_groups"": ""Sulfonate"",
    ""substitution_pattern"": ""All substituents are attached to the benzene ring"",
    ""stereochemistry"": ""Not obvious""
  ,
  ""general_medicinal_chemistry_notes"": ""This molecule has a high lipophilicity, which may be beneficial for drug-like properties, but its low polarity and lack of hydrogen bond donors could limit its solubility and interactions with biological targets. The presence of four fluorine atoms may enhance its lipophilicity and metabolic stability, but it could also make the molecule more reactive. The sulfonate group suggests a strong acidic character, which may affect its pharmacokinetics and pharmacodynamics.""
"
632,"
  ""basic_identity"": 
    ""core_scaffold"": ""Aliphatic chain with a ketone and an alkene""
  ,
  ""physicochemical_profile"": 
    ""size"": ""Medium"",
    ""lipophilicity"": ""Moderately lipophilic"",
    ""polarity"": ""Moderately polar"",
    ""hydrogen_bonding"": ""No hydrogen bond donors or acceptors"",
    ""flexibility"": ""Flexible"",
    ""charge_state"": ""Mostly neutral""
  ,
  ""structural_features"": 
    ""rings_and_aromaticity"": ""No rings or aromaticity"",
    ""key_functional_groups"": ""Ketone, alkene"",
    ""substitution_pattern"": ""Linear"",
    ""stereochemistry"": ""Not obvious""
  ,
  ""general_medicinal_chemistry_notes"": ""This molecule has a moderate balance between lipophilicity and polarity, but its flexibility and lack of hydrogen bonding donors may limit its potential as a drug candidate. The presence of a ketone and alkene functional groups could impact its chemical stability and metabolic fate.""
"
633,"
  ""basic_identity"": 
    ""core_scaffold"": ""aliphatic chain""
  ,
  ""physicochemical_profile"": 
    ""size"": ""medium"",
    ""lipophilicity"": ""moderately lipophilic"",
    ""polarity"": ""low"",
    ""hydrogen_bonding"": ""no hydrogen bond donors or acceptors"",
    ""flexibility"": ""flexible"",
    ""charge_state"": ""mostly neutral""
  ,
  ""structural_features"": 
    ""rings_and_aromaticity"": ""no rings or aromaticity"",
    ""key_functional_groups"": ""none"",
    ""substitution_pattern"": ""linear"",
    ""stereochemistry"": ""not obvious""
  ,
  ""general_medicinal_chemistry_notes"": ""This molecule has a moderate lipophilicity and low polarity, which may make it suitable for certain drug-like properties. However, the lack of hydrogen bond donors or acceptors could limit its interactions with biological targets. The absence of aromatic rings or other complex structural features suggests it may be chemically stable. The medium size and flexibility could potentially impact its pharmacokinetics.""
"
634,"
  ""basic_identity"": 
    ""core_scaffold"": ""Aliphatic amine with a benzene ring and a sulfur-containing amide""
  ,
  ""physicochemical_profile"": 
    ""size"": ""Medium"",
    ""lipophilicity"": ""Moderately lipophilic"",
    ""polarity"": ""Moderately polar"",
    ""hydrogen_bonding"": ""No hydrogen bond donors, six hydrogen bond acceptors"",
    ""flexibility"": ""Flexible"",
    ""charge_state"": ""Mostly neutral""
  ,
  ""structural_features"": 
    ""rings_and_aromaticity"": ""One aromatic benzene ring"",
    ""key_functional_groups"": ""Amide, ester, and tertiary amine"",
    ""substitution_pattern"": ""Substituents are attached to the benzene ring and the amide"",
    ""stereochemistry"": ""Not obvious""
  ,
  ""general_medicinal_chemistry_notes"": ""This molecule has a balance between lipophilicity and polarity, with a moderate size. It contains a tertiary amine, which may affect its chemical stability. The presence of an ester and a sulfur-containing amide suggests potential metabolic soft spots. The lack of hydrogen bond donors may limit its interaction with biological targets.""
"
635,"
  ""basic_identity"": 
    ""core_scaffold"": ""Aliphatic chain with a carboxylic acid ester and an ethereal oxygen""
  ,
  ""physicochemical_profile"": 
    ""size"": ""Medium"",
    ""lipophilicity"": ""Moderately lipophilic"",
    ""polarity"": ""Moderately polar"",
    ""hydrogen_bonding"": ""No hydrogen bond donors or acceptors"",
    ""flexibility"": ""Flexible"",
    ""charge_state"": ""Neutral""
  ,
  ""structural_features"": 
    ""rings_and_aromaticity"": ""No rings or aromaticity"",
    ""key_functional_groups"": ""Carboxylic acid ester, Ether"",
    ""substitution_pattern"": ""The ester and ether are attached to the central carbon chain"",
    ""stereochemistry"": ""Not obvious""
  ,
  ""general_medicinal_chemistry_notes"": ""This molecule has a moderate balance between lipophilicity and polarity, which is common for many drug-like molecules. However, the lack of hydrogen bond donors or acceptors may limit its interactions with biological targets. The ester and ether functional groups suggest potential chemical instability, especially in aqueous solutions.""
"
636,"
  ""basic_identity"": 
    ""core_scaffold"": ""Aliphatic amine""
  ,
  ""physicochemical_profile"": 
    ""size"": ""small"",
    ""lipophilicity"": ""moderate"",
    ""polarity"": ""moderate"",
    ""hydrogen_bonding"": ""contains one hydrogen bond donor and acceptor"",
    ""flexibility"": ""rigid"",
    ""charge_state"": ""mostly neutral""
  ,
  ""structural_features"": 
    ""rings_and_aromaticity"": ""No rings or aromaticity"",
    ""key_functional_groups"": ""Aliphatic amine"",
    ""substitution_pattern"": ""Substituent is directly attached to the nitrogen atom"",
    ""stereochemistry"": ""Not obvious""
  ,
  ""general_medicinal_chemistry_notes"": ""This molecule is relatively small and has a moderate balance between lipophilicity and polarity, which is common for many drugs. The presence of an amine group may suggest potential basicity and ionizable properties. The lack of rotatable bonds and aromatic rings indicates a rigid structure, which could affect its pharmacokinetics and pharmacodynamics. The presence of only one hydrogen bond donor and acceptor suggests limited hydrogen bonding capacity.""
"
637,"
  ""basic_identity"": 
    ""core_scaffold"": ""Aliphatic amide with a single aromatic ring""
  ,
  ""physicochemical_profile"": 
    ""size"": ""Medium"",
    ""lipophilicity"": ""Moderately lipophilic"",
    ""polarity"": ""Polar"",
    ""hydrogen_bonding"": ""One hydrogen bond donor and two acceptors"",
    ""flexibility"": ""Fairly flexible"",
    ""charge_state"": ""Mostly neutral""
  ,
  ""structural_features"": 
    ""rings_and_aromaticity"": ""Contains a single aromatic benzene ring"",
    ""key_functional_groups"": ""Amide"",
    ""substitution_pattern"": ""Single ester substituent at the benzene ring"",
    ""stereochemistry"": ""Not obvious""
  ,
  ""general_medicinal_chemistry_notes"": ""This molecule has a balance between lipophilicity and polarity, with a moderate XLogP value and a high TPSA. The presence of an aromatic ring and an amide functional group suggests potential for hydrophobic-hydrophilic interactions. The ester group may be prone to hydrolysis in vivo. The overall size and polarity may make this molecule less suitable for oral drug-like properties.""
"
638,"
  ""basic_identity"": 
    ""core_scaffold"": ""linear alkane with one chlorine atom""
  ,
  ""physicochemical_profile"": 
    ""size"": ""medium"",
    ""lipophilicity"": ""high"",
    ""polarity"": ""low"",
    ""hydrogen_bonding"": ""none"",
    ""flexibility"": ""moderate"",
    ""charge_state"": ""mostly neutral""
  ,
  ""structural_features"": 
    ""rings_and_aromaticity"": ""no rings, no aromaticity"",
    ""key_functional_groups"": ""chloroalkane"",
    ""substitution_pattern"": ""terminal substitution"",
    ""stereochemistry"": ""not obvious""
  ,
  ""general_medicinal_chemistry_notes"": ""This molecule is relatively large for a small-molecule drug, with a medium size and high lipophilicity. Its low polarity and lack of hydrogen bonding donors/acceptors may limit its interaction with biological targets. The presence of a chlorine atom may affect its chemical stability and metabolic fate.""
"
639,"
  ""basic_identity"": 
    ""core_scaffold"": ""Aliphatic ester""
  ,
  ""physicochemical_profile"": 
    ""size"": ""small"",
    ""lipophilicity"": ""slightly lipophilic"",
    ""polarity"": ""polar"",
    ""hydrogen_bonding"": ""no hydrogen bond donors or acceptors"",
    ""flexibility"": ""rigid"",
    ""charge_state"": ""neutral""
  ,
  ""structural_features"": 
    ""rings_and_aromaticity"": ""No rings or aromaticity"",
    ""key_functional_groups"": ""ester"",
    ""substitution_pattern"": ""No substituents"",
    ""stereochemistry"": ""Not obvious""
  ,
  ""general_medicinal_chemistry_notes"": ""This molecule is relatively small and polar, with no hydrogen bond donors or acceptors. The ester functional group may be susceptible to hydrolysis, which could affect its stability and pharmacokinetics. The lack of hydrogen bond donors or acceptors might limit its potential for interacting with biological targets.""
"
